nlist,nprobe,batch,valid_queries,selections,union_lists,overlap_factor,union_pages,union_vectors,scanned_fraction,own_vectors_mean,extra_scan_factor,active_workers,worker_pages_max,worker_pages_mean,imbalance,worker_lists_max,largest_list_pages,scheduled_union_lists,scheduled_union_pages,scheduled_union_vectors,padded_selections
512,1,0,32,32,31,1.032258065,2631,83698,0.070719907,2712.562500000,30.855694569,27,179,41.761904762,4.286202965,2,169,31,2631,83698,0
512,1,1,32,32,32,1.000000000,2950,93862,0.079307892,2933.187500000,32.000000000,27,212,46.825396825,4.527457627,2,212,32,2950,93862,0
512,1,2,32,32,32,1.000000000,3022,96145,0.081236893,3004.531250000,32.000000000,26,212,47.968253968,4.419589676,3,212,32,3022,96145,0
512,1,3,32,32,31,1.032258065,2319,73699,0.062271338,2403.531250000,30.662800827,25,141,36.809523810,3.830530401,2,125,31,2319,73699,0
512,1,4,32,32,30,1.066666667,2806,89243,0.075405107,3072.562500000,29.045137406,28,193,44.539682540,4.333214540,2,167,30,2806,89243,0
512,1,5,32,32,30,1.066666667,2350,74775,0.063180495,2512.062500000,29.766377230,24,189,37.301587302,5.066808511,3,143,30,2350,74775,0
512,1,6,32,32,30,1.066666667,2706,86090,0.072741007,2811.375000000,30.622026588,26,212,42.952380952,4.935698448,2,212,30,2706,86090,0
512,1,7,32,32,30,1.066666667,2846,90570,0.076526344,3003.968750000,30.150113912,29,212,45.174603175,4.692902319,2,212,30,2846,90570,0
512,1,8,32,32,31,1.032258065,3099,98739,0.083428671,3212.968750000,30.731391334,30,212,49.190476190,4.309777348,2,212,31,3099,98739,0
512,1,9,32,32,31,1.032258065,2604,82755,0.069923127,2646.031250000,31.275140836,28,212,41.333333333,5.129032258,2,212,31,2604,82755,0
512,1,10,32,32,31,1.032258065,2652,84364,0.071282638,2778.312500000,30.365194700,27,158,42.095238095,3.753393665,2,158,31,2652,84364,0
512,1,11,32,32,32,1.000000000,2461,78160,0.066040621,2442.500000000,32.000000000,26,171,39.063492063,4.377488826,2,137,32,2461,78160,0
512,1,12,32,32,30,1.066666667,2695,85799,0.072495129,2910.593750000,29.478177777,25,212,42.777777778,4.955844156,2,212,30,2695,85799,0
512,1,13,32,32,31,1.032258065,2592,82452,0.069667110,2658.468750000,31.014846422,27,167,41.142857143,4.059027778,2,167,31,2592,82452,0
512,1,14,32,32,32,1.000000000,2576,82012,0.069295336,2562.875000000,32.000000000,25,169,40.888888889,4.133152174,2,169,32,2576,82012,0
512,1,15,32,32,29,1.103448276,2244,71355,0.060290795,2435.093750000,29.302773251,25,171,35.619047619,4.800802139,2,147,29,2244,71355,0
512,1,16,32,32,30,1.066666667,2488,79193,0.066913446,2753.062500000,28.765420327,24,197,39.492063492,4.988344051,2,166,30,2488,79193,0
512,1,17,32,32,32,1.000000000,2709,86190,0.072825501,2693.437500000,32.000000000,24,212,43.000000000,4.930232558,2,212,32,2709,86190,0
512,1,18,32,32,32,1.000000000,2496,79359,0.067053706,2479.968750000,32.000000000,27,166,39.619047619,4.189903846,3,166,32,2496,79359,0
512,1,19,32,32,32,1.000000000,2544,80857,0.068319428,2526.781250000,32.000000000,26,167,40.380952381,4.135613208,2,166,32,2544,80857,0
512,1,20,32,32,31,1.032258065,2642,83989,0.070965785,2782.156250000,30.188455447,24,196,41.936507937,4.673732021,2,158,31,2642,83989,0
512,1,21,32,32,32,1.000000000,2688,85476,0.072222213,2671.125000000,32.000000000,28,167,42.666666667,3.914062500,2,167,32,2688,85476,0
512,1,22,32,32,30,1.066666667,2703,85978,0.072646373,2882.781250000,29.824670186,26,212,42.904761905,4.941176471,2,212,30,2703,85978,0
512,1,23,32,32,32,1.000000000,2655,84516,0.071411069,2641.125000000,32.000000000,28,195,42.142857143,4.627118644,2,175,32,2655,84516,0
512,1,24,32,32,31,1.032258065,2721,86620,0.073188826,2805.937500000,30.870252812,29,175,43.190476190,4.051819184,2,175,31,2721,86620,0
512,1,25,32,32,30,1.066666667,2455,78065,0.065960352,2692.437500000,28.994173495,27,158,38.968253968,4.054582485,2,158,30,2455,78065,0
512,1,26,32,32,29,1.103448276,2578,82082,0.069354482,2782.593750000,29.498377189,27,169,40.920634921,4.129945694,2,169,29,2578,82082,0
512,1,27,32,32,31,1.032258065,2811,89501,0.075623102,2871.781250000,31.165674614,27,172,44.619047619,3.854855923,2,158,31,2811,89501,0
512,1,28,32,32,31,1.032258065,3054,97302,0.082214490,3118.343750000,31.203102609,28,175,48.476190476,3.610019646,2,175,31,3054,97302,0
512,1,29,32,32,30,1.066666667,2417,76833,0.064919384,2533.750000000,30.323828318,26,162,38.365079365,4.222589988,2,156,30,2417,76833,0
512,1,30,32,32,32,1.000000000,2638,83879,0.070872841,2621.218750000,32.000000000,29,185,41.873015873,4.418119788,2,154,32,2638,83879,0
512,1,31,32,32,31,1.032258065,2833,90197,0.076211181,2915.593750000,30.936065767,25,175,44.968253968,3.891634310,3,175,31,2833,90197,0
512,1,32,32,32,32,1.000000000,3040,96689,0.081696541,3021.531250000,32.000000000,29,212,48.253968254,4.393421053,2,212,32,3040,96689,0
512,1,33,32,32,29,1.103448276,2573,81861,0.069167750,2890.656250000,28.319174928,27,175,40.841269841,4.284881461,2,175,29,2573,81861,0
512,1,34,32,32,32,1.000000000,2669,84928,0.071759185,2654.000000000,32.000000000,27,183,42.365079365,4.319595354,2,145,32,2669,84928,0
512,1,35,32,32,29,1.103448276,2534,80634,0.068131006,2663.562500000,30.272989652,25,212,40.222222222,5.270718232,2,212,29,2534,80634,0
512,1,36,32,32,31,1.032258065,2427,77136,0.065175401,2497.531250000,30.884898838,28,169,38.523809524,4.386897404,2,169,31,2427,77136,0
512,1,37,32,32,31,1.032258065,2725,86743,0.073292754,2819.406250000,30.766406934,28,167,43.253968254,3.860917431,2,167,31,2725,86743,0
512,1,38,32,32,30,1.066666667,2585,82258,0.069503191,2752.625000000,29.883474865,28,164,41.031746032,3.996905222,2,156,30,2585,82258,0
512,1,39,32,32,30,1.066666667,2753,87593,0.074010954,2968.187500000,29.510602009,27,169,43.698412698,3.867417363,2,169,30,2753,87593,0
512,1,40,32,32,32,1.000000000,2717,86435,0.073032512,2701.093750000,32.000000000,29,184,43.126984127,4.266470372,2,156,32,2717,86435,0
512,1,41,32,32,32,1.000000000,2443,77675,0.065630825,2427.343750000,32.000000000,24,168,38.777777778,4.332378223,3,142,32,2443,77675,0
512,1,42,32,32,32,1.000000000,2567,81536,0.068893144,2548.000000000,32.000000000,24,167,40.746031746,4.098558629,2,167,32,2567,81536,0
512,1,43,32,32,31,1.032258065,2843,90489,0.076457904,2943.656250000,30.740342049,28,175,45.126984127,3.877945832,2,175,31,2843,90489,0
512,1,44,32,32,30,1.066666667,2666,84835,0.071680605,2982.812500000,28.441278156,25,167,42.317460317,3.946361590,2,167,30,2666,84835,0
512,1,45,32,32,31,1.032258065,2752,87612,0.074027008,2844.625000000,30.799138727,28,159,43.682539683,3.639898256,3,142,31,2752,87612,0
512,1,46,32,32,30,1.066666667,2334,74192,0.062687894,2473.687500000,29.992470755,26,175,37.047619048,4.723650386,2,175,30,2334,74192,0
512,1,47,32,32,31,1.032258065,2449,77877,0.065801503,2570.250000000,30.299387219,27,161,38.873015873,4.141690486,3,137,31,2449,77877,0
512,1,48,32,32,31,1.032258065,2278,72439,0.061206712,2321.687500000,31.201012195,24,156,36.158730159,4.314310799,3,148,31,2278,72439,0
512,1,49,32,32,30,1.066666667,2464,78341,0.066193556,2597.156250000,30.164145881,24,212,39.111111111,5.420454545,3,212,30,2464,78341,0
512,1,50,32,32,30,1.066666667,2885,91797,0.077563088,3036.750000000,30.228698444,27,212,45.793650794,4.629462738,2,212,30,2885,91797,0
512,1,51,32,32,32,1.000000000,2660,84546,0.071436417,2642.062500000,32.000000000,25,177,42.222222222,4.192105263,2,150,32,2660,84546,0
512,1,52,32,32,31,1.032258065,2681,85184,0.071975490,2770.187500000,30.750265099,25,171,42.555555556,4.018276762,2,166,31,2681,85184,0
512,1,53,32,32,30,1.066666667,2543,80909,0.068363365,2771.468750000,29.193545841,22,182,40.365079365,4.508847818,3,175,30,2543,80909,0
512,1,54,32,32,31,1.032258065,2783,88605,0.074866035,2883.750000000,30.725617685,29,170,44.174603175,3.848365074,2,147,31,2783,88605,0
512,1,55,32,32,31,1.032258065,2801,89097,0.075281746,2862.593750000,31.124570156,25,156,44.460317460,3.508746876,3,148,31,2801,89097,0
512,1,56,32,32,31,1.032258065,2629,83619,0.070653157,2721.281250000,30.727805147,24,212,41.730158730,5.080258653,2,212,31,2629,83619,0
512,1,57,32,32,31,1.032258065,2407,76555,0.064684490,2467.218750000,31.028866005,25,171,38.206349206,4.475695887,2,142,31,2407,76555,0
512,1,58,32,32,31,1.032258065,2247,71496,0.060409932,2376.468750000,30.084973766,23,198,35.666666667,5.551401869,3,143,31,2247,71496,0
512,1,59,32,32,32,1.000000000,2491,79108,0.066841626,2472.125000000,32.000000000,25,171,39.539682540,4.324769169,3,147,32,2491,79108,0
512,1,60,32,32,31,1.032258065,2726,86791,0.073333311,2874.062500000,30.198021094,28,162,43.269841270,3.743947175,2,162,31,2726,86791,0
512,1,61,32,32,29,1.103448276,2764,87963,0.074323582,3163.593750000,27.804771077,24,212,43.873015873,4.832127352,2,212,29,2764,87963,0
512,1,62,32,32,32,1.000000000,2975,94643,0.079967791,2957.593750000,32.000000000,26,186,47.222222222,3.938823529,3,166,32,2975,94643,0
512,1,63,32,32,32,1.000000000,2529,80407,0.067939205,2512.718750000,32.000000000,25,167,40.142857143,4.160142349,3,167,32,2529,80407,0
512,1,64,32,32,31,1.032258065,2676,85121,0.071922259,2755.531250000,30.890957960,27,191,42.476190476,4.496636771,2,167,31,2676,85121,0
512,1,65,32,32,30,1.066666667,2706,86123,0.072768890,3113.406250000,27.661985968,28,212,42.952380952,4.935698448,2,212,30,2706,86123,0
512,1,66,32,32,31,1.032258065,2483,79003,0.066752907,2575.968750000,30.669238515,25,198,39.412698413,5.023761579,3,162,31,2483,79003,0
512,1,67,32,32,32,1.000000000,2939,93600,0.079086517,2925.000000000,32.000000000,28,175,46.650793651,3.751275944,2,175,32,2939,93600,0
512,1,68,32,32,27,1.185185185,2278,72489,0.061248959,2578.000000000,28.118308766,24,169,36.158730159,4.673836699,2,169,27,2278,72489,0
512,1,69,32,32,31,1.032258065,2761,87820,0.074202756,2810.031250000,31.252321482,25,173,43.825396825,3.947482796,3,162,31,2761,87820,0
512,1,70,32,32,31,1.032258065,2597,82650,0.069834408,2638.968750000,31.319052187,26,175,41.222222222,4.245283019,2,175,31,2597,82650,0
512,1,71,32,32,30,1.066666667,2427,77189,0.065220183,2532.625000000,30.477863876,23,178,38.523809524,4.620519159,2,117,30,2427,77189,0
512,1,72,32,32,30,1.066666667,2611,83059,0.070179989,2712.468750000,30.621182272,27,169,41.444444444,4.077747989,2,169,30,2611,83059,0
512,1,73,32,32,31,1.032258065,2774,88323,0.074627761,2881.562500000,30.651079059,28,167,44.031746032,3.792718097,2,167,31,2774,88323,0
512,1,74,32,32,29,1.103448276,2364,75150,0.063497348,2709.562500000,27.735104837,25,171,37.523809524,4.557106599,3,142,29,2364,75150,0
512,1,75,32,32,31,1.032258065,2618,83342,0.070419108,2706.718750000,30.790786815,30,175,41.555555556,4.211229947,2,175,31,2618,83342,0
512,1,76,32,32,32,1.000000000,2966,94395,0.079758245,2949.843750000,32.000000000,29,212,47.079365079,4.503034390,2,212,32,2966,94395,0
512,1,77,32,32,32,1.000000000,2799,89043,0.075236119,2782.593750000,32.000000000,29,179,44.428571429,4.028938907,2,175,32,2799,89043,0
512,1,78,32,32,31,1.032258065,2647,84219,0.071160121,2666.250000000,31.587060478,24,193,42.015873016,4.593502078,3,169,31,2647,84219,0
512,1,79,32,32,31,1.032258065,2543,80948,0.068396318,2604.812500000,31.076325071,27,148,40.365079365,3.666535588,2,148,31,2543,80948,0
512,1,80,32,32,31,1.032258065,2541,80803,0.068273802,2678.125000000,30.171481914,29,155,40.333333333,3.842975207,2,154,31,2541,80803,0
512,1,81,32,32,30,1.066666667,2412,76793,0.064885586,2553.781250000,30.070312404,25,176,38.285714286,4.597014925,2,158,30,2412,76793,0
512,1,82,32,32,32,1.000000000,2619,83274,0.070361652,2602.312500000,32.000000000,29,169,41.571428571,4.065292096,2,169,32,2619,83274,0
512,1,83,32,32,32,1.000000000,2733,86971,0.073485400,2717.843750000,32.000000000,26,212,43.380952381,4.886937431,3,212,32,2733,86971,0
512,1,84,32,32,30,1.066666667,2655,84479,0.071379806,2866.750000000,29.468561960,26,175,42.142857143,4.152542373,3,175,30,2655,84479,0
512,1,85,32,32,30,1.066666667,2693,85719,0.072427534,2926.406250000,29.291558546,27,179,42.746031746,4.187523208,2,162,30,2693,85719,0
512,1,86,32,32,32,1.000000000,2755,87695,0.074097138,2740.468750000,32.000000000,28,190,43.730158730,4.344827586,2,167,32,2755,87695,0
512,1,87,32,32,28,1.142857143,2446,77832,0.065763481,2848.375000000,27.325053759,26,147,38.825396825,3.786181521,2,147,28,2446,77832,0
512,1,88,32,32,28,1.142857143,2400,76306,0.064474100,2819.218750000,27.066363687,25,158,38.095238095,4.147500000,2,158,28,2400,76306,0
512,1,89,32,32,32,1.000000000,2650,84299,0.071227717,2634.343750000,32.000000000,29,166,42.063492063,3.946415094,2,136,32,2650,84299,0
512,1,90,32,32,32,1.000000000,2652,84377,0.071293622,2636.781250000,32.000000000,29,172,42.095238095,4.085972851,2,167,32,2652,84377,0
512,1,91,32,32,31,1.032258065,2876,91567,0.077368751,2980.937500000,30.717517559,27,212,45.650793651,4.643949930,3,212,31,2876,91567,0
512,1,92,32,32,31,1.032258065,2684,85496,0.072239112,2754.062500000,31.043594690,28,166,42.603174603,3.896423249,2,147,31,2684,85496,0
512,1,93,32,32,30,1.066666667,2592,82528,0.069731326,2790.562500000,29.573965822,25,175,41.142857143,4.253472222,2,175,30,2592,82528,0
512,1,94,32,32,29,1.103448276,2537,80737,0.068218035,2809.906250000,28.732987088,26,164,40.269841270,4.072526606,2,156,29,2537,80737,0
512,1,95,32,32,30,1.066666667,2545,80958,0.068404767,2845.468750000,28.451551260,27,175,40.396825397,4.332023576,2,175,30,2545,80958,0
512,1,96,32,32,32,1.000000000,2847,90554,0.076512825,2829.812500000,32.000000000,26,172,45.190476190,3.806111697,3,166,32,2847,90554,0
512,1,97,32,32,32,1.000000000,2905,92511,0.078166376,2890.968750000,32.000000000,29,196,46.111111111,4.250602410,2,167,32,2905,92511,0
512,1,98,32,32,31,1.032258065,2687,85465,0.072212918,2771.218750000,30.840221473,24,167,42.650793651,3.915519166,2,167,31,2687,85465,0
512,1,99,32,32,32,1.000000000,2648,84276,0.071208283,2633.625000000,32.000000000,29,160,42.031746032,3.806646526,3,148,32,2648,84276,0
512,1,100,32,32,30,1.066666667,2355,74875,0.063264989,2555.687500000,29.297400406,26,145,37.380952381,3.878980892,2,143,30,2355,74875,0
512,1,101,32,32,31,1.032258065,2650,84308,0.071235321,2809.531250000,30.007852733,25,193,42.063492063,4.588301887,2,175,31,2650,84308,0
512,1,102,32,32,31,1.032258065,2695,85755,0.072457951,2765.531250000,31.008508763,28,158,42.777777778,3.693506494,2,158,31,2695,85755,0
512,1,103,32,32,31,1.032258065,2636,83814,0.070817920,2787.531250000,30.067465611,26,212,41.841269841,5.066767830,3,212,31,2636,83814,0
512,1,104,32,32,32,1.000000000,2716,86432,0.073029977,2701.000000000,32.000000000,27,175,43.111111111,4.059278351,3,175,32,2716,86432,0
512,1,105,32,32,31,1.032258065,2839,90355,0.076344682,2883.500000000,31.335182937,26,212,45.063492063,4.704473406,2,212,31,2839,90355,0
512,1,106,32,32,31,1.032258065,2608,82906,0.070050713,2629.937500000,31.523943059,26,171,41.396825397,4.130751534,3,154,31,2608,82906,0
512,1,107,32,32,32,1.000000000,2694,85741,0.072446122,2679.406250000,32.000000000,26,172,42.761904762,4.022271715,3,169,32,2694,85741,0
512,1,108,32,32,31,1.032258065,2591,82401,0.069624018,2630.812500000,31.321502388,25,175,41.126984127,4.255113856,2,175,31,2591,82401,0
512,1,109,32,32,32,1.000000000,2578,81976,0.069264918,2561.750000000,32.000000000,26,166,40.920634921,4.056633049,3,166,32,2578,81976,0
512,1,110,32,32,31,1.032258065,2721,86645,0.073209949,2882.562500000,30.058324841,26,175,43.190476190,4.051819184,2,175,31,2721,86645,0
512,1,111,32,32,30,1.066666667,2608,82943,0.070081976,2705.437500000,30.657888050,26,212,41.396825397,5.121165644,2,212,30,2608,82943,0
512,1,112,32,32,30,1.066666667,2390,76031,0.064241741,2526.937500000,30.088199649,26,174,37.936507937,4.586610879,2,142,30,2390,76031,0
512,1,113,32,32,32,1.000000000,2655,84440,0.071346854,2638.750000000,32.000000000,28,162,42.142857143,3.844067797,2,162,32,2655,84440,0
512,1,114,32,32,31,1.032258065,2798,89014,0.075211616,2923.375000000,30.449052893,26,166,44.412698413,3.737669764,3,166,31,2798,89014,0
512,1,115,32,32,32,1.000000000,2492,79184,0.066905841,2474.500000000,32.000000000,28,162,39.555555556,4.095505618,2,147,32,2492,79184,0
512,1,116,32,32,31,1.032258065,2730,86826,0.073362884,2829.812500000,30.682598229,27,212,43.333333333,4.892307692,2,212,31,2730,86826,0
512,1,117,32,32,32,1.000000000,2540,80754,0.068232399,2523.562500000,32.000000000,26,169,40.317460317,4.191732283,3,169,32,2540,80754,0
512,1,118,32,32,30,1.066666667,2527,80432,0.067960328,2637.187500000,30.499158668,25,181,40.111111111,4.512465374,2,162,30,2527,80432,0
512,1,119,32,32,29,1.103448276,2714,86364,0.072972521,2980.781250000,28.973612203,23,190,43.079365079,4.410464259,2,156,29,2714,86364,0
512,1,120,32,32,30,1.066666667,2958,94182,0.079578273,3179.906250000,29.617854300,25,195,46.952380952,4.153144016,2,162,30,2958,94182,0
512,1,121,32,32,29,1.103448276,2442,77760,0.065702645,2625.843750000,29.613338570,24,212,38.761904762,5.469287469,2,212,29,2442,77760,0
512,1,122,32,32,31,1.032258065,2473,78650,0.066454643,2543.593750000,30.920818232,27,173,39.253968254,4.407197736,2,143,31,2473,78650,0
512,1,123,32,32,32,1.000000000,2994,95369,0.080581218,2980.281250000,32.000000000,30,193,47.523809524,4.061122244,2,175,32,2994,95369,0
512,1,124,32,32,31,1.032258065,2337,74331,0.062805341,2420.625000000,30.707358637,25,175,37.095238095,4.717586650,2,175,31,2337,74331,0
512,1,125,32,32,32,1.000000000,2759,87804,0.074189236,2743.875000000,32.000000000,27,161,43.793650794,3.676332004,2,143,32,2759,87804,0
512,1,126,32,32,31,1.032258065,2490,79180,0.066902462,2512.375000000,31.515995821,28,158,39.523809524,3.997590361,2,158,31,2490,79180,0
512,1,127,32,32,29,1.103448276,2114,67242,0.056815551,2309.718750000,29.112635467,21,169,33.555555556,5.036423841,2,142,29,2114,67242,0
512,1,128,32,32,30,1.066666667,2431,77376,0.065378187,2606.343750000,29.687565195,28,166,38.587301587,4.301933361,2,166,30,2431,77376,0
512,1,129,32,32,31,1.032258065,2924,93101,0.078664891,3038.718750000,30.638241858,28,196,46.412698413,4.222982216,2,162,31,2924,93101,0
512,1,130,32,32,32,1.000000000,2897,92267,0.077960210,2883.343750000,32.000000000,28,165,45.984126984,3.588194684,2,148,32,2897,92267,0
512,1,131,32,32,31,1.032258065,2461,78282,0.066143704,2498.250000000,31.334734314,26,167,39.063492063,4.275091426,3,156,31,2461,78282,0
512,1,132,32,32,32,1.000000000,2953,94051,0.079467586,2939.093750000,32.000000000,30,175,46.873015873,3.733491365,2,175,32,2953,94051,0
512,1,133,32,32,30,1.066666667,2721,86663,0.073225158,2897.000000000,29.914739386,28,167,43.190476190,3.866593164,2,167,30,2721,86663,0
512,1,134,32,32,30,1.066666667,2616,83198,0.070297436,2836.312500000,29.333157048,26,212,41.523809524,5.105504587,3,212,30,2616,83198,0
512,1,135,32,32,30,1.066666667,2725,86682,0.073241212,2922.343750000,29.661808266,26,188,43.253968254,4.346422018,2,169,30,2725,86682,0
512,1,136,32,32,32,1.000000000,2842,90405,0.076386929,2825.156250000,32.000000000,26,190,45.111111111,4.211822660,2,169,32,2842,90405,0
512,1,137,32,32,32,1.000000000,2778,88451,0.074735914,2764.093750000,32.000000000,27,160,44.095238095,3.628509719,2,145,32,2778,88451,0
512,1,138,32,32,30,1.066666667,2359,75057,0.063418768,2542.218750000,29.524209905,23,156,37.444444444,4.166172107,2,156,30,2359,75057,0
512,1,139,32,32,30,1.066666667,2485,79040,0.066784170,2672.843750000,29.571500392,25,153,39.444444444,3.878873239,2,150,30,2485,79040,0
512,1,140,32,32,31,1.032258065,2951,93950,0.079382246,3064.312500000,30.659405658,29,198,46.841269841,4.227041681,2,156,31,2951,93950,0
512,1,141,32,32,32,1.000000000,2841,90440,0.076416502,2826.250000000,32.000000000,27,163,45.095238095,3.614572334,2,145,32,2841,90440,0
512,1,142,32,32,32,1.000000000,2875,91459,0.077277497,2858.093750000,32.000000000,29,148,45.634920635,3.243130435,2,148,32,2875,91459,0
512,1,143,32,32,29,1.103448276,2581,82115,0.069382365,3058.375000000,26.849225487,27,167,40.968253968,4.076327005,2,167,29,2581,82115,0
512,1,144,32,32,32,1.000000000,2603,82824,0.069981428,2588.250000000,32.000000000,25,178,41.317460317,4.308106032,3,175,32,2603,82824,0
512,1,145,32,32,31,1.032258065,2569,81756,0.069079031,2654.843750000,30.795032664,28,156,40.777777778,3.825613079,2,148,31,2569,81756,0
512,1,146,32,32,31,1.032258065,2411,76660,0.064773209,2538.562500000,30.198192875,24,153,38.269841270,3.997926172,2,143,31,2411,76660,0
512,1,147,32,32,32,1.000000000,2703,85986,0.072653133,2687.062500000,32.000000000,25,184,42.904761905,4.288568257,2,156,32,2703,85986,0
512,1,148,32,32,31,1.032258065,2617,83272,0.070359962,2747.125000000,30.312417527,31,145,41.539682540,3.490638135,1,145,31,2617,83272,0
512,1,149,32,32,31,1.032258065,2344,74481,0.062932082,2400.593750000,31.026074278,26,181,37.206349206,4.864761092,2,133,31,2344,74481,0
512,1,150,32,32,32,1.000000000,2735,87033,0.073537787,2719.781250000,32.000000000,24,167,43.412698413,3.846800731,3,154,32,2735,87033,0
512,1,151,32,32,28,1.142857143,2240,71217,0.060174193,2429.656250000,29.311553846,24,212,35.555555556,5.962500000,3,212,28,2240,71217,0
512,1,152,32,32,30,1.066666667,2937,93459,0.078967380,3093.375000000,30.212631834,27,185,46.619047619,3.968335036,2,150,30,2937,93459,0
512,1,153,32,32,31,1.032258065,2620,83385,0.070455440,2725.250000000,30.597192918,27,175,41.587301587,4.208015267,3,175,31,2620,83385,0
512,1,154,32,32,32,1.000000000,2702,85981,0.072648908,2686.906250000,32.000000000,28,169,42.888888889,3.940414508,2,156,32,2702,85981,0
512,1,155,32,32,32,1.000000000,2656,84422,0.071331645,2638.187500000,32.000000000,25,175,42.158730159,4.150978916,3,175,32,2656,84422,0
512,1,156,32,32,32,1.000000000,2362,74993,0.063364692,2343.531250000,32.000000000,24,181,37.492063492,4.827688400,3,169,32,2362,74993,0
512,1,157,32,32,29,1.103448276,2744,87381,0.073831826,3101.437500000,28.174354634,26,175,43.555555556,4.017857143,2,175,29,2744,87381,0
512,1,158,32,32,32,1.000000000,2893,92060,0.077785307,2876.875000000,32.000000000,30,181,45.920634921,3.941583132,2,166,32,2893,92060,0
512,1,159,32,32,32,1.000000000,2754,87609,0.074024473,2737.781250000,32.000000000,27,195,43.714285714,4.460784314,2,139,32,2754,87609,0
512,1,160,32,32,30,1.066666667,2799,89111,0.075293575,2980.375000000,29.899257644,28,212,44.428571429,4.771704180,2,212,30,2799,89111,0
512,1,161,32,32,32,1.000000000,2873,91455,0.077274118,2857.968750000,32.000000000,28,196,45.603174603,4.297946397,2,162,32,2873,91455,0
512,1,162,32,32,31,1.032258065,2863,91208,0.077065417,2962.062500000,30.792057899,28,169,45.444444444,3.718826406,2,169,31,2863,91208,0
512,1,163,32,32,30,1.066666667,2749,87596,0.074013489,2981.968750000,29.375224003,28,174,43.634920635,3.987631866,2,158,30,2749,87596,0
512,1,164,32,32,31,1.032258065,2681,85314,0.072085332,2764.375000000,30.861948903,26,191,42.555555556,4.488250653,2,156,31,2681,85314,0
512,1,165,32,32,32,1.000000000,2913,92768,0.078383526,2899.000000000,32.000000000,28,168,46.238095238,3.633367662,2,156,32,2913,92768,0
512,1,166,32,32,31,1.032258065,2784,88498,0.074775626,2801.937500000,31.584573175,28,169,44.190476190,3.824353448,2,169,31,2784,88498,0
512,1,167,32,32,31,1.032258065,2837,90310,0.076306660,2934.093750000,30.779520934,30,175,45.031746032,3.886147339,2,175,31,2837,90310,0
512,1,168,32,32,31,1.032258065,2678,85152,0.071948452,2736.625000000,31.115699082,26,177,42.507936508,4.163928305,2,175,31,2678,85152,0
512,1,169,32,32,31,1.032258065,2785,88700,0.074946304,2899.250000000,30.594119169,28,172,44.206349206,3.890843806,2,162,31,2785,88700,0
512,1,170,32,32,31,1.032258065,2473,78618,0.066427605,2563.562500000,30.667479338,28,166,39.253968254,4.228871816,2,166,31,2473,78618,0
512,1,171,32,32,31,1.032258065,2710,86133,0.072777339,2761.000000000,31.196305686,28,158,43.015873016,3.673062731,2,158,31,2710,86133,0
512,1,172,32,32,30,1.066666667,2780,88537,0.074808579,2989.968750000,29.611346272,27,156,44.126984127,3.535251799,2,156,30,2780,88537,0
512,1,173,32,32,32,1.000000000,2766,87990,0.074346396,2749.687500000,32.000000000,30,212,43.904761905,4.828633406,2,212,32,2766,87990,0
512,1,174,32,32,29,1.103448276,2406,76429,0.064578028,2681.687500000,28.500337940,21,212,38.190476190,5.551122195,3,212,29,2406,76429,0
512,1,175,32,32,30,1.066666667,2731,86921,0.073443153,2899.500000000,29.977927229,26,166,43.349206349,3.829366532,3,166,30,2731,86921,0
512,1,176,32,32,30,1.066666667,2759,87705,0.074105587,2945.718750000,29.773718214,24,185,43.793650794,4.224356651,2,154,30,2759,87705,0
512,1,177,32,32,30,1.066666667,2442,77631,0.065593647,2616.593750000,29.668724845,26,167,38.761904762,4.308353808,3,136,30,2442,77631,0
512,1,178,32,32,30,1.066666667,2563,81543,0.068899058,2800.656250000,29.115676013,27,167,40.682539683,4.104955131,2,167,30,2563,81543,0
512,1,179,32,32,31,1.032258065,2769,88078,0.074420750,2825.343750000,31.174259769,24,185,43.952380952,4.209100758,3,156,31,2769,88078,0
512,1,180,32,32,32,1.000000000,3000,95477,0.080672472,2983.656250000,32.000000000,28,169,47.619047619,3.549000000,2,169,32,3000,95477,0
512,1,181,32,32,32,1.000000000,3000,95488,0.080681766,2984.000000000,32.000000000,29,172,47.619047619,3.612000000,2,169,32,3000,95488,0
512,1,182,32,32,31,1.032258065,2796,88975,0.075178663,2853.656250000,31.179298488,27,185,44.380952381,4.168454936,2,148,31,2796,88975,0
512,1,183,32,32,32,1.000000000,2977,94701,0.080016797,2959.406250000,32.000000000,27,212,47.253968254,4.486395700,2,212,32,2977,94701,0
512,1,184,32,32,32,1.000000000,2569,81782,0.069100999,2555.687500000,32.000000000,29,166,40.777777778,4.070844687,2,154,32,2569,81782,0
512,1,185,32,32,31,1.032258065,2802,89241,0.075403417,2848.906250000,31.324653102,27,174,44.476190476,3.912205567,2,167,31,2802,89241,0
512,1,186,32,32,30,1.066666667,2436,77517,0.065497324,2593.500000000,29.888953152,26,184,38.666666667,4.758620690,2,141,30,2436,77517,0
512,1,187,32,32,31,1.032258065,2649,84216,0.071157587,2728.812500000,30.861775956,27,147,42.047619048,3.496036240,2,145,31,2649,84216,0
512,1,188,32,32,32,1.000000000,2860,90925,0.076826299,2841.406250000,32.000000000,28,197,45.396825397,4.339510490,2,169,32,2860,90925,0
512,1,189,32,32,31,1.032258065,2781,88395,0.074688597,2871.250000000,30.786242926,28,212,44.142857143,4.802588997,2,212,31,2781,88395,0
512,1,190,32,32,32,1.000000000,3250,103415,0.087379617,3231.718750000,32.000000000,30,212,51.587301587,4.109538462,2,212,32,3250,103415,0
512,1,191,32,32,32,1.000000000,2907,92433,0.078100470,2888.531250000,32.000000000,29,212,46.142857143,4.594427245,3,212,32,2907,92433,0
512,1,192,32,32,29,1.103448276,2353,74798,0.063199928,2502.937500000,29.884086199,23,164,37.349206349,4.390990225,2,158,29,2353,74798,0
512,1,193,32,32,30,1.066666667,2416,76928,0.064999654,2653.250000000,28.993875436,22,188,38.349206349,4.902317881,2,145,30,2416,76928,0
512,1,194,32,32,27,1.185185185,2567,81690,0.069023265,3039.718750000,26.874196832,24,174,40.746031746,4.270354499,2,156,27,2567,81690,0
512,1,195,32,32,30,1.066666667,2481,78888,0.066655739,2618.125000000,30.131487228,27,150,39.380952381,3.808948005,2,150,30,2481,78888,0
512,1,196,32,32,30,1.066666667,2354,74863,0.063254850,2535.718750000,29.523384642,26,172,37.365079365,4.603228547,2,162,30,2354,74863,0
512,1,197,32,32,31,1.032258065,2781,88509,0.074784920,2865.875000000,30.883761504,27,196,44.142857143,4.440129450,3,166,31,2781,88509,0
512,1,198,32,32,28,1.142857143,2426,77181,0.065213424,2753.218750000,28.033006822,27,175,38.507936508,4.544517725,2,175,28,2426,77181,0
512,1,199,32,32,31,1.032258065,2909,92527,0.078179895,3102.500000000,29.823368251,27,212,46.174603175,4.591268477,2,212,31,2909,92527,0
512,1,200,32,32,31,1.032258065,2975,94745,0.080053975,3077.250000000,30.788853684,28,154,47.222222222,3.261176471,2,154,31,2975,94745,0
512,1,201,32,32,30,1.066666667,2855,90852,0.076764618,2984.125000000,30.445105349,25,184,45.317460317,4.060245184,2,167,30,2855,90852,0
512,1,202,32,32,28,1.142857143,2394,76088,0.064289903,2746.937500000,27.699210484,24,158,38.000000000,4.157894737,3,145,28,2394,76088,0
512,1,203,32,32,32,1.000000000,2638,83888,0.070880446,2621.500000000,32.000000000,27,179,41.873015873,4.274829416,3,162,32,2638,83888,0
512,1,204,32,32,31,1.032258065,2906,92462,0.078124974,2984.312500000,30.982680266,26,212,46.126984127,4.596008259,2,212,31,2906,92462,0
512,1,205,32,32,31,1.032258065,2756,87737,0.074132625,2783.343750000,31.522157477,26,185,43.746031746,4.228955007,2,169,31,2756,87737,0
512,1,206,32,32,30,1.066666667,2396,76105,0.064304267,2534.625000000,30.026137989,25,181,38.031746032,4.759181970,2,133,30,2396,76105,0
512,1,207,32,32,30,1.066666667,2613,83144,0.070251809,2779.187500000,29.916657296,26,159,41.476190476,3.833524684,2,158,30,2613,83144,0
512,1,208,32,32,30,1.066666667,2644,84031,0.071001272,2791.093750000,30.106835358,25,191,41.968253968,4.551059002,3,169,30,2644,84031,0
512,1,209,32,32,31,1.032258065,2681,85261,0.072040550,2806.093750000,30.384230748,26,175,42.555555556,4.112271540,3,175,31,2681,85261,0
512,1,210,32,32,31,1.032258065,2732,86976,0.073489625,2853.406250000,30.481464040,25,191,43.365079365,4.404465593,2,167,31,2732,86976,0
512,1,211,32,32,30,1.066666667,2872,91426,0.077249614,3110.437500000,29.393292744,26,173,45.587301587,3.794916435,2,158,30,2872,91426,0
512,1,212,32,32,31,1.032258065,2703,86058,0.072713969,2791.812500000,30.825136000,27,212,42.904761905,4.941176471,2,212,31,2703,86058,0
512,1,213,32,32,29,1.103448276,2660,84688,0.071556399,2997.468750000,28.253171947,27,160,42.222222222,3.789473684,2,156,29,2660,84688,0
512,1,214,32,32,30,1.066666667,2520,80193,0.067758387,2637.187500000,30.408531817,24,168,40.000000000,4.200000000,2,148,30,2520,80193,0
512,1,215,32,32,32,1.000000000,2945,93649,0.079127919,2926.531250000,32.000000000,28,212,46.746031746,4.535144312,2,212,32,2945,93649,0
512,1,216,32,32,29,1.103448276,2862,91140,0.077007961,3332.656250000,27.347554972,26,175,45.428571429,3.852201258,2,175,29,2862,91140,0
512,1,217,32,32,31,1.032258065,2776,88364,0.074662404,2909.156250000,30.374442762,28,181,44.063492063,4.107708934,2,148,31,2776,88364,0
512,1,218,32,32,31,1.032258065,2722,86658,0.073220934,2772.031250000,31.261552336,27,183,43.206349206,4.235488611,2,167,31,2722,86658,0
512,1,219,32,32,30,1.066666667,2829,90115,0.076141896,3052.656250000,29.520192455,27,166,44.904761905,3.696712619,2,166,30,2829,90115,0
512,1,220,32,32,31,1.032258065,3030,96472,0.081513189,3062.312500000,31.502989979,29,181,48.095238095,3.763366337,2,175,31,3030,96472,0
512,1,221,32,32,32,1.000000000,2447,77838,0.065768550,2432.437500000,32.000000000,26,164,38.841269841,4.222313036,2,130,32,2447,77838,0
512,1,222,32,32,29,1.103448276,2514,80019,0.067611368,2841.531250000,28.160520846,25,158,39.904761905,3.959427208,3,154,29,2514,80019,0
512,1,223,32,32,31,1.032258065,2506,79684,0.067328312,2567.250000000,31.038660045,26,167,39.777777778,4.198324022,2,154,31,2506,79684,0
512,1,224,32,32,31,1.032258065,2857,90989,0.076880375,2979.062500000,30.542830169,26,185,45.349206349,4.079453973,3,175,31,2857,90989,0
512,1,225,32,32,30,1.066666667,2636,83915,0.070903259,2761.656250000,30.385751304,26,184,41.841269841,4.397572079,2,158,30,2636,83915,0
512,1,226,32,32,31,1.032258065,2698,85904,0.072583848,2780.031250000,30.900372073,25,176,42.825396825,4.109710897,2,156,31,2698,85904,0
512,1,227,32,32,31,1.032258065,2548,81086,0.068512920,2609.125000000,31.077851770,27,156,40.444444444,3.857142857,3,156,31,2548,81086,0
512,1,228,32,32,32,1.000000000,2517,80025,0.067616437,2500.781250000,32.000000000,27,171,39.952380952,4.280095352,3,169,32,2517,80025,0
512,1,229,32,32,29,1.103448276,2472,78674,0.066474921,2788.156250000,28.217213436,25,195,39.238095238,4.969660194,2,142,29,2472,78674,0
512,1,230,32,32,29,1.103448276,2606,82918,0.070060853,2811.093750000,29.496703908,28,190,41.365079365,4.593246355,2,169,29,2606,82918,0
512,1,231,32,32,31,1.032258065,2773,88248,0.074564390,2847.781250000,30.988335217,30,171,44.015873016,3.884962135,2,169,31,2773,88248,0
512,1,232,32,32,31,1.032258065,2608,82899,0.070044799,2677.937500000,30.956286321,28,171,41.396825397,4.130751534,3,162,31,2608,82899,0
512,1,233,32,32,30,1.066666667,2083,66196,0.055931742,2225.031250000,29.750593391,23,159,33.063492063,4.808929429,3,145,30,2083,66196,0
512,1,234,32,32,30,1.066666667,2567,81598,0.068945530,2646.875000000,30.828051948,25,185,40.746031746,4.540319439,3,156,30,2567,81598,0
512,1,235,32,32,31,1.032258065,2749,87476,0.073912096,2803.875000000,31.198252419,28,169,43.634920635,3.873044744,2,169,31,2749,87476,0
512,1,236,32,32,32,1.000000000,2649,84224,0.071164346,2632.000000000,32.000000000,28,174,42.047619048,4.138165345,3,150,32,2649,84224,0
512,1,237,32,32,30,1.066666667,2408,76612,0.064732652,2532.343750000,30.253396680,27,149,38.222222222,3.898255814,2,136,30,2408,76612,0
512,1,238,32,32,29,1.103448276,2651,84361,0.071280103,2932.906250000,28.763619703,24,193,42.079365079,4.586571105,3,162,29,2651,84361,0
512,1,239,32,32,32,1.000000000,2442,77595,0.065563230,2424.843750000,32.000000000,25,196,38.761904762,5.056511057,3,156,32,2442,77595,0
512,1,240,32,32,31,1.032258065,2918,92957,0.078543220,3031.718750000,30.661485337,29,179,46.317460317,3.864633310,2,166,31,2918,92957,0
512,1,241,32,32,32,1.000000000,2512,79796,0.067422946,2493.625000000,32.000000000,26,162,39.873015873,4.062898089,3,162,32,2512,79796,0
512,1,242,32,32,30,1.066666667,2782,88551,0.074820408,2991.281250000,29.603033817,26,212,44.158730159,4.800862689,3,212,30,2782,88551,0
512,1,243,32,32,32,1.000000000,2324,73789,0.062347382,2305.906250000,32.000000000,22,168,36.888888889,4.554216867,4,166,32,2324,73789,0
512,1,244,32,32,31,1.032258065,2493,79250,0.066961608,2539.093750000,31.211923546,25,212,39.571428571,5.357400722,2,212,31,2493,79250,0
512,1,245,32,32,30,1.066666667,2505,79683,0.067327467,2599.562500000,30.652465559,23,212,39.761904762,5.331736527,2,212,30,2505,79683,0
512,1,246,32,32,31,1.032258065,2725,86601,0.073172772,2796.875000000,30.963486034,26,167,43.253968254,3.860917431,2,167,31,2725,86601,0
512,1,247,32,32,32,1.000000000,2698,85794,0.072490904,2681.062500000,32.000000000,30,167,42.825396825,3.899555226,2,167,32,2698,85794,0
512,1,248,32,32,32,1.000000000,2671,84965,0.071790448,2655.156250000,32.000000000,27,184,42.396825397,4.339947585,2,139,32,2671,84965,0
512,1,249,32,32,30,1.066666667,2633,83724,0.070741875,2870.437500000,29.167679143,28,166,41.793650794,3.971895177,2,166,30,2633,83724,0
512,1,250,32,32,32,1.000000000,2494,79286,0.066992025,2477.687500000,32.000000000,24,172,39.587301587,4.344827586,3,139,32,2494,79286,0
512,1,251,32,32,31,1.032258065,2666,84865,0.071705954,2742.062500000,30.949331024,25,212,42.317460317,5.009752438,2,212,31,2666,84865,0
512,1,252,32,32,31,1.032258065,2655,84488,0.071387411,2685.093750000,31.465568009,27,172,42.142857143,4.081355932,2,156,31,2655,84488,0
512,1,253,32,32,30,1.066666667,2759,87850,0.074228104,2898.531250000,30.308453635,24,167,43.793650794,3.813338166,3,167,30,2759,87850,0
512,1,254,32,32,32,1.000000000,2278,72405,0.061177984,2262.656250000,32.000000000,25,156,36.158730159,4.314310799,3,130,32,2278,72405,0
512,1,255,32,32,30,1.066666667,2788,88683,0.074931940,3007.843750000,29.483911855,27,167,44.253968254,3.773672884,2,167,30,2788,88683,0
512,1,256,32,32,32,1.000000000,2734,86985,0.073497229,2718.281250000,32.000000000,28,181,43.396825397,4.170811997,2,139,32,2734,86985,0
512,1,257,32,32,29,1.103448276,2435,77474,0.065460992,2714.625000000,28.539485196,25,186,38.650793651,4.812320329,3,142,29,2435,77474,0
512,1,258,32,32,30,1.066666667,2971,94645,0.079969481,3182.656250000,29.737738721,28,196,47.158730159,4.156176372,2,175,30,2971,94645,0
512,1,259,32,32,32,1.000000000,2663,84730,0.071591887,2647.812500000,32.000000000,25,175,42.269841270,4.140067593,3,175,32,2663,84730,0
512,1,260,32,32,31,1.032258065,2781,88500,0.074777316,2856.218750000,30.985021718,24,175,44.142857143,3.964401294,3,175,31,2781,88500,0
512,1,261,32,32,29,1.103448276,2409,76622,0.064741101,2625.156250000,29.187595976,24,148,38.238095238,3.870485679,2,148,29,2409,76622,0
512,1,262,32,32,32,1.000000000,2667,84931,0.071761720,2654.093750000,32.000000000,25,183,42.333333333,4.322834646,2,156,32,2667,84931,0
512,1,263,32,32,31,1.032258065,2913,92678,0.078307481,3051.531250000,30.370981782,27,194,46.238095238,4.195674562,2,169,31,2913,92678,0
512,1,264,32,32,32,1.000000000,2831,90097,0.076126687,2815.531250000,32.000000000,28,163,44.936507937,3.627340162,2,154,32,2831,90097,0
512,1,265,32,32,29,1.103448276,2643,84194,0.071138998,2962.656250000,28.418416750,28,166,41.952380952,3.956867196,2,166,29,2643,84194,0
512,1,266,32,32,29,1.103448276,2809,89422,0.075556352,3219.062500000,27.778895253,25,167,44.587301587,3.745461018,2,166,29,2809,89422,0
512,1,267,32,32,30,1.066666667,2568,81749,0.069073116,2757.875000000,29.642025110,27,190,40.761904762,4.661214953,2,166,30,2568,81749,0
512,1,268,32,32,29,1.103448276,2483,78942,0.066701366,2698.750000000,29.251320056,23,182,39.412698413,4.617801047,2,169,29,2483,78942,0
512,1,269,32,32,32,1.000000000,2566,81552,0.068906663,2548.500000000,32.000000000,26,155,40.730158730,3.805533905,2,143,32,2566,81552,0
512,1,270,32,32,31,1.032258065,2390,75966,0.064186820,2436.218750000,31.181928963,28,150,37.936507937,3.953974895,2,150,31,2390,75966,0
512,1,271,32,32,32,1.000000000,2432,77302,0.065315662,2415.687500000,32.000000000,25,156,38.603174603,4.041118421,3,132,32,2432,77302,0
512,1,272,32,32,31,1.032258065,2962,94329,0.079702479,3044.343750000,30.985002926,30,193,47.015873016,4.104996624,2,175,31,2962,94329,0
512,1,273,32,32,31,1.032258065,2609,83041,0.070164780,2665.687500000,31.151813557,27,172,41.412698413,4.153315447,2,158,31,2609,83041,0
512,1,274,32,32,32,1.000000000,3024,96305,0.081372083,3009.531250000,32.000000000,28,212,48.000000000,4.416666667,2,212,32,3024,96305,0
512,1,275,32,32,31,1.032258065,2617,83228,0.070322785,2729.250000000,30.494824586,27,175,41.539682540,4.212839129,2,175,31,2617,83228,0
512,1,276,32,32,32,1.000000000,2816,89628,0.075730410,2800.875000000,32.000000000,25,185,44.698412698,4.138849432,2,169,32,2816,89628,0
512,1,277,32,32,31,1.032258065,2517,80045,0.067633336,2630.875000000,30.425238751,22,169,39.952380952,4.230035757,3,169,31,2517,80045,0
512,1,278,32,32,32,1.000000000,2634,83800,0.070806091,2618.750000000,32.000000000,25,184,41.809523810,4.400911162,2,133,32,2634,83800,0
512,1,279,32,32,29,1.103448276,2592,82569,0.069765968,2863.187500000,28.838139312,25,185,41.142857143,4.496527778,2,162,29,2592,82569,0
512,1,280,32,32,31,1.032258065,2595,82473,0.069684854,2648.562500000,31.138778111,24,185,41.190476190,4.491329480,2,169,31,2595,82473,0
512,1,281,32,32,30,1.066666667,2853,90746,0.076675054,3068.843750000,29.570094600,27,212,45.285714286,4.681388013,3,212,30,2853,90746,0
512,1,282,32,32,28,1.142857143,2566,81697,0.069029179,3005.375000000,27.183629331,25,175,40.730158730,4.296570538,2,175,28,2566,81697,0
512,1,283,32,32,30,1.066666667,2518,80027,0.067618127,2670.843750000,29.963190471,24,159,39.968253968,3.978157268,3,156,30,2518,80027,0
512,1,284,32,32,31,1.032258065,2861,91190,0.077050208,2949.812500000,30.913829269,28,175,45.412698413,3.853547711,2,175,31,2861,91190,0
512,1,285,32,32,32,1.000000000,2831,90108,0.076135981,2815.875000000,32.000000000,31,154,44.936507937,3.427057577,2,154,32,2831,90108,0
512,1,286,32,32,31,1.032258065,2652,84394,0.071307986,2754.187500000,30.642067760,27,181,42.095238095,4.299773756,2,175,31,2652,84394,0
512,1,287,32,32,31,1.032258065,2662,84658,0.071531051,2772.937500000,30.530078662,28,169,42.253968254,3.999624343,2,169,31,2662,84658,0
512,1,288,32,32,29,1.103448276,2404,76532,0.064665057,2693.343750000,28.415236637,27,190,38.158730159,4.979201331,2,135,29,2404,76532,0
512,1,289,32,32,31,1.032258065,2789,88803,0.075033333,2844.562500000,31.218508997,26,191,44.269841270,4.314449624,2,162,31,2789,88803,0
512,1,290,32,32,29,1.103448276,2229,70893,0.059900432,2550.625000000,27.794364126,23,169,35.380952381,4.776581427,3,169,29,2229,70893,0
512,1,291,32,32,32,1.000000000,2410,76581,0.064706459,2393.156250000,32.000000000,25,193,38.253968254,5.045228216,2,132,32,2410,76581,0
512,1,292,32,32,29,1.103448276,2610,82997,0.070127603,2932.625000000,28.301265931,26,212,41.428571429,5.117241379,2,212,29,2610,82997,0
512,1,293,32,32,32,1.000000000,2816,89597,0.075704216,2799.906250000,32.000000000,29,175,44.698412698,3.915127841,2,175,32,2816,89597,0
512,1,294,32,32,30,1.066666667,2126,67520,0.057050445,2276.312500000,29.662008182,25,171,33.746031746,5.067262465,2,135,30,2126,67520,0
512,1,295,32,32,30,1.066666667,2378,75649,0.063918973,2591.343750000,29.192962146,26,169,37.746031746,4.477291842,2,169,30,2378,75649,0
512,1,296,32,32,30,1.066666667,2459,78194,0.066069349,2619.906250000,29.846106135,26,167,39.031746032,4.278568524,2,167,30,2459,78194,0
512,1,297,32,32,32,1.000000000,2612,83155,0.070261104,2598.593750000,32.000000000,27,166,41.460317460,4.003828484,2,147,32,2612,83155,0
512,1,298,32,32,31,1.032258065,2346,74557,0.062996297,2451.375000000,30.414359288,24,175,37.238095238,4.699488491,3,167,31,2346,74557,0
512,1,299,32,32,28,1.142857143,2525,80348,0.067889353,3036.031250000,26.464813233,23,194,40.079365079,4.840396040,3,167,28,2525,80348,0
512,1,300,32,32,30,1.066666667,2571,81814,0.069128037,2846.718750000,28.739755201,24,187,40.809523810,4.582263711,2,150,30,2571,81814,0
512,1,301,32,32,30,1.066666667,2724,86714,0.073268250,2918.875000000,29.708021070,27,167,43.238095238,3.862334802,2,158,30,2724,86714,0
512,1,302,32,32,31,1.032258065,2786,88670,0.074920956,2917.125000000,30.396366285,27,184,44.222222222,4.160804020,3,158,31,2786,88670,0
512,1,303,32,32,32,1.000000000,2359,74974,0.063348638,2342.937500000,32.000000000,23,163,37.444444444,4.353115727,2,121,32,2359,74974,0
512,1,304,32,32,29,1.103448276,2714,86297,0.072915910,2984.687500000,28.913244686,26,169,43.079365079,3.922991894,2,169,29,2714,86297,0
512,1,305,32,32,31,1.032258065,2750,87440,0.073881678,2897.718750000,30.175461300,26,212,43.650793651,4.856727273,3,212,31,2750,87440,0
512,1,306,32,32,32,1.000000000,2725,86743,0.073292754,2710.718750000,32.000000000,25,179,43.253968254,4.138348624,2,175,32,2725,86743,0
512,1,307,32,32,32,1.000000000,2664,84629,0.071506547,2644.656250000,32.000000000,25,184,42.285714286,4.351351351,3,162,32,2664,84629,0
512,1,308,32,32,31,1.032258065,2640,84064,0.071029156,2724.718750000,30.852358615,27,167,41.904761905,3.985227273,2,167,31,2640,84064,0
512,1,309,32,32,31,1.032258065,2757,87693,0.074095448,2847.156250000,30.800206346,27,185,43.761904762,4.227421110,2,143,31,2757,87693,0
512,1,310,32,32,32,1.000000000,2515,80008,0.067602073,2500.250000000,32.000000000,25,184,39.920634921,4.609145129,2,125,32,2515,80008,0
512,1,311,32,32,31,1.032258065,2733,86993,0.073503989,2835.031250000,30.685023313,27,212,43.380952381,4.886937431,2,212,31,2733,86993,0
512,1,312,16,16,16,1.000000000,1438,45690,0.038605373,2855.625000000,16.000000000,17,154,23.444444444,6.568720379,1,154,17,1477,46935,16
512,2,0,32,64,59,1.084745763,5136,163474,0.138125954,5498.312500000,29.731667671,44,245,81.523809524,3.005257009,3,212,59,5136,163474,0
512,2,1,32,64,60,1.066666667,5583,177680,0.150129192,5948.500000000,29.869715054,41,231,88.619047619,2.606663084,2,212,60,5583,177680,0
512,2,2,32,64,59,1.084745763,5121,162922,0.137659546,5729.593750000,28.435174832,38,249,81.285714286,3.063268893,3,212,59,5121,162922,0
512,2,3,32,64,62,1.032258065,4853,154280,0.130357562,5005.031250000,30.824982361,45,214,77.031746032,2.778075417,4,145,62,4853,154280,0
512,2,4,32,64,59,1.084745763,5369,170793,0.144310080,6007.812500000,28.428483745,35,249,85.222222222,2.921773142,3,212,59,5369,170793,0
512,2,5,32,64,55,1.163636364,4468,142216,0.120164189,5305.375000000,26.806022194,39,219,70.920634921,3.087958818,3,143,55,4468,142216,0
512,2,6,32,64,60,1.066666667,5157,164049,0.138611795,5421.375000000,30.259666597,42,221,81.857142857,2.699825480,3,212,60,5157,164049,0
512,2,7,32,64,61,1.049180328,5424,172619,0.145852943,5673.156250000,30.427330465,42,223,86.095238095,2.590154867,3,212,61,5424,172619,0
512,2,8,32,64,61,1.049180328,5508,175302,0.148119921,5821.593750000,30.112372578,39,232,87.428571429,2.653594771,2,212,61,5508,175302,0
512,2,9,32,64,61,1.049180328,5240,166683,0.140837371,5413.562500000,30.789891130,40,226,83.174603175,2.717175573,3,212,61,5240,166683,0
512,2,10,32,64,57,1.122807018,4912,156312,0.132074483,5735.812500000,27.251936844,41,224,77.968253968,2.872964169,3,175,57,4912,156312,0
512,2,11,32,64,63,1.015873016,4473,142122,0.120084765,4500.187500000,31.581350777,42,232,71.000000000,3.267605634,3,139,63,4473,142122,0
512,2,12,32,64,60,1.066666667,5280,167985,0.141937484,5621.093750000,29.884753301,45,237,83.809523810,2.827840909,3,212,60,5280,167985,0
512,2,13,32,64,62,1.032258065,5192,165158,0.139548835,5292.125000000,31.208257552,42,224,82.412698413,2.718027735,3,212,62,5192,165158,0
512,2,14,32,64,64,1.000000000,4937,157107,0.132746212,4909.593750000,32.000000000,42,233,78.365079365,2.973263115,3,175,64,4937,157107,0
512,2,15,32,64,56,1.142857143,4363,138732,0.117220413,5000.593750000,27.743105506,42,223,69.253968254,3.220032088,3,156,56,4363,138732,0
512,2,16,32,64,58,1.103448276,4678,148767,0.125699400,5255.843750000,28.305065195,41,224,74.253968254,3.016673792,3,166,58,4678,148767,0
512,2,17,32,64,59,1.084745763,4878,155220,0.131151807,5272.375000000,29.440242775,40,237,77.428571429,3.060885609,3,212,59,4878,155220,0
512,2,18,32,64,62,1.032258065,4946,157303,0.132911820,5060.312500000,31.085629593,41,234,78.507936508,2.980590376,3,166,62,4946,157303,0
512,2,19,32,64,63,1.015873016,5357,170478,0.144043923,5398.812500000,31.576944004,46,221,85.031746032,2.599029307,2,166,63,5357,170478,0
512,2,20,32,64,61,1.049180328,5177,164651,0.139120450,5555.468750000,29.637643088,44,223,82.174603175,2.713733823,3,212,61,5177,164651,0
512,2,21,32,64,61,1.049180328,5167,164318,0.138839084,5407.125000000,30.389162448,42,228,82.015873016,2.779949681,3,212,61,5167,164318,0
512,2,22,32,64,57,1.122807018,5165,164333,0.138851758,5953.843750000,27.601161015,41,229,81.984126984,2.793223621,2,212,57,5165,164333,0
512,2,23,32,64,63,1.015873016,5123,162881,0.137624903,5144.500000000,31.661191564,39,231,81.317460317,2.840718329,3,175,63,5123,162881,0
512,2,24,32,64,59,1.084745763,4987,158631,0.134033902,5445.968750000,29.128150983,45,220,79.158730159,2.779225988,4,175,59,4987,158631,0
512,2,25,32,64,60,1.066666667,4947,157422,0.133012368,5326.593750000,29.553971523,41,225,78.523809524,2.865372953,3,162,60,4947,157422,0
512,2,26,32,64,59,1.084745763,5296,168579,0.142439380,5685.281250000,29.651831209,42,223,84.063492063,2.652756798,3,175,59,5296,168579,0
512,2,27,32,64,60,1.066666667,5430,172858,0.146054884,5843.781250000,29.579820429,40,233,86.190476190,2.703314917,3,166,60,5430,172858,0
512,2,28,32,64,58,1.103448276,5171,164611,0.139086652,5895.968750000,27.919245671,39,253,82.079365079,3.082382518,3,175,58,5171,164611,0
512,2,29,32,64,60,1.066666667,4930,156838,0.132518922,5108.156250000,30.703446082,40,231,78.253968254,2.951926978,2,156,60,4930,156838,0
512,2,30,32,64,60,1.066666667,4898,155780,0.131624974,5228.718750000,29.793149612,43,229,77.746031746,2.945487954,3,156,60,4898,155780,0
512,2,31,32,64,56,1.142857143,4754,151240,0.127788940,5612.781250000,26.945643036,37,220,75.460317460,2.915439630,3,175,56,4754,151240,0
512,2,32,32,64,59,1.084745763,5244,166839,0.140969182,5687.062500000,29.336586331,41,227,83.238095238,2.727116705,3,212,59,5244,166839,0
512,2,33,32,64,57,1.122807018,4821,153315,0.129542194,5816.656250000,26.357926859,37,249,76.523809524,3.253889235,4,175,57,4821,153315,0
512,2,34,32,64,60,1.066666667,5066,161112,0.136130202,5421.343750000,29.718093415,39,244,80.412698413,3.034346625,3,145,60,5066,161112,0
512,2,35,32,64,58,1.103448276,4739,150706,0.127337742,5164.781250000,29.179551409,37,232,75.222222222,3.084194978,3,212,58,4739,150706,0
512,2,36,32,64,62,1.032258065,5013,159548,0.134808714,5149.468750000,30.983390277,41,224,79.571428571,2.815080790,3,175,62,5013,159548,0
512,2,37,32,64,60,1.066666667,5429,172726,0.145943352,5731.843750000,30.134457172,41,220,86.174603175,2.552956346,3,212,60,5429,172726,0
512,2,38,32,64,59,1.084745763,5007,159319,0.134615222,5417.125000000,29.410249902,42,226,79.476190476,2.843618933,3,156,59,5007,159319,0
512,2,39,32,64,61,1.049180328,5610,178566,0.150877810,5946.750000000,30.027494009,47,223,89.047619048,2.504278075,2,212,61,5610,178566,0
512,2,40,32,64,61,1.049180328,5001,159079,0.134412436,5334.375000000,29.821487991,42,217,79.380952381,2.733653269,2,156,61,5001,159079,0
512,2,41,32,64,62,1.032258065,4876,155017,0.130980284,4993.625000000,31.042979799,43,210,77.396825397,2.713289582,3,142,62,4876,155017,0
512,2,42,32,64,62,1.032258065,5034,159999,0.135189782,5132.875000000,31.171419526,40,228,79.904761905,2.853396901,4,167,62,5034,159999,0
512,2,43,32,64,60,1.066666667,5194,165361,0.139720358,5587.562500000,29.594478809,43,225,82.444444444,2.729110512,3,175,60,5194,165361,0
512,2,44,32,64,59,1.084745763,5152,163851,0.138444497,5820.187500000,28.152185819,44,222,81.777777778,2.714673913,2,212,59,5152,163851,0
512,2,45,32,64,62,1.032258065,5406,171950,0.145287677,5548.875000000,30.988263387,43,221,85.809523810,2.575471698,2,156,62,5406,171950,0
512,2,46,32,64,61,1.049180328,5051,160543,0.135649430,5307.812500000,30.246546953,41,222,80.174603175,2.768956642,3,175,61,5051,160543,0
512,2,47,32,64,60,1.066666667,4938,156981,0.132639749,5412.968750000,29.000906388,39,228,78.380952381,2.908869988,3,156,60,4938,156981,0
512,2,48,32,64,57,1.122807018,4404,140042,0.118327286,4975.500000000,28.146316953,42,219,69.904761905,3.132833787,3,148,57,4404,140042,0
512,2,49,32,64,60,1.066666667,4760,151353,0.127884419,5028.125000000,30.101280298,39,243,75.555555556,3.216176471,3,212,60,4760,151353,0
512,2,50,32,64,59,1.084745763,5317,169190,0.142955639,5713.843750000,29.610540190,43,224,84.396825397,2.654128268,3,212,59,5317,169190,0
512,2,51,32,64,60,1.066666667,4879,155200,0.131134908,5325.500000000,29.142803493,38,224,77.444444444,2.892395983,3,150,60,4879,155200,0
512,2,52,32,64,61,1.049180328,5047,160392,0.135521844,5263.031250000,30.475213310,41,231,80.111111111,2.883495146,3,169,61,5047,160392,0
512,2,53,32,64,60,1.066666667,4902,155958,0.131775374,5204.812500000,29.964191794,40,253,77.809523810,3.251529988,3,175,60,4902,155958,0
512,2,54,32,64,60,1.066666667,5433,172954,0.146135998,5880.031250000,29.413789255,42,245,86.238095238,2.840971839,3,175,60,5433,172954,0
512,2,55,32,64,56,1.142857143,5011,159409,0.134691267,5753.375000000,27.707041519,40,221,79.539682540,2.778487328,3,156,56,5011,159409,0
512,2,56,32,64,59,1.084745763,4942,157140,0.132774095,5555.062500000,28.287710534,41,229,78.444444444,2.919263456,3,212,59,4942,157140,0
512,2,57,32,64,57,1.122807018,4373,139095,0.117527127,4957.812500000,28.055720139,41,222,69.412698413,3.198262063,3,142,57,4373,139095,0
512,2,58,32,64,61,1.049180328,4785,152304,0.128687958,4992.843750000,30.504459508,43,216,75.952380952,2.843887147,4,212,61,4785,152304,0
512,2,59,32,64,62,1.032258065,5066,161048,0.136076126,5218.500000000,30.860975376,41,224,80.412698413,2.785629688,3,158,62,5066,161048,0
512,2,60,32,64,63,1.015873016,5308,168862,0.142678498,5438.781250000,31.047764607,43,222,84.253968254,2.634890731,3,162,63,5308,168862,0
512,2,61,32,64,57,1.122807018,5037,160242,0.135395103,5718.031250000,28.023981156,35,271,79.952380952,3.389517570,3,212,57,5037,160242,0
512,2,62,32,64,58,1.103448276,5126,163084,0.137796427,5592.531250000,29.161035086,45,231,81.365079365,2.839055794,3,166,58,5126,163084,0
512,2,63,32,64,57,1.122807018,4527,144008,0.121678324,5060.937500000,28.454807039,43,227,71.857142857,3.159045726,2,167,57,4527,144008,0
512,2,64,32,64,60,1.066666667,5017,159627,0.134875464,5359.312500000,29.784977084,42,218,79.634920635,2.737492525,3,167,60,5017,159627,0
512,2,65,32,64,58,1.103448276,5084,161756,0.136674344,5917.187500000,27.336635860,43,227,80.698412698,2.812942565,3,212,58,5084,161756,0
512,2,66,32,64,62,1.032258065,5102,162334,0.137162721,5296.937500000,30.646765230,43,227,80.984126984,2.803018424,3,167,62,5102,162334,0
512,2,67,32,64,60,1.066666667,5099,162227,0.137072312,5463.406250000,29.693380389,40,233,80.936507937,2.878799765,3,175,60,5099,162227,0
512,2,68,32,64,57,1.122807018,4724,150297,0.126992161,5151.687500000,29.174323947,41,220,74.984126984,2.933954276,2,212,57,4724,150297,0
512,2,69,32,64,59,1.084745763,5003,159159,0.134480031,5293.000000000,30.069714718,44,219,79.412698413,2.757745353,3,162,59,5003,159159,0
512,2,70,32,64,62,1.032258065,5145,163668,0.138289872,5267.718750000,31.069995907,44,253,81.666666667,3.097959184,2,175,62,5145,163668,0
512,2,71,32,64,58,1.103448276,4789,152372,0.128745414,5249.687500000,29.024965772,40,220,76.015873016,2.894132387,3,137,58,4789,152372,0
512,2,72,32,64,60,1.066666667,5062,161044,0.136072746,5327.437500000,30.229167400,42,253,80.349206349,3.148755433,3,175,60,5062,161044,0
512,2,73,32,64,60,1.066666667,5018,159711,0.134946439,5347.281250000,29.867701460,40,235,79.650793651,2.950378637,3,167,60,5018,159711,0
512,2,74,32,64,57,1.122807018,4829,153592,0.129776243,5608.187500000,27.387101448,37,221,76.650793651,2.883205633,3,156,57,4829,153592,0
512,2,75,32,64,60,1.066666667,4970,158122,0.133603827,5292.781250000,29.875030259,45,231,78.888888889,2.928169014,3,175,60,4970,158122,0
512,2,76,32,64,61,1.049180328,5300,168605,0.142461348,5671.843750000,29.726665161,42,224,84.126984127,2.662641509,3,212,61,5300,168605,0
512,2,77,32,64,60,1.066666667,5253,167187,0.141263221,5646.625000000,29.608305846,43,224,83.380952381,2.686464877,3,212,60,5253,167187,0
512,2,78,32,64,62,1.032258065,5439,173001,0.146175711,5498.406250000,31.463844637,44,233,86.333333333,2.698841699,3,212,62,5439,173001,0
512,2,79,32,64,60,1.066666667,4821,153318,0.129544729,5045.625000000,30.386324786,43,227,76.523809524,2.966397013,3,167,60,4821,153318,0
512,2,80,32,64,60,1.066666667,4775,151880,0.128329703,5169.281250000,29.381260693,41,226,75.793650794,2.981780105,3,154,60,4775,151880,0
512,2,81,32,64,59,1.084745763,4961,157865,0.133386677,5361.000000000,29.446931543,43,231,78.746031746,2.933481153,3,175,59,4961,157865,0
512,2,82,32,64,64,1.000000000,5302,168666,0.142512890,5270.812500000,32.000000000,44,232,84.158730159,2.756695587,3,175,64,5302,168666,0
512,2,83,32,64,61,1.049180328,5308,168931,0.142736799,5428.687500000,31.118203065,40,230,84.253968254,2.729841748,3,212,61,5308,168931,0
512,2,84,32,64,60,1.066666667,5350,170322,0.143912113,5701.093750000,29.875319977,44,224,84.920634921,2.637757009,4,175,60,5350,170322,0
512,2,85,32,64,57,1.122807018,4976,158364,0.133808303,5731.656250000,27.629709999,41,220,78.984126984,2.785369775,3,212,57,4976,158364,0
512,2,86,32,64,61,1.049180328,4836,153775,0.129930867,5207.812500000,29.527752775,35,227,76.761904762,2.957196030,3,167,61,4836,153775,0
512,2,87,32,64,57,1.122807018,4738,150699,0.127331827,5331.843750000,28.263956535,43,220,75.206349206,2.925284930,3,150,57,4738,150699,0
512,2,88,32,64,56,1.142857143,4639,147511,0.124638154,5340.656250000,27.620388412,40,230,73.634920635,3.123518000,2,158,56,4639,147511,0
512,2,89,32,64,61,1.049180328,4833,153814,0.129963820,5070.906250000,30.332645176,42,214,76.714285714,2.789571695,3,137,61,4833,153814,0
512,2,90,32,64,60,1.066666667,4801,152633,0.128965944,5076.875000000,30.064360458,42,226,76.206349206,2.965632160,3,167,60,4801,152633,0
512,2,91,32,64,59,1.084745763,5360,170630,0.144172355,5900.000000000,28.920338983,40,229,85.079365079,2.691604478,2,212,59,5360,170630,0
512,2,92,32,64,61,1.049180328,5144,163663,0.138285648,5366.687500000,30.496092795,38,225,81.650793651,2.755637636,3,166,61,5144,163663,0
512,2,93,32,64,56,1.142857143,4993,158853,0.134221479,5852.468750000,27.142904437,42,216,79.253968254,2.725415582,3,212,56,4993,158853,0
512,2,94,32,64,57,1.122807018,4818,153359,0.129579371,5428.312500000,28.251689637,40,229,76.476190476,2.994396015,3,156,57,4818,153359,0
512,2,95,32,64,59,1.084745763,5050,160656,0.135744909,5596.750000000,28.705230714,41,224,80.158730159,2.794455446,3,175,59,5050,160656,0
512,2,96,32,64,58,1.103448276,5028,160031,0.135216820,5526.125000000,28.958990251,40,239,79.809523810,2.994630072,3,167,58,5028,160031,0
512,2,97,32,64,63,1.015873016,5313,168995,0.142790875,5321.687500000,31.755904495,46,236,84.333333333,2.798418972,3,167,63,5313,168995,0
512,2,98,32,64,62,1.032258065,5368,170902,0.144402179,5557.781250000,30.750040765,39,246,85.206349206,2.887108793,3,167,62,5368,170902,0
512,2,99,32,64,58,1.103448276,4816,153301,0.129530365,5394.750000000,28.416701423,43,222,76.444444444,2.904069767,4,156,58,4816,153301,0
512,2,100,32,64,61,1.049180328,4589,145897,0.123274418,4918.062500000,29.665544104,44,212,72.841269841,2.910438004,3,158,61,4589,145897,0
512,2,101,32,64,57,1.122807018,4712,149856,0.126619541,5432.468750000,27.585248420,37,234,74.793650794,3.128607810,2,175,57,4712,149856,0
512,2,102,32,64,59,1.084745763,5027,159860,0.135072335,5477.000000000,29.187511411,42,230,79.793650794,2.882434852,2,158,59,5027,159860,0
512,2,103,32,64,59,1.084745763,4922,156583,0.132303462,5664.718750000,27.641795985,43,237,78.126984127,3.033522958,3,212,59,4922,156583,0
512,2,104,32,64,62,1.032258065,5207,165642,0.139957787,5359.593750000,30.905700642,44,218,82.650793651,2.637603226,3,212,62,5207,165642,0
512,2,105,32,64,61,1.049180328,5653,179887,0.151993977,5902.625000000,30.475762902,45,232,89.730158730,2.585529807,3,212,61,5653,179887,0
512,2,106,32,64,60,1.066666667,5084,161678,0.136608439,5378.718750000,30.058831390,42,209,80.698412698,2.589889851,3,154,60,5084,161678,0
512,2,107,32,64,61,1.049180328,5203,165575,0.139901176,5423.312500000,30.530234059,39,231,82.587301587,2.797040169,3,175,61,5203,165575,0
512,2,108,32,64,59,1.084745763,4735,150547,0.127203396,5168.031250000,29.130435308,37,243,75.158730159,3.233157339,3,175,59,4735,150547,0
512,2,109,32,64,59,1.084745763,4889,155601,0.131473730,5356.156250000,29.050870202,40,231,77.603174603,2.976682348,3,167,59,4889,155601,0
512,2,110,32,64,61,1.049180328,5289,168203,0.142121682,5728.281250000,29.363607103,43,227,83.952380952,2.703913783,2,175,61,5289,168203,0
512,2,111,32,64,59,1.084745763,5206,165637,0.139953562,5567.406250000,29.751196978,43,216,82.634920635,2.613907030,3,212,59,5206,165637,0
512,2,112,32,64,59,1.084745763,4947,157435,0.133023352,5316.000000000,29.615312265,40,218,78.523809524,2.776228017,3,158,59,4947,157435,0
512,2,113,32,64,63,1.015873016,5154,163907,0.138491813,5233.531250000,31.318624495,42,243,81.809523810,2.970314319,3,167,63,5154,163907,0
512,2,114,32,64,58,1.103448276,5041,160398,0.135526914,5759.906250000,27.847328244,39,229,80.015873016,2.861932156,3,166,58,5041,160398,0
512,2,115,32,64,61,1.049180328,4788,152169,0.128573891,5008.500000000,30.382150344,39,219,76.000000000,2.881578947,4,212,61,4788,152169,0
512,2,116,32,64,60,1.066666667,4860,154541,0.130578092,5133.750000000,30.102946189,40,219,77.142857143,2.838888889,2,212,60,4860,154541,0
512,2,117,32,64,61,1.049180328,5318,169260,0.143014785,5572.625000000,30.373477490,42,236,84.412698413,2.795787890,3,212,61,5318,169260,0
512,2,118,32,64,58,1.103448276,4885,155478,0.131369802,5350.062500000,29.060968914,42,249,77.539682540,3.211258956,4,162,58,4885,155478,0
512,2,119,32,64,60,1.066666667,5390,171625,0.145013071,5788.125000000,29.651225570,38,221,85.555555556,2.583116883,3,156,60,5390,171625,0
512,2,120,32,64,59,1.084745763,5216,165957,0.140223943,5752.281250000,28.850640778,42,217,82.793650794,2.620973926,3,166,59,5216,165957,0
512,2,121,32,64,58,1.103448276,4929,156880,0.132554410,5299.250000000,29.604189272,37,216,78.238095238,2.760803408,3,212,58,4929,156880,0
512,2,122,32,64,63,1.015873016,5246,166872,0.140997065,5300.531250000,31.482127381,39,221,83.269841270,2.654022112,3,212,63,5246,166872,0
512,2,123,32,64,60,1.066666667,5095,162064,0.136934586,5508.906250000,29.418543835,41,229,80.873015873,2.831599607,3,175,60,5095,162064,0
512,2,124,32,64,59,1.084745763,4777,151960,0.128397298,5195.875000000,29.246277095,38,232,75.825396825,3.059660875,3,175,59,4777,151960,0
512,2,125,32,64,61,1.049180328,5297,168545,0.142410652,5525.437500000,30.503466920,42,231,84.079365079,2.747404191,3,212,61,5297,168545,0
512,2,126,32,64,60,1.066666667,4963,157925,0.133437374,5265.000000000,29.995251662,39,214,78.777777778,2.716502116,3,162,60,4963,157925,0
512,2,127,32,64,54,1.185185185,4154,132135,0.111646335,4763.125000000,27.741241307,43,215,65.936507937,3.260712566,3,212,54,4154,132135,0
512,2,128,32,64,59,1.084745763,5010,159449,0.134725065,5469.406250000,29.152890225,40,224,79.523809524,2.816766467,4,166,59,5010,159449,0
512,2,129,32,64,60,1.066666667,5697,181387,0.153261389,6032.781250000,30.066894933,38,233,90.428571429,2.576619273,3,212,60,5697,181387,0
512,2,130,32,64,61,1.049180328,5194,165330,0.139694165,5408.406250000,30.569079385,38,219,82.444444444,2.656334232,3,156,61,5194,165330,0
512,2,131,32,64,57,1.122807018,4425,140742,0.118918745,5026.437500000,28.000348159,40,213,70.238095238,3.032542373,4,156,57,4425,140742,0
512,2,132,32,64,61,1.049180328,5105,162486,0.137291152,5352.500000000,30.357029426,47,222,81.031746032,2.739666993,3,175,61,5105,162486,0
512,2,133,32,64,59,1.084745763,5109,162694,0.137466899,5574.343750000,29.186215866,41,235,81.095238095,2.897827363,3,175,59,5109,162694,0
512,2,134,32,64,59,1.084745763,5022,159762,0.134989531,5458.687500000,29.267475011,39,227,79.714285714,2.847670251,3,212,59,5022,159762,0
512,2,135,32,64,59,1.084745763,5211,165825,0.140112411,5720.375000000,28.988484147,43,222,82.714285714,2.683937824,3,175,59,5211,165825,0
512,2,136,32,64,58,1.103448276,4932,156799,0.132485970,5572.968750000,28.135632377,40,229,78.285714286,2.925182482,3,175,58,4932,156799,0
512,2,137,32,64,60,1.066666667,5112,162775,0.137535340,5486.125000000,29.670304632,44,224,81.142857143,2.760563380,4,167,60,5112,162775,0
512,2,138,32,64,60,1.066666667,5024,159826,0.135043607,5360.562500000,29.815154660,41,245,79.746031746,3.072253185,3,156,60,5024,159826,0
512,2,139,32,64,56,1.142857143,4532,144098,0.121754369,5246.843750000,27.463749040,38,219,71.936507937,3.044351280,3,156,56,4532,144098,0
512,2,140,32,64,58,1.103448276,5369,170881,0.144384435,5980.312500000,28.573924858,40,245,85.222222222,2.874837027,3,162,58,5369,170881,0
512,2,141,32,64,63,1.015873016,5459,173768,0.146823781,5515.937500000,31.502895020,44,219,86.650793651,2.527385968,3,145,63,5459,173768,0
512,2,142,32,64,61,1.049180328,5034,160075,0.135253998,5399.843750000,29.644376284,43,232,79.904761905,2.903456496,3,167,61,5034,160075,0
512,2,143,32,64,57,1.122807018,5005,159255,0.134561146,5828.031250000,27.325694247,41,233,79.444444444,2.932867133,3,167,57,5005,159255,0
512,2,144,32,64,58,1.103448276,4867,154840,0.130830730,5211.218750000,29.712819098,41,223,77.253968254,2.886583111,3,212,58,4867,154840,0
512,2,145,32,64,61,1.049180328,4875,155006,0.130970990,5137.000000000,30.174420868,38,221,77.380952381,2.856000000,3,148,61,4875,155006,0
512,2,146,32,64,60,1.066666667,4878,155177,0.131115475,5280.906250000,29.384539822,38,225,77.428571429,2.905904059,4,212,60,4878,155177,0
512,2,147,32,64,61,1.049180328,5331,169628,0.143325723,5568.187500000,30.463772996,41,226,84.619047619,2.670793472,3,167,61,5331,169628,0
512,2,148,32,64,62,1.032258065,5186,164982,0.139400125,5422.031250000,30.428079882,42,216,82.317460317,2.623987659,3,156,62,5186,164982,0
512,2,149,32,64,58,1.103448276,4480,142402,0.120321348,5024.562500000,28.341173983,39,232,71.111111111,3.262500000,3,143,58,4480,142402,0
512,2,150,32,64,61,1.049180328,5119,162886,0.137629128,5402.906250000,30.147848669,44,271,81.253968254,3.335221723,3,154,61,5119,162886,0
512,2,151,32,64,58,1.103448276,4755,151174,0.127733174,5076.031250000,29.781928549,38,232,75.476190476,3.073817035,3,212,58,4755,151174,0
512,2,152,32,64,59,1.084745763,5221,166097,0.140342235,5633.343750000,29.484620036,37,227,82.873015873,2.739130435,3,175,59,5221,166097,0
512,2,153,32,64,61,1.049180328,5126,163231,0.137920633,5407.718750000,30.184816842,41,227,81.365079365,2.789894655,3,175,61,5126,163231,0
512,2,154,32,64,57,1.122807018,4493,142944,0.120779306,5048.937500000,28.311699244,43,222,71.317460317,3.112842199,3,156,57,4493,142944,0
512,2,155,32,64,61,1.049180328,5057,160757,0.135830248,5466.437500000,29.408001098,41,236,80.269841270,2.940083053,3,175,61,5057,160757,0
512,2,156,32,64,64,1.000000000,4888,155322,0.131237991,4853.812500000,32.000000000,40,228,77.587301587,2.938625205,3,175,64,4888,155322,0
512,2,157,32,64,55,1.163636364,4816,153238,0.129477133,5823.875000000,26.312034513,39,227,76.444444444,2.969476744,3,175,55,4816,153238,0
512,2,158,32,64,61,1.049180328,5546,176487,0.149121176,5663.406250000,31.162694712,40,253,88.031746032,2.873963217,3,212,61,5546,176487,0
512,2,159,32,64,58,1.103448276,4932,156920,0.132588208,5568.906250000,28.177885020,41,217,78.285714286,2.771897810,3,158,58,4932,156920,0
512,2,160,32,64,61,1.049180328,5170,164493,0.138986949,5432.625000000,30.278732657,41,232,82.063492063,2.827079304,3,212,61,5170,164493,0
512,2,161,32,64,61,1.049180328,4884,155386,0.131292068,5143.312500000,30.211269488,40,233,77.523809524,3.005528256,3,162,61,4884,155386,0
512,2,162,32,64,58,1.103448276,5355,170535,0.144092085,5988.843750000,28.475446533,39,253,85.000000000,2.976470588,3,175,58,5355,170535,0
512,2,163,32,64,60,1.066666667,5618,178922,0.151178609,6101.000000000,29.326667759,40,248,89.174603175,2.781060876,3,167,60,5618,178922,0
512,2,164,32,64,60,1.066666667,4822,153352,0.129573457,5154.937500000,29.748566302,42,216,76.539682540,2.822065533,3,156,60,4822,153352,0
512,2,165,32,64,61,1.049180328,5225,166314,0.140525587,5532.562500000,30.060934693,40,221,82.936507937,2.664688995,3,156,61,5225,166314,0
512,2,166,32,64,61,1.049180328,5568,177085,0.149626451,5735.375000000,30.875923545,44,231,88.380952381,2.613685345,3,212,61,5568,177085,0
512,2,167,32,64,58,1.103448276,5162,164277,0.138804442,5659.343750000,29.027570555,38,232,81.936507937,2.831460674,3,175,58,5162,164277,0
512,2,168,32,64,60,1.066666667,5303,168759,0.142591469,5555.031250000,30.379487064,39,227,84.174603175,2.696775410,3,175,60,5303,168759,0
512,2,169,32,64,62,1.032258065,5084,161785,0.136698848,5265.000000000,30.728395062,41,233,80.698412698,2.887293470,3,162,62,5084,161785,0
512,2,170,32,64,59,1.084745763,4639,147415,0.124557039,5130.812500000,28.731316921,43,227,73.634920635,3.082776460,4,212,59,4639,147415,0
512,2,171,32,64,59,1.084745763,4992,158756,0.134139520,5442.750000000,29.168343209,36,231,79.238095238,2.915264423,3,158,59,4992,158756,0
512,2,172,32,64,61,1.049180328,5252,167170,0.141248857,5529.218750000,30.233927714,43,223,83.365079365,2.674980960,2,167,61,5252,167170,0
512,2,173,32,64,61,1.049180328,5138,163387,0.138052444,5385.343750000,30.339196082,44,232,81.555555556,2.844686649,3,212,61,5138,163387,0
512,2,174,32,64,59,1.084745763,4951,157385,0.132981105,5426.000000000,29.005713233,43,231,78.587301587,2.939406181,3,212,59,4951,157385,0
512,2,175,32,64,58,1.103448276,4975,158319,0.133770281,5468.625000000,28.950421724,41,229,78.968253968,2.899899497,3,166,58,4975,158319,0
512,2,176,32,64,61,1.049180328,5331,169476,0.143197292,5625.125000000,30.128397147,43,222,84.619047619,2.623522791,3,175,61,5331,169476,0
512,2,177,32,64,60,1.066666667,4799,152606,0.128943130,5056.562500000,30.179791113,40,221,76.174603175,2.901229423,4,154,60,4799,152606,0
512,2,178,32,64,58,1.103448276,4875,155076,0.131030136,5344.937500000,29.013622704,39,222,77.380952381,2.868923077,3,167,58,4875,155076,0
512,2,179,32,64,61,1.049180328,5353,170281,0.143877470,5562.781250000,30.610766871,44,227,84.968253968,2.671586027,3,167,61,5353,170281,0
512,2,180,32,64,59,1.084745763,5316,169181,0.142948034,5751.031250000,29.417506643,39,229,84.380952381,2.713882619,3,175,59,5316,169181,0
512,2,181,32,64,61,1.049180328,5320,169389,0.143123782,5581.718750000,30.347104107,45,228,84.444444444,2.700000000,3,175,61,5320,169389,0
512,2,182,32,64,57,1.122807018,4784,152156,0.128562907,5469.687500000,27.818042621,42,222,75.936507937,2.923494983,3,148,57,4784,152156,0
512,2,183,32,64,64,1.000000000,5675,180509,0.152519531,5640.906250000,32.000000000,43,232,90.079365079,2.575506608,3,212,64,5675,180509,0
512,2,184,32,64,62,1.032258065,5187,164986,0.139403505,5364.593750000,30.754612127,45,231,82.333333333,2.805668016,3,212,62,5187,164986,0
512,2,185,32,64,60,1.066666667,5002,159213,0.134525658,5261.187500000,30.261799261,39,226,79.396825397,2.846461415,3,167,60,5002,159213,0
512,2,186,32,64,60,1.066666667,4640,147693,0.124791933,4950.437500000,29.834332824,39,212,73.650793651,2.878448276,4,142,60,4640,147693,0
512,2,187,32,64,61,1.049180328,5015,159546,0.134807024,5292.687500000,30.144609898,44,231,79.603174603,2.901894317,3,145,61,5015,159546,0
512,2,188,32,64,63,1.015873016,5440,173078,0.146240771,5507.750000000,31.424447370,45,232,86.349206349,2.686764706,3,175,63,5440,173078,0
512,2,189,32,64,61,1.049180328,5107,162281,0.137117939,5366.687500000,30.238578266,44,231,81.063492063,2.849618171,3,212,61,5107,162281,0
512,2,190,32,64,59,1.084745763,5497,174935,0.147809827,6234.812500000,28.057780406,41,245,87.253968254,2.807895216,3,212,59,5497,174935,0
512,2,191,32,64,59,1.084745763,5051,160665,0.135752513,5537.781250000,29.012521937,45,235,80.174603175,2.931102752,3,212,59,5051,160665,0
512,2,192,32,64,60,1.066666667,4673,148499,0.125472956,4902.656250000,30.289498677,39,233,74.174603175,3.141236893,3,158,60,4673,148499,0
512,2,193,32,64,60,1.066666667,4914,156369,0.132122645,5339.000000000,29.288068927,44,222,78.000000000,2.846153846,3,145,60,4914,156369,0
512,2,194,32,64,58,1.103448276,4948,157482,0.133063065,5487.750000000,28.697006970,36,232,78.539682540,2.953920776,3,156,58,4948,157482,0
512,2,195,32,64,56,1.142857143,4904,156112,0.131905495,5602.562500000,27.864392410,44,224,77.841269841,2.877650897,3,162,56,4904,156112,0
512,2,196,32,64,61,1.049180328,5132,163238,0.137926548,5374.375000000,30.373392255,44,224,81.460317460,2.749805144,3,167,61,5132,163238,0
512,2,197,32,64,59,1.084745763,5171,164542,0.139028351,5688.593750000,28.924899058,41,225,82.079365079,2.741249275,3,166,59,5171,164542,0
512,2,198,32,64,57,1.122807018,4804,152777,0.129087615,5357.468750000,28.516638571,39,236,76.253968254,3.094920899,3,175,57,4804,152777,0
512,2,199,32,64,60,1.066666667,5462,173749,0.146807727,5990.437500000,29.004392417,41,222,86.698412698,2.560600513,3,212,60,5462,173749,0
512,2,200,32,64,58,1.103448276,5388,171637,0.145023211,6002.031250000,28.596485565,43,226,85.523809524,2.642538976,3,169,58,5388,171637,0
512,2,201,32,64,60,1.066666667,5623,178943,0.151196353,5863.312500000,30.519096500,45,224,89.253968254,2.509692335,3,167,60,5623,178943,0
512,2,202,32,64,56,1.142857143,4865,154774,0.130774963,5777.250000000,26.790254879,46,212,77.222222222,2.745323741,2,212,56,4865,154774,0
512,2,203,32,64,61,1.049180328,4557,144833,0.122375401,4858.375000000,29.810996475,42,218,72.333333333,3.013824885,3,162,61,4557,144833,0
512,2,204,32,64,55,1.163636364,4899,155815,0.131654547,5721.031250000,27.235474374,38,221,77.761904762,2.842008573,3,212,55,4899,155815,0
512,2,205,32,64,62,1.032258065,5057,160855,0.135913052,5192.750000000,30.976842713,44,216,80.269841270,2.690923472,3,175,62,5057,160855,0
512,2,206,32,64,58,1.103448276,4718,150037,0.126772476,5148.187500000,29.143654927,38,219,74.888888889,2.924332344,2,156,58,4718,150037,0
512,2,207,32,64,56,1.142857143,4804,152915,0.129204217,5440.281250000,28.107921810,41,211,76.253968254,2.767069109,3,167,56,4804,152915,0
512,2,208,32,64,60,1.066666667,5212,165706,0.140011863,5525.031250000,29.991866562,43,219,82.730158730,2.647160399,3,175,60,5212,165706,0
512,2,209,32,64,59,1.084745763,4864,154665,0.130682865,5287.968750000,29.248470880,40,219,77.206349206,2.836554276,3,175,59,4864,154665,0
512,2,210,32,64,63,1.015873016,5339,169925,0.143576671,5445.562500000,31.204306259,42,235,84.746031746,2.772991197,3,167,63,5339,169925,0
512,2,211,32,64,59,1.084745763,5299,168663,0.142510355,5792.562500000,29.117165331,40,228,84.111111111,2.710700132,3,158,59,5299,168663,0
512,2,212,32,64,60,1.066666667,5192,165218,0.139599532,5656.718750000,29.207391653,44,245,82.412698413,2.972842835,3,212,60,5192,165218,0
512,2,213,32,64,58,1.103448276,4931,156886,0.132559480,5635.468750000,27.839032911,41,227,78.269841270,2.900223078,3,166,58,4931,156886,0
512,2,214,32,64,58,1.103448276,4675,148731,0.125668982,5175.750000000,28.736125199,41,241,74.206349206,3.247700535,3,154,58,4675,148731,0
512,2,215,32,64,60,1.066666667,5444,173174,0.146321886,5788.375000000,29.917550262,43,232,86.412698413,2.684790595,3,212,60,5444,173174,0
512,2,216,32,64,54,1.185185185,5015,159643,0.134888983,6411.968750000,24.897657213,42,231,79.603174603,2.901894317,2,212,54,5015,159643,0
512,2,217,32,64,60,1.066666667,5104,162402,0.137220177,5340.500000000,30.409512218,41,271,81.015873016,3.345023511,3,162,60,5104,162402,0
512,2,218,32,64,61,1.049180328,5379,171235,0.144683544,5615.375000000,30.493956325,43,219,85.380952381,2.564974902,3,167,61,5379,171235,0
512,2,219,32,64,59,1.084745763,4906,156053,0.131855643,5250.312500000,29.722611749,41,231,77.873015873,2.966367713,3,166,59,4906,156053,0
512,2,220,32,64,60,1.066666667,5320,169420,0.143149975,5812.562500000,29.147213471,40,231,84.444444444,2.735526316,3,175,60,5320,169420,0
512,2,221,32,64,61,1.049180328,5030,159991,0.135183023,5261.593750000,30.407326677,39,237,79.841269841,2.968389662,3,156,61,5030,159991,0
512,2,222,32,64,57,1.122807018,4730,150411,0.127088484,5402.437500000,27.841321626,42,226,75.079365079,3.010147992,3,212,57,4730,150411,0
512,2,223,32,64,60,1.066666667,4927,156647,0.132357539,5213.937500000,30.043896767,40,221,78.206349206,2.825857520,3,156,60,4927,156647,0
512,2,224,32,64,59,1.084745763,5274,167948,0.141906222,5798.843750000,28.962325464,40,223,83.714285714,2.663822526,3,175,59,5274,167948,0
512,2,225,32,64,55,1.163636364,4681,148971,0.125871768,5449.312500000,27.337576988,39,221,74.301587302,2.974364452,3,158,55,4681,148971,0
512,2,226,32,64,59,1.084745763,4937,157093,0.132734383,5365.156250000,29.280228325,37,216,78.365079365,2.756329755,3,212,59,4937,157093,0
512,2,227,32,64,60,1.066666667,4849,154281,0.130358407,5176.312500000,29.805194335,42,219,76.968253968,2.845328934,3,158,60,4849,154281,0
512,2,228,32,64,63,1.015873016,4857,154382,0.130443746,4890.906250000,31.565111272,44,222,77.095238095,2.879555281,3,175,63,4857,154382,0
512,2,229,32,64,57,1.122807018,5122,163021,0.137743195,5803.937500000,28.088000603,40,224,81.301587302,2.755173760,3,167,57,5122,163021,0
512,2,230,32,64,56,1.142857143,4719,150116,0.126839226,5288.218750000,28.386874125,38,215,74.904761905,2.870311507,3,175,56,4719,150116,0
512,2,231,32,64,58,1.103448276,5299,168698,0.142539928,5809.375000000,29.038924153,41,231,84.111111111,2.746367239,3,175,58,5299,168698,0
512,2,232,32,64,61,1.049180328,4857,154388,0.130448816,5134.250000000,30.070214734,41,224,77.095238095,2.905497221,4,162,61,4857,154388,0
512,2,233,32,64,59,1.084745763,4815,153179,0.129427282,5173.906250000,29.606064084,42,219,76.428571429,2.865420561,3,167,59,4815,153179,0
512,2,234,32,64,60,1.066666667,5050,160623,0.135717026,5330.187500000,30.134587198,42,224,80.158730159,2.794455446,3,158,60,5050,160623,0
512,2,235,32,64,60,1.066666667,5172,164600,0.139077358,5638.125000000,29.194102649,37,217,82.095238095,2.643271462,4,175,60,5172,164600,0
512,2,236,32,64,61,1.049180328,4986,158559,0.133973067,5193.562500000,30.529910827,39,244,79.142857143,3.083032491,4,212,61,4986,158559,0
512,2,237,32,64,58,1.103448276,4278,136030,0.114937381,4671.062500000,29.121853968,39,234,67.904761905,3.446002805,4,136,58,4278,136030,0
512,2,238,32,64,56,1.142857143,4842,154039,0.130153931,5497.656250000,28.019030837,40,239,76.857142857,3.109665428,3,212,56,4842,154039,0
512,2,239,32,64,64,1.000000000,4918,156345,0.132102366,4885.781250000,32.000000000,41,226,78.063492063,2.895079301,3,156,64,4918,156345,0
512,2,240,32,64,59,1.084745763,5160,164224,0.138759660,5630.531250000,29.166697192,45,224,81.904761905,2.734883721,3,166,59,5160,164224,0
512,2,241,32,64,60,1.066666667,5032,159994,0.135185558,5277.625000000,30.315530186,41,234,79.873015873,2.929650238,3,212,60,5032,159994,0
512,2,242,32,64,58,1.103448276,5258,167310,0.141367149,5886.687500000,28.421756718,39,253,83.460317460,3.031380753,3,212,58,5258,167310,0
512,2,243,32,64,62,1.032258065,4858,154462,0.130511342,4945.312500000,31.234022117,40,222,77.111111111,2.878962536,5,166,62,4858,154462,0
512,2,244,32,64,62,1.032258065,4912,156196,0.131976470,5010.437500000,31.174124016,42,235,77.968253968,3.014047231,3,212,62,4912,156196,0
512,2,245,32,64,55,1.163636364,4816,153239,0.129477978,5471.375000000,28.007402161,45,221,76.444444444,2.890988372,3,212,55,4816,153239,0
512,2,246,32,64,60,1.066666667,5198,165273,0.139646003,5541.968750000,29.822073609,42,234,82.507936508,2.836090804,2,167,60,5198,165273,0
512,2,247,32,64,60,1.066666667,4871,154877,0.130861992,5171.468750000,29.948358481,42,231,77.317460317,2.987682201,3,167,60,4871,154877,0
512,2,248,32,64,58,1.103448276,4786,152161,0.128567131,5366.031250000,28.356338775,38,224,75.968253968,2.948600084,3,139,58,4786,152161,0
512,2,249,32,64,56,1.142857143,4714,149871,0.126632216,5529.218750000,27.105275949,40,245,74.825396825,3.274289351,3,166,56,4714,149871,0
512,2,250,32,64,61,1.049180328,4752,151031,0.127612348,5024.875000000,30.056668076,41,230,75.428571429,3.049242424,3,156,61,4752,151031,0
512,2,251,32,64,59,1.084745763,5184,164930,0.139356188,5605.218750000,29.424364571,41,239,82.285714286,2.904513889,3,212,59,5184,164930,0
512,2,252,32,64,60,1.066666667,4842,154052,0.130164916,5108.281250000,30.157305845,38,220,76.857142857,2.862453532,3,156,60,4842,154052,0
512,2,253,32,64,60,1.066666667,5088,161957,0.136844178,5382.218750000,30.091121807,45,220,80.761904762,2.724056604,3,167,60,5088,161957,0
512,2,254,32,64,63,1.015873016,4623,146867,0.124094012,4671.656250000,31.437886724,43,221,73.380952381,3.011680727,3,136,63,4623,146867,0
512,2,255,32,64,60,1.066666667,5201,165410,0.139761760,5589.250000000,29.594310507,39,229,82.555555556,2.773889637,3,167,60,5201,165410,0
512,2,256,32,64,61,1.049180328,5423,172625,0.145858013,5560.437500000,31.045219014,42,220,86.079365079,2.555780933,3,156,61,5423,172625,0
512,2,257,32,64,59,1.084745763,4732,150538,0.127195792,5135.968750000,29.310536595,38,245,75.111111111,3.261834320,3,142,59,4732,150538,0
512,2,258,32,64,60,1.066666667,5262,167425,0.141464317,5680.156250000,29.475421561,42,226,83.523809524,2.705815279,3,175,60,5262,167425,0
512,2,259,32,64,60,1.066666667,4671,148600,0.125558295,4990.187500000,29.778440189,40,233,74.142857143,3.142581888,3,175,60,4671,148600,0
512,2,260,32,64,61,1.049180328,5354,170291,0.143885919,5618.718750000,30.307799265,42,226,84.984126984,2.659320134,4,212,61,5354,170291,0
512,2,261,32,64,61,1.049180328,4955,157669,0.133221069,5157.875000000,30.568596564,39,219,78.650793651,2.784460141,3,148,61,4955,157669,0
512,2,262,32,64,63,1.015873016,5152,163965,0.138540820,5196.968750000,31.550122367,41,243,81.777777778,2.971467391,3,167,63,5152,163965,0
512,2,263,32,64,59,1.084745763,5319,169241,0.142998731,5910.562500000,28.633653734,41,229,84.428571429,2.712351946,3,175,59,5319,169241,0
512,2,264,32,64,59,1.084745763,5275,167836,0.141811588,5605.437500000,29.941641487,42,221,83.730158730,2.639431280,3,212,59,5275,167836,0
512,2,265,32,64,58,1.103448276,4911,156394,0.132143768,5638.281250000,27.737885548,43,231,77.952380952,2.963347587,3,166,58,4911,156394,0
512,2,266,32,64,58,1.103448276,4935,157096,0.132736917,5621.093750000,27.947585823,38,224,78.333333333,2.859574468,4,166,58,4935,157096,0
512,2,267,32,64,60,1.066666667,4861,154623,0.130647377,5161.375000000,29.957714756,37,234,77.158730159,3.032709319,3,166,60,4861,154623,0
512,2,268,32,64,60,1.066666667,5061,160990,0.136027119,5320.812500000,30.256657230,41,242,80.333333333,3.012448133,3,169,60,5061,160990,0
512,2,269,32,64,61,1.049180328,5033,160089,0.135265827,5230.218750000,30.608471204,40,223,79.888888889,2.791376912,3,148,61,5033,160089,0
512,2,270,32,64,58,1.103448276,4741,150791,0.127409562,5202.000000000,28.987120338,43,227,75.253968254,3.016452225,2,162,58,4741,150791,0
512,2,271,32,64,59,1.084745763,4454,141546,0.119598078,4742.593750000,29.845693614,42,237,70.698412698,3.352267625,3,132,59,4454,141546,0
512,2,272,32,64,60,1.066666667,5380,171341,0.144773108,5817.906250000,29.450629253,48,237,85.396825397,2.775278810,3,175,60,5380,171341,0
512,2,273,32,64,57,1.122807018,4836,153818,0.129967199,5497.187500000,27.981217668,39,249,76.761904762,3.243796526,3,158,57,4836,153818,0
512,2,274,32,64,60,1.066666667,5413,172425,0.145689024,5769.781250000,29.884148554,44,233,85.920634921,2.711804914,3,212,60,5413,172425,0
512,2,275,32,64,61,1.049180328,5308,168795,0.142621887,5675.468750000,29.741155742,44,235,84.253968254,2.789186134,2,175,61,5308,168795,0
512,2,276,32,64,62,1.032258065,5468,174026,0.147041776,5606.843750000,31.038139773,41,249,86.793650794,2.868873446,3,175,62,5468,174026,0
512,2,277,32,64,59,1.084745763,4754,151224,0.127775421,5178.218750000,29.203864746,42,236,75.460317460,3.127471603,2,175,59,4754,151224,0
512,2,278,32,64,62,1.032258065,5230,166442,0.140633740,5344.937500000,31.140120909,43,249,83.015873016,2.999426386,2,156,62,5230,166442,0
512,2,279,32,64,58,1.103448276,4977,158354,0.133799854,5525.937500000,28.656494939,41,222,79.000000000,2.810126582,3,162,58,4977,158354,0
512,2,280,32,64,62,1.032258065,5334,169628,0.143325723,5437.281250000,31.197209083,44,231,84.666666667,2.728346457,3,212,62,5334,169628,0
512,2,281,32,64,58,1.103448276,5198,165345,0.139706839,5638.937500000,29.322013234,39,219,82.507936508,2.654290112,3,212,58,5198,165345,0
512,2,282,32,64,57,1.122807018,4982,158583,0.133993345,5734.125000000,27.656006801,41,231,79.079365079,2.921116018,3,175,57,4982,158583,0
512,2,283,32,64,61,1.049180328,5169,164432,0.138935408,5340.750000000,30.788185180,40,219,82.047619048,2.669181660,3,166,61,5169,164432,0
512,2,284,32,64,59,1.084745763,5172,164677,0.139142418,5621.625000000,29.293487203,38,253,82.095238095,3.081786543,3,212,59,5172,164677,0
512,2,285,32,64,62,1.032258065,5276,167961,0.141917206,5449.437500000,30.821713250,40,271,83.746031746,3.235974223,3,167,62,5276,167961,0
512,2,286,32,64,60,1.066666667,5046,160530,0.135638446,5351.625000000,29.996496391,42,253,80.095238095,3.158739596,3,175,60,5046,160530,0
512,2,287,32,64,59,1.084745763,5082,161633,0.136570417,5447.750000000,29.669680143,44,231,80.666666667,2.863636364,3,212,59,5082,161633,0
512,2,288,32,64,58,1.103448276,4864,154816,0.130810451,5387.062500000,28.738482243,43,231,77.206349206,2.991981908,2,158,58,4864,154816,0
512,2,289,32,64,63,1.015873016,5287,168209,0.142126751,5326.000000000,31.582613594,39,220,83.920634921,2.621524494,4,162,63,5287,168209,0
512,2,290,32,64,57,1.122807018,4902,155990,0.131802412,5564.906250000,28.031020289,44,224,77.809523810,2.878824969,2,175,57,4902,155990,0
512,2,291,32,64,63,1.015873016,4761,151435,0.127953704,4830.062500000,31.352596369,43,233,75.571428571,3.083175803,3,166,63,4761,151435,0
512,2,292,32,64,59,1.084745763,5137,163459,0.138113280,5660.906250000,28.875058653,42,221,81.539682540,2.710336772,3,212,59,5137,163459,0
512,2,293,32,64,57,1.122807018,5065,161190,0.136196108,5871.062500000,27.454996434,44,226,80.396825397,2.811056269,3,175,57,5065,161190,0
512,2,294,32,64,60,1.066666667,4677,148741,0.125677432,5048.281250000,29.463691232,39,220,74.238095238,2.963438101,3,142,60,4677,148741,0
512,2,295,32,64,59,1.084745763,4682,149036,0.125926690,5142.375000000,28.981939279,41,221,74.317460317,2.973729176,3,175,59,4682,149036,0
512,2,296,32,64,57,1.122807018,4506,143289,0.121070811,5239.593750000,27.347349210,39,224,71.523809524,3.131824234,3,167,57,4506,143289,0
512,2,297,32,64,60,1.066666667,5108,162557,0.137351142,5603.406250000,29.010389886,43,221,81.079365079,2.725724354,2,167,60,5108,162557,0
512,2,298,32,64,57,1.122807018,4452,141469,0.119533018,5089.843750000,27.794369916,41,226,70.666666667,3.198113208,3,167,57,4452,141469,0
512,2,299,32,64,54,1.185185185,4547,144613,0.122189514,5551.062500000,26.051409077,39,231,72.174603175,3.200571806,4,167,54,4547,144613,0
512,2,300,32,64,58,1.103448276,4699,149477,0.126299309,5500.593750000,27.174702731,41,216,74.587301587,2.895935305,3,150,58,4699,149477,0
512,2,301,32,64,58,1.103448276,5182,164932,0.139357878,5605.187500000,29.424885430,39,231,82.253968254,2.808375145,3,166,58,5182,164932,0
512,2,302,32,64,60,1.066666667,4948,157465,0.133048701,5353.343750000,29.414326326,38,226,78.539682540,2.877526273,3,158,60,4948,157465,0
512,2,303,32,64,62,1.032258065,4939,157034,0.132684531,5043.343750000,31.136882153,41,227,78.396825397,2.895525410,3,167,62,4939,157034,0
512,2,304,32,64,60,1.066666667,5392,171490,0.144899004,5731.062500000,29.922898241,41,222,85.587301587,2.593842730,2,212,60,5392,171490,0
512,2,305,32,64,59,1.084745763,5271,167761,0.141748218,5838.437500000,28.733886421,40,233,83.666666667,2.784860558,3,212,59,5271,167761,0
512,2,306,32,64,61,1.049180328,5339,169889,0.143546253,5647.656250000,30.081327985,40,253,84.746031746,2.985390523,3,175,61,5339,169889,0
512,2,307,32,64,59,1.084745763,4982,158351,0.133797319,5422.593750000,29.202076958,39,236,79.079365079,2.984343637,3,162,59,4982,158351,0
512,2,308,32,64,58,1.103448276,4668,148603,0.125560830,5141.218750000,28.904235985,43,231,74.095238095,3.117609254,3,167,58,4668,148603,0
512,2,309,32,64,58,1.103448276,5153,163893,0.138479984,5707.031250000,28.717733060,41,237,81.793650794,2.897535416,3,212,58,5153,163893,0
512,2,310,32,64,61,1.049180328,4684,149008,0.125903031,4923.000000000,30.267722933,41,224,74.349206349,3.012809564,3,143,61,4684,149008,0
512,2,311,32,64,60,1.066666667,5037,160173,0.135336802,5357.531250000,29.896792483,42,233,79.952380952,2.914234663,3,212,60,5037,160173,0
512,2,312,16,32,31,1.032258065,2785,88595,0.074857585,5625.625000000,15.748472392,27,224,46.238095238,4.844490216,2,166,33,2913,92669,32
512,4,0,32,128,113,1.132743363,9246,294051,0.248455870,10648.906250000,27.613258404,55,327,146.761904762,2.228098637,5,212,113,9246,294051,0
512,4,1,32,128,106,1.207547170,9401,299112,0.252732118,11553.093750000,25.890207980,55,309,149.222222222,2.070737156,4,212,106,9401,299112,0
512,4,2,32,128,115,1.113043478,10265,326653,0.276002650,11660.531250000,28.013560703,56,338,162.936507937,2.074427667,5,212,115,10265,326653,0
512,4,3,32,128,111,1.153153153,8849,281330,0.237707370,10320.312500000,27.259833460,58,351,140.460317460,2.498926432,5,154,111,8849,281330,0
512,4,4,32,128,110,1.163636364,9594,305147,0.257831340,11384.718750000,26.803209346,59,333,152.285714286,2.186679174,4,212,110,9594,305147,0
512,4,5,32,128,100,1.280000000,7925,252084,0.212996213,10620.125000000,23.736443780,49,335,125.793650794,2.663091483,4,145,100,7925,252084,0
512,4,6,32,128,107,1.196261682,8862,281892,0.238182227,10711.375000000,26.317069471,55,312,140.666666667,2.218009479,4,212,107,8862,281892,0
512,4,7,32,128,112,1.142857143,9703,308810,0.260926360,11088.312500000,27.850044811,57,343,154.015873016,2.227043183,4,212,112,9703,308810,0
512,4,8,32,128,115,1.113043478,9992,318011,0.268700666,11057.093750000,28.760812487,57,343,158.603174603,2.162630104,4,212,115,9992,318011,0
512,4,9,32,128,112,1.142857143,9232,293697,0.248156760,10456.656250000,28.087085678,56,334,146.539682540,2.279246101,4,212,112,9232,293697,0
512,4,10,32,128,106,1.207547170,9013,286897,0.242411159,11495.250000000,24.957873904,52,317,143.063492063,2.215799401,4,175,106,9013,286897,0
512,4,11,32,128,119,1.075630252,8787,279254,0.235953271,9412.437500000,29.668616657,56,336,139.476190476,2.409013315,4,150,119,8787,279254,0
512,4,12,32,128,109,1.174311927,9097,289450,0.244568294,10998.406250000,26.317449403,53,336,144.396825397,2.326920963,4,212,109,9097,289450,0
512,4,13,32,128,114,1.122807018,9116,289841,0.244898666,10382.000000000,27.917645926,58,337,144.698412698,2.328982010,5,212,114,9116,289841,0
512,4,14,32,128,112,1.142857143,8442,268540,0.226900569,9561.406250000,28.085826810,54,336,134.000000000,2.507462687,4,175,112,8442,268540,0
512,4,15,32,128,107,1.196261682,8416,267587,0.226095340,10311.062500000,25.951447778,54,323,133.587301587,2.417894487,5,212,107,8416,267587,0
512,4,16,32,128,114,1.122807018,9369,297968,0.251765505,10626.250000000,28.040748147,60,339,148.714285714,2.279538905,4,212,114,9369,297968,0
512,4,17,32,128,114,1.122807018,9316,296420,0.250457536,10593.031250000,27.982547488,53,313,147.873015873,2.116680979,4,212,114,9316,296420,0
512,4,18,32,128,112,1.142857143,9084,289013,0.244199055,10494.843750000,27.538571024,55,335,144.190476190,2.323315720,5,175,112,9084,289013,0
512,4,19,32,128,113,1.132743363,9361,297808,0.251630314,10381.968750000,28.685118128,56,304,148.587301587,2.045935263,4,166,113,9361,297808,0
512,4,20,32,128,104,1.230769231,8633,274538,0.231968528,11195.093750000,24.523063954,48,337,137.031746032,2.459284142,4,212,104,8633,274538,0
512,4,21,32,128,118,1.084745763,9969,317171,0.267990915,10779.125000000,29.424559044,55,342,158.238095238,2.161300030,4,212,118,9969,317171,0
512,4,22,32,128,106,1.207547170,9092,289234,0.244385787,11247.531250000,25.715331976,56,330,144.317460317,2.286625605,4,212,106,9092,289234,0
512,4,23,32,128,117,1.094017094,8952,284597,0.240467793,9803.968750000,29.028754299,56,343,142.095238095,2.413873995,4,175,117,8952,284597,0
512,4,24,32,128,114,1.122807018,9409,299273,0.252868154,10780.156250000,27.761471454,56,326,149.349206349,2.182803699,5,175,114,9409,299273,0
512,4,25,32,128,114,1.122807018,9220,293463,0.247959044,10712.093750000,27.395484660,57,333,146.349206349,2.275379610,4,175,114,9220,293463,0
512,4,26,32,128,115,1.113043478,9670,307743,0.260024807,10724.250000000,28.695992727,56,302,153.492063492,1.967528438,4,175,115,9670,307743,0
512,4,27,32,128,114,1.122807018,9443,300460,0.253871099,10551.156250000,28.476499910,50,339,149.888888889,2.261675315,6,166,114,9443,300460,0
512,4,28,32,128,113,1.132743363,9521,302959,0.255982608,11115.125000000,27.256463603,56,335,151.126984127,2.216678920,5,175,113,9521,302959,0
512,4,29,32,128,117,1.094017094,9483,301608,0.254841092,10421.343750000,28.941373323,55,330,150.523809524,2.192344195,5,212,117,9483,301608,0
512,4,30,32,128,115,1.113043478,9048,287597,0.243002618,9982.343750000,28.810568660,59,322,143.619047619,2.242042440,4,166,115,9048,287597,0
512,4,31,32,128,107,1.196261682,8801,279946,0.236537971,11059.250000000,25.313289780,53,333,139.698412698,2.383706397,4,175,107,8801,279946,0
512,4,32,32,128,110,1.163636364,9127,290211,0.245211295,10765.250000000,26.958129166,54,329,144.873015873,2.270954311,6,212,110,9127,290211,0
512,4,33,32,128,105,1.219047619,8704,276839,0.233912738,11241.156250000,24.627270882,53,307,138.158730159,2.222081801,4,175,105,8704,276839,0
512,4,34,32,128,111,1.153153153,9345,297286,0.251189255,10814.343750000,27.489971363,53,332,148.333333333,2.238202247,5,175,111,9345,297286,0
512,4,35,32,128,110,1.163636364,8800,279867,0.236471220,10015.000000000,27.944782826,51,341,139.682539683,2.441250000,4,212,110,8800,279867,0
512,4,36,32,128,113,1.132743363,9282,295357,0.249559363,10687.281250000,27.636308345,59,313,147.333333333,2.124434389,4,175,113,9282,295357,0
512,4,37,32,128,115,1.113043478,9400,298833,0.252496379,10613.937500000,28.154772911,54,342,149.206349206,2.292127660,4,212,115,9400,298833,0
512,4,38,32,128,111,1.153153153,9313,296370,0.250415289,10898.031250000,27.194820165,52,344,147.825396825,2.327069688,4,175,111,9313,296370,0
512,4,39,32,128,108,1.185185185,9297,295744,0.249886355,11207.625000000,26.387749412,55,340,147.571428571,2.303969022,4,212,108,9297,295744,0
512,4,40,32,128,112,1.142857143,9305,295950,0.250060413,10797.906250000,27.408091268,57,325,147.698412698,2.200429876,5,175,112,9305,295950,0
512,4,41,32,128,118,1.084745763,9396,298800,0.252468496,10152.343750000,29.431627549,58,338,149.142857143,2.266283525,4,156,118,9396,298800,0
512,4,42,32,128,111,1.153153153,8625,274168,0.231655899,9894.937500000,27.707906189,55,332,136.904761905,2.425043478,4,167,111,8625,274168,0
512,4,43,32,128,110,1.163636364,9350,297648,0.251495124,10889.187500000,27.334270808,54,344,148.412698413,2.317860963,5,175,110,9350,297648,0
512,4,44,32,128,108,1.185185185,9149,290976,0.245857675,11208.937500000,25.959284723,58,339,145.222222222,2.334353481,4,212,108,9149,290976,0
512,4,45,32,128,119,1.075630252,10067,320197,0.270547708,10761.531250000,29.753851247,58,331,159.793650794,2.071421476,4,175,119,10067,320197,0
512,4,46,32,128,107,1.196261682,8693,276470,0.233600954,10666.250000000,25.920075003,54,342,137.984126984,2.478545957,5,175,107,8693,276470,0
512,4,47,32,128,114,1.122807018,9516,302682,0.255748559,10936.500000000,27.676313263,55,310,151.047619048,2.052332913,4,175,114,9516,302682,0
512,4,48,32,128,104,1.230769231,7778,247291,0.208946409,9755.375000000,25.349204925,55,319,123.460317460,2.583826176,4,156,104,7778,247291,0
512,4,49,32,128,113,1.132743363,8630,274349,0.231808834,9839.906250000,27.881261572,55,340,136.984126984,2.482039397,4,212,113,8630,274349,0
512,4,50,32,128,109,1.174311927,9351,297467,0.251342189,10886.937500000,27.323294544,53,336,148.428571429,2.263715111,5,212,109,9351,297467,0
512,4,51,32,128,112,1.142857143,9048,287885,0.243245961,10530.937500000,27.337072317,48,328,143.619047619,2.283819629,5,162,112,9048,287885,0
512,4,52,32,128,112,1.142857143,9199,292499,0.247144520,10710.562500000,27.309396682,52,309,146.015873016,2.116208284,4,175,112,9199,292499,0
512,4,53,32,128,112,1.142857143,9155,291187,0.246035957,10578.875000000,27.525327599,56,334,145.317460317,2.298416166,5,175,112,9155,291187,0
512,4,54,32,128,109,1.174311927,9478,301585,0.254821658,11212.187500000,26.897962597,57,319,150.444444444,2.120384047,4,175,109,9478,301585,0
512,4,55,32,128,106,1.207547170,8618,274095,0.231594219,10539.812500000,26.005680841,54,315,136.793650794,2.302738454,4,156,106,8618,274095,0
512,4,56,32,128,114,1.122807018,9377,298293,0.252040111,10788.656250000,27.648763024,57,338,148.841269841,2.270875547,4,212,114,9377,298293,0
512,4,57,32,128,108,1.185185185,8539,271637,0.229517353,9982.656250000,27.210893894,54,336,135.539682540,2.478978803,4,167,108,8539,271637,0
512,4,58,32,128,117,1.094017094,9019,286866,0.242384965,9885.500000000,29.018866016,54,338,143.158730159,2.361015634,4,212,117,9019,286866,0
512,4,59,32,128,112,1.142857143,9020,286778,0.242310611,10222.687500000,28.053092692,58,309,143.174603175,2.158203991,4,158,112,9020,286778,0
512,4,60,32,128,112,1.142857143,9086,289116,0.244286084,10552.937500000,27.396731953,55,332,144.222222222,2.302003082,5,162,112,9086,289116,0
512,4,61,32,128,106,1.207547170,9254,294349,0.248707662,11246.156250000,26.173298099,57,343,146.888888889,2.335098336,4,212,106,9254,294349,0
512,4,62,32,128,110,1.163636364,9196,292646,0.247268727,10960.187500000,26.700820584,53,338,145.968253968,2.315571988,4,166,110,9196,292646,0
512,4,63,32,128,117,1.094017094,9318,296304,0.250359523,10127.843750000,29.256375524,60,336,147.904761905,2.271732131,4,167,117,9318,296304,0
512,4,64,32,128,109,1.174311927,9088,289095,0.244268340,10691.500000000,27.039704438,56,324,144.253968254,2.246038732,4,167,109,9088,289095,0
512,4,65,32,128,107,1.196261682,8752,278344,0.235184375,10994.531250000,25.316586371,51,324,138.920634921,2.332266910,4,212,107,8752,278344,0
512,4,66,32,128,113,1.132743363,9220,293269,0.247795125,10425.375000000,28.130307063,56,315,146.349206349,2.152386117,5,167,113,9220,293269,0
512,4,67,32,128,109,1.174311927,9008,286546,0.242114584,10649.843750000,26.906122449,55,316,142.984126984,2.210035524,4,175,109,9008,286546,0
512,4,68,32,128,112,1.142857143,9153,291051,0.245921045,10463.875000000,27.814839149,56,332,145.285714286,2.285152409,4,212,112,9153,291051,0
512,4,69,32,128,109,1.174311927,8855,281671,0.237995495,10514.656250000,26.788417358,54,336,140.555555556,2.390513834,4,166,109,8855,281671,0
512,4,70,32,128,109,1.174311927,8810,280221,0.236770330,10428.531250000,26.870610375,54,338,139.841269841,2.417026107,4,175,109,8810,280221,0
512,4,71,32,128,111,1.153153153,9153,291089,0.245953153,10661.343750000,27.303218696,54,335,145.285714286,2.305801377,4,166,111,9153,291089,0
512,4,72,32,128,110,1.163636364,8953,284697,0.240552288,10214.562500000,27.871678302,54,336,142.111111111,2.364347146,4,175,110,8953,284697,0
512,4,73,32,128,109,1.174311927,8877,282385,0.238598783,10576.906250000,26.698260656,53,336,140.904761905,2.384589388,4,167,109,8877,282385,0
512,4,74,32,128,111,1.153153153,9078,288698,0.243932898,10502.656250000,27.488093786,55,317,144.095238095,2.199933906,4,158,111,9078,288698,0
512,4,75,32,128,110,1.163636364,8918,283518,0.239556102,10346.000000000,27.403634255,55,321,141.555555556,2.267660911,4,175,110,8918,283518,0
512,4,76,32,128,112,1.142857143,9244,294002,0.248414467,10685.343750000,27.514510237,56,342,146.730158730,2.330809174,4,212,112,9244,294002,0
512,4,77,32,128,109,1.174311927,9115,289872,0.244924859,10845.687500000,26.726936398,53,349,144.682539683,2.412177729,4,212,109,9115,289872,0
512,4,78,32,128,115,1.113043478,9758,310389,0.262260522,10940.843750000,28.369749819,56,341,154.888888889,2.201578192,4,212,115,9758,310389,0
512,4,79,32,128,114,1.122807018,8929,283916,0.239892388,9808.156250000,28.946928736,57,331,141.730158730,2.335423900,5,167,114,8929,283916,0
512,4,80,32,128,112,1.142857143,8728,277556,0.234518561,10065.593750000,27.574727025,53,330,138.539682540,2.381989001,5,156,112,8728,277556,0
512,4,81,32,128,114,1.122807018,9065,288359,0.243646463,10328.125000000,27.919782148,57,323,143.888888889,2.244787645,6,175,114,9065,288359,0
512,4,82,32,128,114,1.122807018,9088,288914,0.244115405,10319.062500000,27.998086066,54,335,144.253968254,2.322293134,5,175,114,9088,288914,0
512,4,83,32,128,112,1.142857143,9432,300018,0.253497635,10715.125000000,27.999486707,57,321,149.714285714,2.144083969,4,212,112,9432,300018,0
512,4,84,32,128,112,1.142857143,9506,302525,0.255615903,10951.937500000,27.622966256,58,334,150.888888889,2.213549337,4,175,112,9506,302525,0
512,4,85,32,128,105,1.219047619,8776,279113,0.235834135,10876.812500000,25.661286337,53,327,139.301587302,2.347424795,4,212,105,8776,279113,0
512,4,86,32,128,114,1.122807018,8863,281941,0.238223629,10216.218750000,27.597392626,54,334,140.682539683,2.374139682,4,167,114,8863,281941,0
512,4,87,32,128,111,1.153153153,8770,278839,0.235602621,10177.781250000,27.396835632,55,317,139.206349206,2.277194983,4,150,111,8770,278839,0
512,4,88,32,128,100,1.280000000,8030,255245,0.215667073,10605.906250000,24.066307394,51,333,127.460317460,2.612577833,5,158,100,8030,255245,0
512,4,89,32,128,112,1.142857143,9128,290390,0.245362539,10461.375000000,27.758301371,54,333,144.888888889,2.298312883,4,175,112,9128,290390,0
512,4,90,32,128,114,1.122807018,9140,290644,0.245577154,10226.500000000,28.420671784,56,333,145.079365079,2.295295405,4,167,114,9140,290644,0
512,4,91,32,128,109,1.174311927,9053,287933,0.243286518,10995.750000000,26.185844531,55,334,143.698412698,2.324312383,4,212,109,9053,287933,0
512,4,92,32,128,116,1.103448276,9557,304081,0.256930632,10566.843750000,28.776899441,53,333,151.698412698,2.195144920,4,166,116,9557,304081,0
512,4,93,32,128,105,1.219047619,9245,294208,0.248588525,11477.250000000,25.634015117,57,338,146.746031746,2.303299081,4,212,105,9245,294208,0
512,4,94,32,128,106,1.207547170,8744,278255,0.235109175,10512.000000000,26.470224505,55,341,138.793650794,2.456884721,4,175,106,8744,278255,0
512,4,95,32,128,117,1.094017094,9646,306870,0.259287174,10674.500000000,28.747950724,55,336,153.111111111,2.194484761,4,175,117,9646,306870,0
512,4,96,32,128,107,1.196261682,8876,282521,0.238713695,10902.437500000,25.913562907,54,313,140.888888889,2.221608833,4,167,107,8876,282521,0
512,4,97,32,128,114,1.122807018,8946,284447,0.240341052,10200.218750000,27.886362731,57,320,142.000000000,2.253521127,4,212,114,8946,284447,0
512,4,98,32,128,115,1.113043478,9667,307567,0.259876098,10872.781250000,28.287794349,53,336,153.444444444,2.189717596,4,167,115,9667,307567,0
512,4,99,32,128,107,1.196261682,8783,279389,0.236067338,10946.531250000,25.523062386,58,325,139.412698413,2.331208015,4,156,107,8783,279389,0
512,4,100,32,128,110,1.163636364,8373,266186,0.224911577,10010.937500000,26.589517715,56,312,132.904761905,2.347545683,4,158,110,8373,266186,0
512,4,101,32,128,112,1.142857143,9053,287954,0.243304262,10373.781250000,27.757863122,54,334,143.698412698,2.324312383,6,175,112,9053,287954,0
512,4,102,32,128,111,1.153153153,9643,306744,0.259180711,11262.812500000,27.235115563,55,343,153.063492063,2.240900135,4,158,111,9643,306744,0
512,4,103,32,128,116,1.103448276,9461,300876,0.254222595,10742.718750000,28.007435269,54,331,150.174603175,2.204101046,5,212,116,9461,300876,0
512,4,104,32,128,115,1.113043478,9675,307763,0.260041706,10651.843750000,28.892932268,54,338,153.571428571,2.200930233,5,212,115,9675,307763,0
512,4,105,32,128,109,1.174311927,9313,296321,0.250373887,11282.093750000,26.264717043,51,343,147.825396825,2.320304950,4,212,109,9313,296321,0
512,4,106,32,128,113,1.132743363,9324,296592,0.250602866,10652.593750000,27.842233259,58,309,148.000000000,2.087837838,4,156,113,9324,296592,0
512,4,107,32,128,116,1.103448276,9768,310817,0.262622157,10513.406250000,29.563872318,57,344,155.047619048,2.218673219,4,175,116,9768,310817,0
512,4,108,32,128,110,1.163636364,8854,281628,0.237959162,10471.718750000,26.894152405,55,335,140.539682540,2.383668398,4,175,110,8854,281628,0
512,4,109,32,128,112,1.142857143,9092,289420,0.244542946,10628.843750000,27.229678675,54,344,144.317460317,2.383633964,4,167,112,9092,289420,0
512,4,110,32,128,112,1.142857143,8968,285086,0.240880970,10886.125000000,26.188014560,54,334,142.349206349,2.346342551,5,175,112,8968,285086,0
512,4,111,32,128,110,1.163636364,9171,291701,0.246470257,10594.937500000,27.532111445,55,308,145.571428571,2.115799804,4,212,110,9171,291701,0
512,4,112,32,128,108,1.185185185,8713,277298,0.234300566,10256.906250000,27.035247592,54,318,138.301587302,2.299322851,5,175,108,8713,277298,0
512,4,113,32,128,116,1.103448276,9474,301268,0.254553812,10337.656250000,29.142775956,58,341,150.380952381,2.267574414,4,175,116,9474,301268,0
512,4,114,32,128,108,1.185185185,8780,279294,0.235987069,10805.000000000,25.848588616,53,335,139.365079365,2.403758542,4,166,108,8780,279294,0
512,4,115,32,128,109,1.174311927,8317,264349,0.223359419,9894.125000000,26.717774437,54,332,132.015873016,2.514849104,4,212,109,8317,264349,0
512,4,116,32,128,111,1.153153153,8589,273048,0.230709565,9966.031250000,27.397867130,54,325,136.333333333,2.383863081,5,212,111,8589,273048,0
512,4,117,32,128,114,1.122807018,9421,299607,0.253150364,10475.406250000,28.600991012,58,326,149.539682540,2.180023352,5,212,114,9421,299607,0
512,4,118,32,128,103,1.242718447,8694,276763,0.233848522,11023.937500000,25.105639432,57,316,138.000000000,2.289855072,4,175,103,8694,276763,0
512,4,119,32,128,109,1.174311927,9339,297177,0.251097156,11420.375000000,26.021649902,56,336,148.238095238,2.266623836,4,175,109,9339,297177,0
512,4,120,32,128,109,1.174311927,9267,294853,0.249133513,11275.406250000,26.150099913,49,327,147.095238095,2.223049531,4,166,109,9267,294853,0
512,4,121,32,128,113,1.132743363,8927,283957,0.239927031,9910.531250000,28.652046277,53,343,141.698412698,2.420634032,4,212,113,8927,283957,0
512,4,122,32,128,115,1.113043478,9224,293385,0.247893139,10109.500000000,29.020723082,51,337,146.412698413,2.301712923,4,212,115,9224,293385,0
512,4,123,32,128,110,1.163636364,9259,294499,0.248834403,10942.531250000,26.913242765,58,342,146.968253968,2.327033157,4,175,110,9259,294499,0
512,4,124,32,128,108,1.185185185,8735,277866,0.234780493,10680.343750000,26.016578352,55,339,138.650793651,2.444991414,4,175,108,8735,277866,0
512,4,125,32,128,108,1.185185185,9185,292215,0.246904557,11088.156250000,26.353795294,51,319,145.793650794,2.188023952,4,212,108,9185,292215,0
512,4,126,32,128,116,1.103448276,9343,297135,0.251061669,10534.406250000,28.206145933,55,334,148.301587302,2.252167398,5,162,116,9343,297135,0
512,4,127,32,128,103,1.242718447,8057,256303,0.216561021,10050.250000000,25.502151688,52,327,127.888888889,2.556907037,4,212,103,8057,256303,0
512,4,128,32,128,111,1.153153153,8980,285707,0.241405678,10437.718750000,27.372552072,54,326,142.539682540,2.287082405,4,212,111,8980,285707,0
512,4,129,32,128,110,1.163636364,10038,319521,0.269976528,11715.468750000,27.273428560,53,329,159.333333333,2.064853556,4,212,110,10038,319521,0
512,4,130,32,128,112,1.142857143,9404,299223,0.252825907,10866.437500000,27.536439610,55,341,149.269841270,2.284453424,4,156,112,9404,299223,0
512,4,131,32,128,102,1.254901961,7758,246743,0.208483381,10044.625000000,24.564680115,53,313,123.142857143,2.541763341,4,166,102,7758,246743,0
512,4,132,32,128,114,1.122807018,9488,301890,0.255079365,10432.718750000,28.936848317,55,341,150.603174603,2.264228499,4,175,114,9488,301890,0
512,4,133,32,128,113,1.132743363,9165,291623,0.246404352,10611.312500000,27.482274224,51,339,145.476190476,2.330278232,5,175,113,9165,291623,0
512,4,134,32,128,116,1.103448276,9719,309126,0.261193361,10784.937500000,28.662753029,55,343,154.269841270,2.223376891,5,212,116,9719,309126,0
512,4,135,32,128,117,1.094017094,9891,314786,0.265975730,11013.812500000,28.581020423,57,316,157.000000000,2.012738854,4,175,117,9891,314786,0
512,4,136,32,128,110,1.163636364,9063,288297,0.243594077,10484.312500000,27.497940375,56,334,143.857142857,2.321747766,4,175,110,9063,288297,0
512,4,137,32,128,111,1.153153153,8921,283893,0.239872955,10470.500000000,27.113604890,53,336,141.603174603,2.372828158,4,175,111,8921,283893,0
512,4,138,32,128,108,1.185185185,8697,276648,0.233751354,10374.500000000,26.666152586,52,330,138.047619048,2.390479476,5,156,108,8697,276648,0
512,4,139,32,128,112,1.142857143,8863,281856,0.238151809,10223.500000000,27.569423387,53,334,140.682539683,2.374139682,4,175,112,8863,281856,0
512,4,140,32,128,104,1.230769231,9003,286493,0.242069802,11291.937500000,25.371465260,54,321,142.904761905,2.246251250,4,162,104,9003,286493,0
512,4,141,32,128,111,1.153153153,9177,292051,0.246765987,10731.937500000,27.213259488,55,330,145.666666667,2.265446224,5,212,111,9177,292051,0
512,4,142,32,128,111,1.153153153,8740,277832,0.234751765,10377.156250000,26.773423596,53,328,138.730158730,2.364302059,4,167,111,8740,277832,0
512,4,143,32,128,111,1.153153153,9247,294186,0.248569937,10934.031250000,26.905538614,54,338,146.777777778,2.302800908,5,212,111,9247,294186,0
512,4,144,32,128,111,1.153153153,8788,279585,0.236232947,9839.281250000,28.415185306,55,333,139.492063492,2.387232590,4,212,111,8788,279585,0
512,4,145,32,128,114,1.122807018,8975,285378,0.241127693,10145.656250000,28.128096692,57,342,142.460317460,2.400668524,5,166,114,8975,285378,0
512,4,146,32,128,114,1.122807018,9057,288021,0.243360873,10246.312500000,28.109722400,56,334,143.761904762,2.323285856,4,212,114,9057,288021,0
512,4,147,32,128,118,1.084745763,10011,318583,0.269183972,10920.687500000,29.172430765,61,338,158.904761905,2.127060234,4,167,118,10011,318583,0
512,4,148,32,128,115,1.113043478,9696,308473,0.260641615,10965.500000000,28.131229766,61,340,153.904761905,2.209158416,4,162,115,9696,308473,0
512,4,149,32,128,109,1.174311927,8356,265643,0.224452774,9908.750000000,26.808931500,51,335,132.634920635,2.525730014,4,154,109,8356,265643,0
512,4,150,32,128,117,1.094017094,9594,305248,0.257916679,10572.500000000,28.871884606,55,351,152.285714286,2.304878049,4,156,117,9594,305248,0
512,4,151,32,128,111,1.153153153,8968,285070,0.240867451,10391.218750000,27.433740628,54,336,142.349206349,2.360392507,5,212,111,8968,285070,0
512,4,152,32,128,112,1.142857143,9501,302264,0.255395373,10829.843750000,27.910282639,56,325,150.809523810,2.155036312,4,175,112,9501,302264,0
512,4,153,32,128,112,1.142857143,9110,289873,0.244925704,10665.125000000,27.179522040,56,342,144.603174603,2.365093304,4,212,112,9110,289873,0
512,4,154,32,128,106,1.207547170,8610,273936,0.231459873,10445.562500000,26.225107552,56,334,136.666666667,2.443902439,4,175,106,8610,273936,0
512,4,155,32,128,115,1.113043478,9489,301690,0.254910377,10793.312500000,27.951567232,52,333,150.619047619,2.210875751,5,212,115,9489,301690,0
512,4,156,32,128,123,1.040650407,9659,307154,0.259527137,10021.000000000,30.651032831,60,333,153.317460317,2.171963971,4,175,123,9659,307154,0
512,4,157,32,128,108,1.185185185,8843,281343,0.237718354,10925.031250000,25.752146018,56,333,140.365079365,2.372384937,4,175,108,8843,281343,0
512,4,158,32,128,113,1.132743363,9596,305259,0.257925973,10934.875000000,27.916094148,56,333,152.317460317,2.186223426,4,212,113,9596,305259,0
512,4,159,32,128,107,1.196261682,8569,272626,0.230353000,10559.406250000,25.818307729,53,322,136.015873016,2.367370755,5,158,107,8569,272626,0
512,4,160,32,128,109,1.174311927,8897,283028,0.239142080,10419.343750000,27.163706927,55,325,141.222222222,2.301337530,5,212,109,8897,283028,0
512,4,161,32,128,107,1.196261682,8509,270631,0.228667341,10355.187500000,26.134823730,51,340,135.063492063,2.517334587,4,162,107,8509,270631,0
512,4,162,32,128,109,1.174311927,9269,294974,0.249235750,11169.437500000,26.409029103,54,340,147.126984127,2.310928903,4,175,109,9269,294974,0
512,4,163,32,128,113,1.132743363,9573,304621,0.257386900,11283.750000000,26.996432923,57,351,151.952380952,2.309934190,5,167,113,9573,304621,0
512,4,164,32,128,118,1.084745763,9271,294676,0.248983958,10120.406250000,29.117012966,54,319,147.158730159,2.167727322,5,156,118,9271,294676,0
512,4,165,32,128,109,1.174311927,9139,290860,0.245759661,10841.625000000,26.828081584,54,341,145.063492063,2.350694824,4,158,109,9139,290860,0
512,4,166,32,128,118,1.084745763,9706,308700,0.260833416,10486.750000000,29.437146876,57,339,154.063492063,2.200391510,4,212,118,9706,308700,0
512,4,167,32,128,107,1.196261682,9146,290814,0.245720794,11064.750000000,26.282925507,54,334,145.174603175,2.300677892,5,212,107,9146,290814,0
512,4,168,32,128,115,1.113043478,9771,310945,0.262730310,10731.562500000,28.974811450,55,330,155.095238095,2.127724900,4,175,115,9771,310945,0
512,4,169,32,128,108,1.185185185,8999,286413,0.242002207,10810.937500000,26.492892036,56,325,142.841269841,2.275252806,4,162,108,8999,286413,0
512,4,170,32,128,112,1.142857143,8861,281736,0.238050416,10355.187500000,27.207233090,56,320,140.650793651,2.275138246,6,212,112,8861,281736,0
512,4,171,32,128,107,1.196261682,8702,276672,0.233771633,10464.656250000,26.438708868,54,329,138.126984127,2.381866238,5,158,107,8702,276672,0
512,4,172,32,128,111,1.153153153,9318,296480,0.250508232,10827.562500000,27.381970781,53,324,147.904761905,2.190598841,4,167,111,9318,296480,0
512,4,173,32,128,117,1.094017094,9494,301927,0.255110628,10520.218750000,28.699688398,59,349,150.698412698,2.315883716,5,212,117,9494,301927,0
512,4,174,32,128,113,1.132743363,9351,297376,0.251265300,10617.375000000,28.008429579,56,337,148.428571429,2.270452358,4,212,113,9351,297376,0
512,4,175,32,128,111,1.153153153,9165,291600,0.246384918,10701.000000000,27.249789739,53,303,145.476190476,2.082815057,4,166,111,9165,291600,0
512,4,176,32,128,114,1.122807018,9472,301102,0.254413552,10715.437500000,28.099832601,58,329,150.349206349,2.188239020,4,175,114,9472,301102,0
512,4,177,32,128,107,1.196261682,8636,274646,0.232059781,10083.250000000,27.237844941,55,336,137.079365079,2.451134785,4,166,107,8636,274646,0
512,4,178,32,128,109,1.174311927,8468,269224,0.227478509,9937.562500000,27.091552883,51,334,134.412698413,2.484884270,6,167,109,8468,269224,0
512,4,179,32,128,111,1.153153153,8998,286136,0.241768158,10429.750000000,27.434598145,55,313,142.825396825,2.191486997,4,167,111,8998,286136,0
512,4,180,32,128,112,1.142857143,9398,298900,0.252552991,11073.781250000,26.991683622,55,347,149.174603175,2.326133220,4,175,112,9398,298900,0
512,4,181,32,128,120,1.066666667,9893,314800,0.265987559,10623.468750000,29.632505861,56,328,157.031746032,2.088749621,4,175,120,9893,314800,0
512,4,182,32,128,110,1.163636364,9180,291963,0.246691632,10669.593750000,27.364022178,57,326,145.714285714,2.237254902,4,169,110,9180,291963,0
512,4,183,32,128,114,1.122807018,9766,310682,0.262508090,10989.312500000,28.271286307,60,336,155.015873016,2.167519967,4,212,114,9766,310682,0
512,4,184,32,128,113,1.132743363,8761,278560,0.235366882,10166.687500000,27.399288116,55,334,139.063492063,2.401780619,4,212,113,8761,278560,0
512,4,185,32,128,112,1.142857143,9191,292429,0.247085375,10313.750000000,28.353314750,55,333,145.888888889,2.282559025,4,167,112,9191,292429,0
512,4,186,32,128,116,1.103448276,9342,297217,0.251130954,10327.125000000,28.780226830,51,333,148.285714286,2.245664740,4,162,116,9342,297217,0
512,4,187,32,128,112,1.142857143,9203,292660,0.247280556,10648.781250000,27.482957263,57,333,146.079365079,2.279582745,4,158,112,9203,292660,0
512,4,188,32,128,119,1.075630252,9937,316062,0.267053875,10608.906250000,29.792138092,55,343,157.730158730,2.174599980,4,175,119,9937,316062,0
512,4,189,32,128,119,1.075630252,9588,304751,0.257496743,10163.437500000,29.985032131,58,334,152.190476190,2.194618273,4,212,119,9588,304751,0
512,4,190,32,128,111,1.153153153,9506,302372,0.255486627,11272.375000000,26.824160836,53,337,150.888888889,2.233431517,4,212,111,9506,302372,0
512,4,191,32,128,109,1.174311927,8906,283192,0.239280651,10674.437500000,26.529922537,55,324,141.365079365,2.291938019,4,212,109,8906,283192,0
512,4,192,32,128,110,1.163636364,8575,272578,0.230312442,9929.250000000,27.452023063,58,341,136.111111111,2.505306122,4,158,110,8575,272578,0
512,4,193,32,128,113,1.132743363,8788,279533,0.236189010,9969.687500000,28.038291070,53,339,139.492063492,2.430245790,4,145,113,8788,279533,0
512,4,194,32,128,113,1.132743363,9052,287777,0.243154707,10476.031250000,27.470040241,56,327,143.682539683,2.275850641,5,156,113,9052,287777,0
512,4,195,32,128,105,1.219047619,9037,287539,0.242953611,11217.531250000,25.633001914,56,342,143.444444444,2.384198296,4,175,105,9037,287539,0
512,4,196,32,128,114,1.122807018,9545,303815,0.256705878,10704.125000000,28.382983196,57,318,151.507936508,2.098899948,4,167,114,9545,303815,0
512,4,197,32,128,113,1.132743363,9545,303542,0.256475209,11102.531250000,27.339891522,51,332,151.507936508,2.191304348,5,166,113,9545,303542,0
512,4,198,32,128,108,1.185185185,8700,276577,0.233691363,10412.062500000,26.563132905,53,280,138.095238095,2.027586207,4,175,108,8700,276577,0
512,4,199,32,128,116,1.103448276,10144,322656,0.272625419,11441.437500000,28.200652234,55,342,161.015873016,2.124014196,4,212,116,10144,322656,0
512,4,200,32,128,110,1.163636364,9378,298429,0.252155023,11118.500000000,26.840760894,59,329,148.857142857,2.210172745,4,175,110,9378,298429,0
512,4,201,32,128,111,1.153153153,9472,301394,0.254660274,10757.218750000,28.017836860,59,320,150.349206349,2.128378378,4,167,111,9472,301394,0
512,4,202,32,128,105,1.219047619,8559,272112,0.229918700,10656.000000000,25.536036036,54,338,135.857142857,2.487907466,4,212,105,8559,272112,0
512,4,203,32,128,112,1.142857143,8830,280759,0.237224908,10254.281250000,27.379685924,50,334,140.158730159,2.383012458,5,162,112,8830,280759,0
512,4,204,32,128,100,1.280000000,8413,267548,0.226062387,10928.000000000,24.482796486,49,335,133.539682540,2.508617616,4,212,100,8413,267548,0
512,4,205,32,128,110,1.163636364,8631,274529,0.231960923,10057.875000000,27.294930589,57,329,137.000000000,2.401459854,4,175,110,8631,274529,0
512,4,206,32,128,109,1.174311927,8359,265780,0.224568531,9958.531250000,26.688674597,50,326,132.682539683,2.456992463,5,162,109,8359,265780,0
512,4,207,32,128,110,1.163636364,8674,275869,0.233093145,10343.781250000,26.670034230,53,339,137.682539683,2.462185843,5,167,110,8674,275869,0
512,4,208,32,128,110,1.163636364,9112,289704,0.244782909,10621.156250000,27.276126363,53,333,144.634920635,2.302348551,5,175,110,9112,289704,0
512,4,209,32,128,117,1.094017094,9348,297257,0.251164752,10274.343750000,28.931969499,53,333,148.380952381,2.244223363,4,175,117,9348,297257,0
512,4,210,32,128,116,1.103448276,9392,298722,0.252402591,10561.312500000,28.284552701,52,328,149.079365079,2.200170358,5,167,116,9392,298722,0
512,4,211,32,128,110,1.163636364,9456,301053,0.254372149,11059.437500000,27.221366367,55,333,150.095238095,2.218591371,4,162,110,9456,301053,0
512,4,212,32,128,112,1.142857143,9237,293870,0.248302935,10896.812500000,26.968436871,55,337,146.619047619,2.298473530,5,212,112,9237,293870,0
512,4,213,32,128,112,1.142857143,9229,293605,0.248079026,10956.812500000,26.796570627,55,335,146.492063492,2.286813306,4,175,112,9229,293605,0
512,4,214,32,128,110,1.163636364,8726,277488,0.234461105,10255.781250000,27.056739339,55,300,138.507936508,2.165940866,5,156,110,8726,277488,0
512,4,215,32,128,108,1.185185185,9171,291615,0.246397592,10816.375000000,26.960511262,56,331,145.571428571,2.273797841,4,212,108,9171,291615,0
512,4,216,32,128,101,1.267326733,8274,263266,0.222444348,11369.625000000,23.155205207,51,333,131.333333333,2.535532995,5,212,101,8274,263266,0
512,4,217,32,128,111,1.153153153,9023,286840,0.242362997,10251.375000000,27.980636744,55,316,143.222222222,2.206361521,4,162,111,9023,286840,0
512,4,218,32,128,107,1.196261682,9160,291384,0.246202411,11178.656250000,26.066102534,52,327,145.396825397,2.249017467,5,167,107,9160,291384,0
512,4,219,32,128,105,1.219047619,8658,275460,0.232747564,10451.906250000,26.355001032,56,321,137.428571429,2.335758836,4,166,105,8658,275460,0
512,4,220,32,128,114,1.122807018,9466,301157,0.254460023,11043.437500000,27.270222700,57,315,150.253968254,2.096450454,5,175,114,9466,301157,0
512,4,221,32,128,114,1.122807018,9002,286287,0.241895744,10135.187500000,28.246838058,56,326,142.888888889,2.281493002,4,175,114,9002,286287,0
512,4,222,32,128,106,1.207547170,8172,259772,0.219492123,10123.343750000,25.660691409,55,311,129.714285714,2.397577093,4,212,106,8172,259772,0
512,4,223,32,128,113,1.132743363,9195,292397,0.247058336,10347.593750000,28.257487399,52,330,145.952380952,2.261011419,4,175,113,9195,292397,0
512,4,224,32,128,108,1.185185185,9047,287884,0.243245116,11050.531250000,26.051598198,57,337,143.603174603,2.346744777,4,175,108,9047,287884,0
512,4,225,32,128,109,1.174311927,8767,278826,0.235591636,10512.875000000,26.522335707,51,316,139.158730159,2.270788183,5,158,109,8767,278826,0
512,4,226,32,128,109,1.174311927,9147,290905,0.245797684,10766.531250000,27.019380081,54,342,145.190476190,2.355526402,4,212,109,9147,290905,0
512,4,227,32,128,115,1.113043478,9119,290037,0.245064275,10158.406250000,28.551427543,54,315,144.746031746,2.176225463,4,158,115,9119,290037,0
512,4,228,32,128,114,1.122807018,8493,269800,0.227965195,9689.156250000,27.845561888,52,339,134.809523810,2.514659131,5,175,114,8493,269800,0
512,4,229,32,128,109,1.174311927,8944,284533,0.240413717,10783.187500000,26.386724705,53,332,141.968253968,2.338550984,4,167,109,8944,284533,0
512,4,230,32,128,108,1.185185185,8407,267235,0.225797920,10114.937500000,26.419836998,55,336,133.444444444,2.517901749,4,175,108,8407,267235,0
512,4,231,32,128,109,1.174311927,9107,289806,0.244869093,10771.250000000,26.905512359,52,333,144.555555556,2.303612606,5,175,109,9107,289806,0
512,4,232,32,128,110,1.163636364,8940,284292,0.240210086,10344.750000000,27.481766113,56,335,141.904761905,2.360738255,4,162,110,8940,284292,0
512,4,233,32,128,112,1.142857143,8658,275344,0.232649550,10033.343750000,27.442895097,58,324,137.428571429,2.357588358,4,169,112,8658,275344,0
512,4,234,32,128,115,1.113043478,9433,299902,0.253399622,10344.437500000,28.991619892,54,332,149.730158730,2.217322167,4,158,115,9433,299902,0
512,4,235,32,128,118,1.084745763,9775,310998,0.262775092,10799.250000000,28.798110980,55,338,155.158730159,2.178414322,4,175,118,9775,310998,0
512,4,236,32,128,107,1.196261682,8761,278646,0.235439547,10659.000000000,26.141851956,54,328,139.063492063,2.358634859,4,212,107,8761,278646,0
512,4,237,32,128,114,1.122807018,8764,278770,0.235544320,9803.656250000,28.435309531,55,337,139.111111111,2.422523962,4,143,114,8764,278770,0
512,4,238,32,128,107,1.196261682,8489,269966,0.228105455,10277.000000000,26.268950083,55,328,134.746031746,2.434208976,5,212,107,8489,269966,0
512,4,239,32,128,116,1.103448276,8660,275289,0.232603079,9703.312500000,28.370620858,55,309,137.460317460,2.247921478,5,156,116,8660,275289,0
512,4,240,32,128,113,1.132743363,9674,307857,0.260121131,11086.625000000,27.768324445,58,309,153.555555556,2.012301013,4,166,113,9674,307857,0
512,4,241,32,128,113,1.132743363,8815,280252,0.236796523,9981.375000000,28.077494333,54,330,139.920634921,2.358479864,4,212,113,8815,280252,0
512,4,242,32,128,112,1.142857143,9755,310436,0.262300235,11305.343750000,27.459226970,58,328,154.841269841,2.118298309,5,212,112,9755,310436,0
512,4,243,32,128,110,1.163636364,8861,281801,0.238105337,10359.250000000,27.202838043,51,336,140.650793651,2.388895159,4,175,110,8861,281801,0
512,4,244,32,128,113,1.132743363,8637,274660,0.232071610,9764.312500000,28.128964533,58,318,137.095238095,2.319555401,4,212,113,8637,274660,0
512,4,245,32,128,104,1.230769231,8802,280060,0.236634294,10914.875000000,25.658562283,48,347,139.714285714,2.483640082,4,212,104,8802,280060,0
512,4,246,32,128,110,1.163636364,9120,289955,0.244994989,10645.187500000,27.238129906,60,323,144.761904762,2.231250000,5,167,110,9120,289955,0
512,4,247,32,128,114,1.122807018,8704,276599,0.233709952,9656.937500000,28.642517361,53,341,138.158730159,2.468175551,5,167,114,8704,276599,0
512,4,248,32,128,107,1.196261682,8960,284996,0.240804925,10806.750000000,26.372035996,56,321,142.222222222,2.257031250,4,162,107,8960,284996,0
512,4,249,32,128,105,1.219047619,8487,269740,0.227914499,11023.718750000,24.469056778,53,298,134.714285714,2.212089077,4,166,105,8487,269740,0
512,4,250,32,128,116,1.103448276,8908,283175,0.239266287,9908.656250000,28.578547167,53,336,141.396825397,2.376290974,4,156,116,8908,283175,0
512,4,251,32,128,111,1.153153153,9160,291322,0.246150024,10537.437500000,27.646379872,56,340,145.396825397,2.338427948,5,212,111,9160,291322,0
512,4,252,32,128,106,1.207547170,8586,273178,0.230819407,10484.218750000,26.056114100,53,339,136.285714286,2.487421384,4,212,106,8586,273178,0
512,4,253,32,128,118,1.084745763,9552,303949,0.256819100,10324.500000000,29.439585452,51,329,151.619047619,2.169912060,4,167,118,9552,303949,0
512,4,254,32,128,111,1.153153153,8132,258388,0.218322724,9510.937500000,27.167458518,53,329,129.079365079,2.548819479,4,166,111,8132,258388,0
512,4,255,32,128,109,1.174311927,9090,289082,0.244257356,10769.937500000,26.841567094,57,336,144.285714286,2.328712871,3,167,109,9090,289082,0
512,4,256,32,128,109,1.174311927,8960,285113,0.240903783,10416.156250000,27.372189237,57,300,142.222222222,2.109375000,4,158,109,8960,285113,0
512,4,257,32,128,106,1.207547170,8653,275185,0.232515205,10438.250000000,26.363135583,55,329,137.349206349,2.395354212,5,156,106,8653,275185,0
512,4,258,32,128,116,1.103448276,9782,311209,0.262953374,10868.156250000,28.634939804,55,338,155.269841270,2.176855449,4,175,116,9782,311209,0
512,4,259,32,128,111,1.153153153,8575,272671,0.230391022,9962.687500000,27.369221407,56,327,136.111111111,2.402448980,5,175,111,8575,272671,0
512,4,260,32,128,118,1.084745763,9974,317286,0.268088083,10828.500000000,29.301011220,57,340,158.317460317,2.147583718,4,212,118,9974,317286,0
512,4,261,32,128,117,1.094017094,9084,288861,0.244070624,9898.468750000,29.182392479,59,323,144.190476190,2.240092470,4,148,117,9084,288861,0
512,4,262,32,128,119,1.075630252,9491,301978,0.255153720,10303.031250000,29.309626718,54,329,150.650793651,2.183858392,4,167,119,9491,301978,0
512,4,263,32,128,107,1.196261682,9158,291386,0.246204101,11255.843750000,25.887530644,58,339,145.365079365,2.332059402,4,175,107,9158,291386,0
512,4,264,32,128,112,1.142857143,9096,289261,0.244408600,10560.750000000,27.390194825,58,334,144.380952381,2.313324538,4,212,112,9096,289261,0
512,4,265,32,128,107,1.196261682,8992,286229,0.241846738,11097.687500000,25.791769682,55,339,142.730158730,2.375111210,4,166,107,8992,286229,0
512,4,266,32,128,108,1.185185185,8813,280353,0.236881862,10913.406250000,25.688863181,53,323,139.888888889,2.308975377,4,167,108,8813,280353,0
512,4,267,32,128,113,1.132743363,8978,285421,0.241164025,10195.187500000,27.995659717,54,325,142.507936508,2.280574738,4,166,113,8978,285421,0
512,4,268,32,128,106,1.207547170,8772,279122,0.235841739,10679.687500000,26.135783467,55,332,139.238095238,2.384404925,4,175,106,8772,279122,0
512,4,269,32,128,114,1.122807018,9356,297639,0.251487519,10484.906250000,28.387378285,55,342,148.507936508,2.302907225,4,175,114,9356,297639,0
512,4,270,32,128,111,1.153153153,8627,274287,0.231756447,9976.375000000,27.493653757,54,328,136.936507937,2.395270662,4,162,111,8627,274287,0
512,4,271,32,128,107,1.196261682,8032,255279,0.215695801,9506.781250000,26.852306084,50,340,127.492063492,2.666832669,4,175,107,8032,255279,0
512,4,272,32,128,102,1.254901961,8834,281253,0.237642309,11506.593750000,24.442767870,53,337,140.222222222,2.403328051,4,212,102,8834,281253,0
512,4,273,32,128,107,1.196261682,8483,269835,0.227994768,10410.718750000,25.918959726,54,335,134.650793651,2.487917010,5,158,107,8483,269835,0
512,4,274,32,128,112,1.142857143,9716,309238,0.261287995,11250.781250000,27.485913478,55,341,154.222222222,2.211095101,4,212,112,9716,309238,0
512,4,275,32,128,113,1.132743363,9488,301799,0.255002476,10908.625000000,27.666089906,58,333,150.603174603,2.211108769,4,175,113,9488,301799,0
512,4,276,32,128,111,1.153153153,9171,291881,0.246622347,10685.281250000,27.316173826,53,347,145.571428571,2.383709519,4,175,111,9171,291881,0
512,4,277,32,128,109,1.174311927,8487,269846,0.228004062,9805.312500000,27.520387545,50,336,134.714285714,2.494167550,5,175,109,8487,269846,0
512,4,278,32,128,119,1.075630252,9731,309510,0.261517819,10532.031250000,29.387493509,59,334,154.460317460,2.162367691,4,166,119,9731,309510,0
512,4,279,32,128,112,1.142857143,9194,292422,0.247079460,10752.187500000,27.196512338,57,322,145.936507937,2.206438982,4,166,112,9194,292422,0
512,4,280,32,128,115,1.113043478,9434,300075,0.253545797,10488.062500000,28.611099524,52,325,149.746031746,2.170341319,4,212,115,9434,300075,0
512,4,281,32,128,108,1.185185185,9088,289073,0.244249751,10861.687500000,26.614004500,54,338,144.253968254,2.343089789,4,212,108,9088,289073,0
512,4,282,32,128,110,1.163636364,9173,291793,0.246547992,11087.312500000,26.317739308,52,325,145.603174603,2.232094189,4,175,110,9173,291793,0
512,4,283,32,128,112,1.142857143,9100,289474,0.244588573,10440.687500000,27.725568838,53,340,144.444444444,2.353846154,4,166,112,9100,289474,0
512,4,284,32,128,110,1.163636364,9393,298978,0.252618896,11094.343750000,26.948687253,54,340,149.095238095,2.280421591,5,212,110,9393,298978,0
512,4,285,32,128,111,1.153153153,9341,297189,0.251107296,10933.250000000,27.182127913,56,326,148.269841270,2.198693930,4,167,111,9341,297189,0
512,4,286,32,128,115,1.113043478,9641,306761,0.259195075,10734.125000000,28.578109534,57,329,153.031746032,2.149880718,4,175,115,9641,306761,0
512,4,287,32,128,114,1.122807018,9540,303407,0.256361141,10867.500000000,27.918748562,56,334,151.428571429,2.205660377,4,212,114,9540,303407,0
512,4,288,32,128,108,1.185185185,8440,268594,0.226946196,10260.531250000,26.177397004,55,324,133.968253968,2.418483412,4,158,108,8440,268594,0
512,4,289,32,128,116,1.103448276,9598,305414,0.258056939,10449.312500000,29.228143000,58,324,152.349206349,2.126693061,4,175,116,9598,305414,0
512,4,290,32,128,110,1.163636364,9239,293938,0.248360391,10770.187500000,27.291818272,55,335,146.650793651,2.284338132,4,175,110,9239,293938,0
512,4,291,32,128,117,1.094017094,8834,280982,0.237413330,9765.906250000,28.771728174,52,333,140.222222222,2.374801902,4,166,117,8834,280982,0
512,4,292,32,128,113,1.132743363,9445,300406,0.253825472,10803.343750000,27.806761217,56,330,149.920634921,2.201164637,4,212,113,9445,300406,0
512,4,293,32,128,103,1.242718447,8777,279265,0.235962566,11174.343750000,24.991624228,54,336,139.317460317,2.411758004,4,175,103,8777,279265,0
512,4,294,32,128,117,1.094017094,9193,292294,0.246971307,10162.250000000,28.762724790,56,310,145.920634921,2.124442511,4,158,117,9193,292294,0
512,4,295,32,128,111,1.153153153,8696,276652,0.233754734,10393.500000000,26.617789965,53,326,138.031746032,2.361775529,5,175,111,8696,276652,0
512,4,296,32,128,105,1.219047619,8300,263955,0.223026513,10546.281250000,25.028253442,58,308,131.746031746,2.337831325,4,167,105,8300,263955,0
512,4,297,32,128,110,1.163636364,9159,291336,0.246161854,10956.406250000,26.590470758,54,334,145.380952381,2.297412381,4,167,110,9159,291336,0
512,4,298,32,128,108,1.185185185,8315,264336,0.223348435,10002.062500000,26.428149194,50,326,131.984126984,2.469993987,4,167,108,8315,264336,0
512,4,299,32,128,107,1.196261682,8721,277338,0.234334364,10618.843750000,26.117532806,55,314,138.428571429,2.268317853,4,167,107,8721,277338,0
512,4,300,32,128,104,1.230769231,8422,267839,0.226308265,10910.062500000,24.549721874,55,336,133.682539683,2.513417241,5,156,104,8422,267839,0
512,4,301,32,128,110,1.163636364,9828,312846,0.264336544,11348.093750000,27.568154343,55,335,156.000000000,2.147435897,4,166,110,9828,312846,0
512,4,302,32,128,106,1.207547170,8725,277587,0.234544754,10619.125000000,26.140289336,57,313,138.492063492,2.260057307,4,166,106,8725,277587,0
512,4,303,32,128,113,1.132743363,8713,277043,0.234085106,9818.218750000,28.217236451,54,337,138.301587302,2.436703776,4,167,113,8713,277043,0
512,4,304,32,128,112,1.142857143,9347,297163,0.251085327,10960.625000000,27.111866340,57,336,148.365079365,2.264683856,4,212,112,9347,297163,0
512,4,305,32,128,113,1.132743363,9217,293286,0.247809489,10727.500000000,27.339641109,57,337,146.301587302,2.303460996,4,212,113,9217,293286,0
512,4,306,32,128,114,1.122807018,9406,299231,0.252832666,10730.750000000,27.885376139,55,341,149.301587302,2.283967680,4,175,114,9406,299231,0
512,4,307,32,128,106,1.207547170,8744,278050,0.234935962,10753.468750000,25.856772960,56,305,138.793650794,2.197506862,5,162,106,8744,278050,0
512,4,308,32,128,109,1.174311927,8821,280610,0.237099012,10463.843750000,26.817105330,57,330,140.015873016,2.356875638,4,175,109,8821,280610,0
512,4,309,32,128,110,1.163636364,9303,295839,0.249966625,10911.843750000,27.111733523,57,347,147.666666667,2.349887133,4,212,110,9303,295839,0
512,4,310,32,128,117,1.094017094,9303,295922,0.250036755,10370.718750000,28.534377138,53,340,147.666666667,2.302483070,4,166,117,9303,295922,0
512,4,311,32,128,113,1.132743363,9019,286689,0.242235411,10085.500000000,28.425858906,55,336,143.158730159,2.347045127,4,212,113,9019,286689,0
512,4,312,16,64,61,1.049180328,5154,163983,0.138556029,10655.875000000,15.388975565,50,289,86.428571429,3.343801653,3,175,65,5445,173212,64
512,8,0,32,256,215,1.190697674,16562,526600,0.444946152,20197.250000000,26.072856453,62,455,262.888888889,1.730769231,6,212,215,16562,526600,0
512,8,1,32,256,186,1.376344086,15584,495957,0.419054612,22386.562500000,22.154227564,62,436,247.365079365,1.762577002,6,212,186,15584,495957,0
512,8,2,32,256,194,1.319587629,15942,507056,0.428432617,21901.062500000,23.152118761,62,428,253.047619048,1.691381257,5,212,194,15942,507056,0
512,8,3,32,256,200,1.280000000,15309,486597,0.411145960,20059.312500000,24.257910135,63,455,243.000000000,1.872427984,6,175,200,15309,486597,0
512,8,4,32,256,193,1.326424870,15512,493210,0.416733558,21191.406250000,23.274057143,62,450,246.222222222,1.827617329,6,212,193,15512,493210,0
512,8,5,32,256,177,1.446327684,13654,434099,0.366788226,20619.125000000,21.053221221,60,452,216.730158730,2.085542698,6,175,177,13654,434099,0
512,8,6,32,256,189,1.354497354,15066,479207,0.404901843,20691.875000000,23.159186879,62,455,239.142857143,1.902628435,5,212,189,15066,479207,0
512,8,7,32,256,184,1.391304348,15227,484444,0.409326801,21748.062500000,22.275271648,61,426,241.698412698,1.762527090,5,212,184,15227,484444,0
512,8,8,32,256,203,1.261083744,16707,531404,0.449005250,21273.437500000,24.979695924,60,450,265.190476190,1.696893518,7,212,203,16707,531404,0
512,8,9,32,256,196,1.306122449,15560,494919,0.418177563,20862.281250000,23.723148685,63,452,246.984126984,1.830077121,6,212,196,15560,494919,0
512,8,10,32,256,197,1.299492386,16504,525249,0.443804636,22075.375000000,23.793434993,62,467,261.968253968,1.782658749,7,175,197,16504,525249,0
512,8,11,32,256,213,1.201877934,15667,497882,0.420681124,18952.656250000,26.269774191,63,448,248.682539683,1.801493585,6,166,213,15667,497882,0
512,8,12,32,256,185,1.383783784,14821,471348,0.398261449,21122.593750000,22.314873144,62,434,235.253968254,1.844814790,6,212,185,14821,471348,0
512,8,13,32,256,207,1.236714976,16317,518750,0.438313362,20603.500000000,25.177761060,63,454,259.000000000,1.752895753,6,212,207,16317,518750,0
512,8,14,32,256,194,1.319587629,14834,471781,0.398627308,19555.093750000,24.125734503,63,449,235.460317460,1.906903061,6,175,194,14834,471781,0
512,8,15,32,256,193,1.326424870,14891,473370,0.399969920,20123.031250000,23.523791924,62,439,236.365079365,1.857296354,6,212,193,14891,473370,0
512,8,16,32,256,202,1.267326733,16166,514084,0.434370865,20763.750000000,24.758726145,61,454,256.603174603,1.769268836,6,212,202,16166,514084,0
512,8,17,32,256,203,1.261083744,15882,505171,0.426839902,20629.093750000,24.488278842,62,436,252.095238095,1.729505100,6,212,203,15882,505171,0
512,8,18,32,256,191,1.340314136,15185,483023,0.408126140,21056.187500000,22.939717838,62,440,241.031746032,1.825485677,6,175,191,15185,483023,0
512,8,19,32,256,203,1.261083744,16204,515349,0.435439716,20264.531250000,25.431084176,61,452,257.206349206,1.757343866,6,166,203,16204,515349,0
512,8,20,32,256,187,1.368983957,14857,472311,0.399075127,21476.937500000,21.991543254,61,452,235.825396825,1.916672276,6,212,187,14857,472311,0
512,8,21,32,256,200,1.280000000,16690,530901,0.448580245,21614.468750000,24.562296957,63,433,264.920634921,1.634451768,5,212,200,16690,530901,0
512,8,22,32,256,176,1.454545455,14565,463324,0.391481639,22250.687500000,20.822907157,63,430,231.190476190,1.859938208,5,212,176,14565,463324,0
512,8,23,32,256,203,1.261083744,15020,477427,0.403397847,18989.812500000,25.141217166,62,444,238.412698413,1.862316911,6,175,203,15020,477427,0
512,8,24,32,256,196,1.306122449,15542,494340,0.417688342,20878.625000000,23.676846536,62,452,246.698412698,1.832196628,6,175,196,15542,494340,0
512,8,25,32,256,198,1.292929293,15588,495884,0.418992931,20557.437500000,24.121878031,63,442,247.428571429,1.786374134,6,175,198,15588,495884,0
512,8,26,32,256,203,1.261083744,16406,521745,0.440843961,20498.843750000,25.452411188,62,447,260.412698413,1.716506156,6,175,203,16406,521745,0
512,8,27,32,256,205,1.248780488,16372,520614,0.439888333,20694.500000000,25.157119041,63,446,259.873015873,1.716222819,6,175,205,16372,520614,0
512,8,28,32,256,194,1.319587629,15292,486444,0.411016684,21445.906250000,22.682370907,62,450,242.730158730,1.853910541,6,175,194,15292,486444,0
512,8,29,32,256,197,1.299492386,15294,486314,0.410906842,20000.781250000,24.314750205,61,445,242.761904762,1.833071793,6,212,197,15294,486314,0
512,8,30,32,256,192,1.333333333,14506,461063,0.389571226,19190.312500000,24.025820319,62,454,230.253968254,1.971735833,6,166,192,14506,461063,0
512,8,31,32,256,192,1.333333333,15169,482314,0.407527076,20702.218750000,23.297696050,60,446,240.777777778,1.852330411,7,175,192,15169,482314,0
512,8,32,32,256,183,1.398907104,14635,465409,0.393243341,20710.500000000,22.472127665,62,415,232.301587302,1.786470789,6,212,183,14635,465409,0
512,8,33,32,256,189,1.354497354,15133,481244,0.406622989,21504.000000000,22.379278274,62,397,240.206349206,1.652745655,6,175,189,15133,481244,0
512,8,34,32,256,186,1.376344086,15202,483576,0.408593392,21384.093750000,22.613817806,58,446,241.301587302,1.848309433,6,175,186,15202,483576,0
512,8,35,32,256,200,1.280000000,15495,492658,0.416267150,19558.468750000,25.188986229,63,442,245.952380952,1.797095837,6,212,200,15495,492658,0
512,8,36,32,256,210,1.219047619,17262,549324,0.464146601,21136.125000000,25.989816014,63,448,274.000000000,1.635036496,7,175,210,17262,549324,0
512,8,37,32,256,194,1.319587629,15004,476870,0.402927215,20494.406250000,23.268300344,62,452,238.158730159,1.897893895,6,212,194,15004,476870,0
512,8,38,32,256,192,1.333333333,15500,493073,0.416617801,21375.687500000,23.067000769,63,439,246.031746032,1.784322581,6,175,192,15500,493073,0
512,8,39,32,256,192,1.333333333,15731,500315,0.422736867,21388.718750000,23.391536718,62,443,249.698412698,1.774140233,6,212,192,15731,500315,0
512,8,40,32,256,187,1.368983957,14979,476344,0.402482776,20867.750000000,22.826802123,62,442,237.761904762,1.859002604,5,175,187,14979,476344,0
512,8,41,32,256,207,1.236714976,15566,494738,0.418024628,19243.593750000,25.709231156,63,453,247.079365079,1.833418990,6,162,207,15566,494738,0
512,8,42,32,256,203,1.261083744,15089,479369,0.405038724,19281.375000000,24.861764267,61,450,239.507936508,1.878852144,6,175,203,15089,479369,0
512,8,43,32,256,203,1.261083744,16102,512311,0.432872784,20811.343750000,24.616911150,63,439,255.587301587,1.717612719,6,175,203,16102,512311,0
512,8,44,32,256,191,1.340314136,15112,480478,0.405975764,20831.218750000,23.065285126,61,464,239.873015873,1.934356803,5,212,191,15112,480478,0
512,8,45,32,256,202,1.267326733,16546,526321,0.444710413,21309.531250000,24.698853946,62,461,262.634920635,1.755288287,7,175,202,16546,526321,0
512,8,46,32,256,197,1.299492386,15817,502986,0.424993705,21150.281250000,23.781527728,62,454,251.063492063,1.808307517,6,175,197,15817,502986,0
512,8,47,32,256,203,1.261083744,16419,522186,0.441216580,21166.625000000,24.670253288,63,450,260.619047619,1.726658140,6,175,203,16419,522186,0
512,8,48,32,256,184,1.391304348,13816,439312,0.371192905,19806.187500000,22.180543328,61,452,219.301587302,2.061088593,6,175,184,13816,439312,0
512,8,49,32,256,205,1.248780488,15676,498340,0.421068107,19850.937500000,25.104104025,62,449,248.825396825,1.804478183,5,212,205,15676,498340,0
512,8,50,32,256,196,1.306122449,15763,501338,0.423601242,21020.406250000,23.850062365,63,455,250.206349206,1.818499017,6,212,196,15763,501338,0
512,8,51,32,256,201,1.273631841,15899,505684,0.427273357,20456.500000000,24.719966759,61,413,252.365079365,1.636518020,6,162,201,15899,505684,0
512,8,52,32,256,201,1.273631841,15794,502084,0.424231568,20769.593750000,24.173992330,61,430,250.698412698,1.715208307,6,175,201,15794,502084,0
512,8,53,32,256,193,1.326424870,14932,474716,0.401107211,19477.312500000,24.372767033,63,436,237.015873016,1.839539245,6,175,193,14932,474716,0
512,8,54,32,256,192,1.333333333,15532,494042,0.417436549,21149.093750000,23.359960755,62,447,246.539682540,1.813095545,5,175,192,15532,494042,0
512,8,55,32,256,181,1.414364641,14205,451773,0.381721720,20787.750000000,21.732655049,62,456,225.476190476,2.022386484,6,175,181,14205,451773,0
512,8,56,32,256,205,1.248780488,16488,524513,0.443182759,21444.375000000,24.459234648,63,455,261.714285714,1.738537118,6,212,205,16488,524513,0
512,8,57,32,256,185,1.383783784,14374,457142,0.386258211,20331.750000000,22.484144257,60,445,228.158730159,1.950396549,6,167,185,14374,457142,0
512,8,58,32,256,201,1.273631841,15318,487064,0.411540548,19416.250000000,25.085379515,59,460,243.142857143,1.891891892,7,212,201,15318,487064,0
512,8,59,32,256,197,1.299492386,15660,497904,0.420699713,20266.375000000,24.567985148,62,464,248.571428571,1.866666667,6,167,197,15660,497904,0
512,8,60,32,256,192,1.333333333,15120,481134,0.406530045,20627.875000000,23.324457803,62,435,240.000000000,1.812500000,7,175,192,15120,481134,0
512,8,61,32,256,190,1.347368421,15854,504161,0.425986511,21275.750000000,23.696508936,61,414,251.650793651,1.645136874,5,212,190,15854,504161,0
512,8,62,32,256,188,1.361702128,15047,478517,0.404318834,20916.843750000,22.877113092,62,440,238.841269841,1.842227687,5,166,188,15047,478517,0
512,8,63,32,256,196,1.306122449,15191,483068,0.408164162,19783.312500000,24.417953262,63,444,241.126984127,1.841353433,6,167,196,15191,483068,0
512,8,64,32,256,179,1.430167598,14284,454284,0.383843368,20564.156250000,22.091059535,63,455,226.730158730,2.006790815,5,167,179,14284,454284,0
512,8,65,32,256,193,1.326424870,15022,477536,0.403489946,20513.937500000,23.278612407,62,444,238.444444444,1.862068966,6,212,193,15022,477536,0
512,8,66,32,256,196,1.306122449,15438,490902,0.414783433,20160.437500000,24.349769195,61,458,245.047619048,1.869024485,6,167,196,15438,490902,0
512,8,67,32,256,183,1.398907104,14626,465250,0.393108996,21138.593750000,22.009505717,61,454,232.158730159,1.955558594,5,175,183,14626,465250,0
512,8,68,32,256,194,1.319587629,15222,484003,0.408954182,20044.000000000,24.147026542,62,451,241.619047619,1.866574695,6,212,194,15222,484003,0
512,8,69,32,256,195,1.312820513,15283,485987,0.410630546,20262.093750000,23.985033630,63,452,242.587301587,1.863246745,6,166,195,15283,485987,0
512,8,70,32,256,183,1.398907104,14237,452811,0.382598769,20264.125000000,22.345450396,61,450,225.984126984,1.991290300,6,175,183,14237,452811,0
512,8,71,32,256,204,1.254901961,16206,515244,0.435350997,20520.468750000,25.108783151,63,467,257.238095238,1.815438726,6,175,204,16206,515244,0
512,8,72,32,256,197,1.299492386,15670,498182,0.420934607,20202.375000000,24.659575916,63,436,248.730158730,1.752903638,5,175,197,15670,498182,0
512,8,73,32,256,192,1.333333333,14988,476567,0.402671198,20679.812500000,23.045034862,62,438,237.904761905,1.841072858,6,167,192,14988,476567,0
512,8,74,32,256,196,1.306122449,15689,498966,0.421597041,20278.750000000,24.605362757,62,451,249.031746032,1.811014086,6,167,196,15689,498966,0
512,8,75,32,256,186,1.376344086,14189,450962,0.381036473,20294.750000000,22.220623560,62,444,225.222222222,1.971386285,5,175,186,14189,450962,0
512,8,76,32,256,199,1.286432161,15822,503145,0.425128051,20778.093750000,24.215166514,61,447,251.142857143,1.779863481,6,212,199,15822,503145,0
512,8,77,32,256,190,1.347368421,14572,463212,0.391387005,19798.750000000,23.396022476,60,454,231.301587302,1.962805380,6,212,190,14572,463212,0
512,8,78,32,256,198,1.292929293,16028,509837,0.430782399,21589.312500000,23.615249443,63,464,254.412698413,1.823808335,6,212,198,16028,509837,0
512,8,79,32,256,189,1.354497354,14582,463537,0.391661611,19568.187500000,23.688295096,60,445,231.460317460,1.922575778,6,167,189,14582,463537,0
512,8,80,32,256,193,1.326424870,14886,473289,0.399901480,20257.500000000,23.363643095,62,452,236.285714286,1.912938331,6,156,193,14886,473289,0
512,8,81,32,256,193,1.326424870,15414,490250,0.414232531,21081.906250000,23.254538474,62,448,244.666666667,1.831062670,6,212,193,15414,490250,0
512,8,82,32,256,205,1.248780488,16015,509283,0.430314301,20707.062500000,24.594652187,63,450,254.206349206,1.770215423,6,175,205,16015,509283,0
512,8,83,32,256,201,1.273631841,15826,503284,0.425245498,20450.562500000,24.609787628,61,456,251.206349206,1.815240743,6,212,201,15826,503284,0
512,8,84,32,256,208,1.230769231,16438,522945,0.441857891,20623.437500000,25.356830063,62,464,260.920634921,1.778318530,6,175,208,16438,522945,0
512,8,85,32,256,183,1.398907104,14663,466357,0.394044346,20975.187500000,22.233746421,63,452,232.746031746,1.942030962,6,212,183,14663,466357,0
512,8,86,32,256,196,1.306122449,14877,473052,0.399701229,20278.125000000,23.328192325,60,444,236.142857143,1.880217786,6,212,196,14877,473052,0
512,8,87,32,256,191,1.340314136,14855,472201,0.398982184,20093.875000000,23.499748058,63,461,235.793650794,1.955099293,6,175,191,14855,472201,0
512,8,88,32,256,180,1.422222222,14382,457339,0.386424664,21774.218750000,21.003692727,60,415,228.285714286,1.817897372,6,212,180,14382,457339,0
512,8,89,32,256,183,1.398907104,14696,467456,0.394972937,21044.468750000,22.212772656,60,406,233.269841270,1.740473598,6,175,183,14696,467456,0
512,8,90,32,256,189,1.354497354,14661,466105,0.393831421,20366.062500000,22.886358126,60,459,232.714285714,1.972375691,6,175,189,14661,466105,0
512,8,91,32,256,184,1.391304348,14439,459125,0.387933730,21024.343750000,21.837780311,60,452,229.190476190,1.972158737,6,212,184,14439,459125,0
512,8,92,32,256,190,1.347368421,15009,477444,0.403412211,20591.625000000,23.186319681,60,456,238.238095238,1.914051569,6,166,190,15009,477444,0
512,8,93,32,256,184,1.391304348,15291,486489,0.411054707,22285.093750000,21.830242469,62,403,242.714285714,1.660388464,6,212,184,15291,486489,0
512,8,94,32,256,182,1.406593407,14091,448064,0.378587833,19913.843750000,22.500126325,63,445,223.666666667,1.989567809,6,175,182,14091,448064,0
512,8,95,32,256,191,1.340314136,15391,489557,0.413646987,21504.812500000,22.764997370,63,440,244.301587302,1.801052563,6,175,191,15391,489557,0
512,8,96,32,256,178,1.438202247,14500,461384,0.389842452,21490.000000000,21.469706840,60,429,230.158730159,1.863931034,5,175,178,14500,461384,0
512,8,97,32,256,192,1.333333333,15100,480259,0.405790722,20729.781250000,23.167586489,61,448,239.682539683,1.869139073,6,212,192,15100,480259,0
512,8,98,32,256,204,1.254901961,16319,519068,0.438582053,20836.281250000,24.911738989,61,443,259.031746032,1.710215087,7,169,204,16319,519068,0
512,8,99,32,256,188,1.361702128,15302,486629,0.411172998,21323.156250000,22.821621447,63,432,242.888888889,1.778591034,6,175,188,15302,486629,0
512,8,100,32,256,197,1.299492386,14866,472702,0.399405499,19433.906250000,24.323571078,62,461,235.968253968,1.953652630,6,212,197,14866,472702,0
512,8,101,32,256,198,1.292929293,15646,497595,0.420438626,20553.531250000,24.209708490,62,451,248.349206349,1.815991308,6,175,198,15646,497595,0
512,8,102,32,256,193,1.326424870,15525,493764,0.417201655,21373.781250000,23.101387360,61,444,246.428571429,1.801739130,7,166,193,15525,493764,0
512,8,103,32,256,194,1.319587629,15721,499992,0.422463951,21624.125000000,23.121952911,61,442,249.539682540,1.771261370,6,212,194,15721,499992,0
512,8,104,32,256,211,1.213270142,17102,543876,0.459543360,20865.468750000,26.065841440,63,449,271.460317460,1.654017074,6,212,211,17102,543876,0
512,8,105,32,256,192,1.333333333,15436,491023,0.414885671,21707.343750000,22.620132876,62,438,245.015873016,1.787639285,6,212,192,15436,491023,0
512,8,106,32,256,199,1.286432161,15944,507181,0.428538234,20819.187500000,24.361229275,61,435,253.079365079,1.718828399,6,166,199,15944,507181,0
512,8,107,32,256,201,1.273631841,16738,532389,0.449837518,21302.312500000,24.992075391,63,436,265.682539683,1.641056279,6,175,201,16738,532389,0
512,8,108,32,256,190,1.347368421,14673,466610,0.394258116,20283.312500000,23.004625107,62,437,232.904761905,1.876303414,6,175,190,14673,466610,0
512,8,109,32,256,193,1.326424870,15602,496495,0.419509190,21089.468750000,23.542318960,62,434,247.650793651,1.752467632,5,212,193,15602,496495,0
512,8,110,32,256,196,1.306122449,14995,476725,0.402804699,20301.343750000,23.482435738,63,443,238.015873016,1.861220407,6,175,196,14995,476725,0
512,8,111,32,256,204,1.254901961,16015,509245,0.430282194,19878.375000000,25.618039704,62,450,254.206349206,1.770215423,6,212,204,16015,509245,0
512,8,112,32,256,192,1.333333333,15067,479354,0.405026050,20311.125000000,23.600563730,62,459,239.158730159,1.919227451,6,175,192,15067,479354,0
512,8,113,32,256,199,1.286432161,15482,492248,0.415920724,20426.687500000,24.098278294,63,429,245.746031746,1.745704689,6,175,199,15482,492248,0
512,8,114,32,256,179,1.430167598,13916,442477,0.373867145,20640.281250000,21.437547030,63,449,220.888888889,2.032696177,6,175,179,13916,442477,0
512,8,115,32,256,191,1.340314136,14497,460915,0.389446175,19464.281250000,23.680042128,63,428,230.111111111,1.859971028,6,212,191,14497,460915,0
512,8,116,32,256,201,1.273631841,15395,489360,0.413480533,19970.093750000,24.504642098,63,444,244.365079365,1.816953556,7,212,201,15395,489360,0
512,8,117,32,256,198,1.292929293,15488,492431,0.416075348,19688.625000000,25.010939057,62,458,245.841269841,1.862990702,8,212,198,15488,492431,0
512,8,118,32,256,176,1.454545455,14363,456993,0.386132314,21351.468750000,21.403351936,63,428,227.984126984,1.877323679,5,175,176,14363,456993,0
512,8,119,32,256,189,1.354497354,15394,489588,0.413673180,21851.875000000,22.404850842,63,417,244.349206349,1.706573990,5,212,189,15394,489588,0
512,8,120,32,256,177,1.446327684,14290,454457,0.383989543,21770.187500000,20.875199169,59,447,226.825396825,1.970678796,6,166,177,14290,454457,0
512,8,121,32,256,194,1.319587629,14695,467408,0.394932379,19598.906250000,23.848677780,62,454,233.253968254,1.946376318,6,212,194,14695,467408,0
512,8,122,32,256,201,1.273631841,15420,490261,0.414241826,19731.843750000,24.846182963,63,445,244.761904762,1.818093385,7,212,201,15420,490261,0
512,8,123,32,256,191,1.340314136,15530,493947,0.417356280,21281.812500000,23.209818243,62,451,246.507936508,1.829555699,6,175,191,15530,493947,0
512,8,124,32,256,190,1.347368421,15031,478087,0.403955509,20454.687500000,23.372979910,61,455,238.587301587,1.907058745,6,212,190,15031,478087,0
512,8,125,32,256,196,1.306122449,15596,495968,0.419063906,20909.062500000,23.720240924,63,432,247.555555556,1.745062837,6,212,196,15596,495968,0
512,8,126,32,256,204,1.254901961,15997,508589,0.429727912,20799.656250000,24.451798332,62,443,253.920634921,1.744639620,6,162,204,15997,508589,0
512,8,127,32,256,187,1.368983957,14253,453257,0.382975613,19840.687500000,22.844823296,62,453,226.238095238,2.002315302,6,212,187,14253,453257,0
512,8,128,32,256,196,1.306122449,15148,481741,0.407042925,19901.875000000,24.205809754,63,450,240.444444444,1.871534196,6,212,196,15148,481741,0
512,8,129,32,256,194,1.319587629,16372,520920,0.440146885,22123.937500000,23.545537498,63,438,259.873015873,1.685438554,6,212,194,16372,520920,0
512,8,130,32,256,187,1.368983957,15249,484947,0.409751807,21591.656250000,22.459925926,61,442,242.047619048,1.826086957,6,166,187,15249,484947,0
512,8,131,32,256,185,1.383783784,14077,447628,0.378219438,20423.437500000,21.917368220,61,443,223.444444444,1.982595724,6,166,185,14077,447628,0
512,8,132,32,256,198,1.292929293,15290,486237,0.410841781,19735.125000000,24.638151519,62,460,242.698412698,1.895356442,6,175,198,15290,486237,0
512,8,133,32,256,192,1.333333333,15270,485789,0.410463248,20972.312500000,23.163349297,63,460,242.380952381,1.897838900,6,175,192,15270,485789,0
512,8,134,32,256,202,1.267326733,16210,515502,0.435568992,21064.687500000,24.472330767,61,452,257.301587302,1.756693399,6,212,202,16210,515502,0
512,8,135,32,256,198,1.292929293,15925,506548,0.428003387,21046.406250000,24.068147026,63,458,252.777777778,1.811868132,6,175,198,15925,506548,0
512,8,136,32,256,202,1.267326733,15744,500626,0.422999643,19885.750000000,25.175112832,61,446,249.904761905,1.784679878,6,175,202,15744,500626,0
512,8,137,32,256,202,1.267326733,15776,501646,0.423861484,20384.093750000,24.609678809,62,448,250.412698413,1.789046653,7,175,202,15776,501646,0
512,8,138,32,256,187,1.368983957,14408,458170,0.387126810,20661.000000000,22.175596535,62,447,228.698412698,1.954539145,6,156,187,14408,458170,0
512,8,139,32,256,201,1.273631841,16038,509902,0.430837320,20521.250000000,24.847511726,61,444,254.571428571,1.744107744,5,175,201,16038,509902,0
512,8,140,32,256,190,1.347368421,16243,516785,0.436653052,22552.968750000,22.914278192,62,449,257.825396825,1.741488641,6,175,190,16243,516785,0
512,8,141,32,256,193,1.326424870,14789,470359,0.397425801,19828.937500000,23.720837286,63,452,234.746031746,1.925485158,7,212,193,14789,470359,0
512,8,142,32,256,186,1.376344086,14400,457783,0.386799818,19941.437500000,22.956369118,61,446,228.571428571,1.951250000,6,167,186,14400,457783,0
512,8,143,32,256,200,1.280000000,16223,516051,0.436032865,21180.656250000,24.364259252,63,454,257.507936508,1.763052456,6,212,200,16223,516051,0
512,8,144,32,256,197,1.299492386,15128,481108,0.406508077,19724.218750000,24.391739217,62,455,240.126984127,1.894830777,7,212,197,15128,481108,0
512,8,145,32,256,203,1.261083744,15537,493953,0.417361349,20001.843750000,24.695373395,61,455,246.619047619,1.844950763,6,175,203,15537,493953,0
512,8,146,32,256,190,1.347368421,14662,466223,0.393931124,20296.656250000,22.970433861,61,421,232.730158730,1.808961942,5,212,190,14662,466223,0
512,8,147,32,256,195,1.312820513,15790,502298,0.424412385,21272.968750000,23.612031113,62,447,250.634920635,1.783470551,6,212,195,15790,502298,0
512,8,148,32,256,202,1.267326733,16000,508893,0.429984774,21012.375000000,24.218728249,60,453,253.968253968,1.783687500,6,175,202,16000,508893,0
512,8,149,32,256,195,1.312820513,14789,470126,0.397228930,19947.250000000,23.568461818,62,425,234.746031746,1.810467239,6,162,195,14789,470126,0
512,8,150,32,256,202,1.267326733,15876,504980,0.426678518,20350.687500000,24.813903707,62,453,252.000000000,1.797619048,6,167,202,15876,504980,0
512,8,151,32,256,190,1.347368421,14958,475611,0.401863434,20689.500000000,22.988037410,61,426,237.428571429,1.794223827,6,212,190,14958,475611,0
512,8,152,32,256,180,1.422222222,14660,466327,0.394018998,21596.718750000,21.592493073,60,443,232.698412698,1.903751705,6,175,180,14660,466327,0
512,8,153,32,256,201,1.273631841,16042,510279,0.431155863,20964.062500000,24.340654394,60,454,254.634920635,1.782944770,6,212,201,16042,510279,0
512,8,154,32,256,195,1.312820513,15349,488215,0.412513075,20331.593750000,24.012628130,62,450,243.634920635,1.847025865,6,175,195,15349,488215,0
512,8,155,32,256,199,1.286432161,15715,499625,0.422153857,20737.468750000,24.092863311,63,447,249.444444444,1.791982183,7,212,199,15715,499625,0
512,8,156,32,256,211,1.213270142,16010,508988,0.430065044,19970.000000000,25.487631447,61,464,254.126984127,1.825858838,6,212,211,16010,508988,0
512,8,157,32,256,181,1.414364641,14881,473370,0.399969920,21785.625000000,21.728548068,61,451,236.206349206,1.909347490,6,175,181,14881,473370,0
512,8,158,32,256,193,1.326424870,15680,498815,0.421469455,21409.968750000,23.298259135,63,443,248.888888889,1.779910714,6,212,193,15680,498815,0
512,8,159,32,256,187,1.368983957,14451,459543,0.388286915,20745.312500000,22.151654741,60,439,229.380952381,1.913846793,7,166,187,14451,459543,0
512,8,160,32,256,190,1.347368421,15027,477911,0.403806799,20379.937500000,23.450071915,61,446,238.523809524,1.869834298,6,212,190,15027,477911,0
512,8,161,32,256,186,1.376344086,14367,456825,0.385990364,20768.968750000,21.995555268,63,442,228.047619048,1.938191689,6,212,186,14367,456825,0
512,8,162,32,256,187,1.368983957,15218,484156,0.409083458,21790.593750000,22.218577683,62,444,241.555555556,1.838086477,6,175,187,15218,484156,0
512,8,163,32,256,198,1.292929293,16449,523247,0.442113063,21959.250000000,23.828090668,62,440,261.095238095,1.685208827,5,167,198,16449,523247,0
512,8,164,32,256,201,1.273631841,15654,497541,0.420392999,20009.000000000,24.865860363,63,441,248.476190476,1.774817938,5,156,201,15654,497541,0
512,8,165,32,256,193,1.326424870,15828,503614,0.425524328,20921.218750000,24.071924586,60,443,251.238095238,1.763267627,6,162,193,15828,503614,0
512,8,166,32,256,204,1.254901961,16673,530375,0.448135806,21072.906250000,25.168573983,61,448,264.650793651,1.692796737,6,212,204,16673,530375,0
512,8,167,32,256,188,1.361702128,15353,488096,0.412412527,21227.687500000,22.993366564,62,456,243.698412698,1.871165245,6,212,188,15353,488096,0
512,8,168,32,256,203,1.261083744,16189,514929,0.435084841,20957.656250000,24.569970700,63,446,256.968253968,1.735622954,7,175,203,16189,514929,0
512,8,169,32,256,183,1.398907104,14921,474705,0.401097917,21135.250000000,22.460344685,61,448,236.841269841,1.891562228,6,162,183,14921,474705,0
512,8,170,32,256,196,1.306122449,15334,487446,0.411863316,20398.968750000,23.895619723,63,444,243.396825397,1.824181557,5,212,196,15334,487446,0
512,8,171,32,256,183,1.398907104,14487,460493,0.389089609,21260.187500000,21.659874825,61,455,229.952380952,1.978670532,6,158,183,14487,460493,0
512,8,172,32,256,194,1.319587629,15498,492994,0.416551051,21174.843750000,23.282060818,62,443,246.000000000,1.800813008,6,167,194,15498,492994,0
512,8,173,32,256,204,1.254901961,16027,509559,0.430547505,20576.718750000,24.763860856,63,459,254.396825397,1.804267798,6,212,204,16027,509559,0
512,8,174,32,256,194,1.319587629,14970,475884,0.402094103,20084.156250000,23.694497995,62,448,237.619047619,1.885370741,7,212,194,14970,475884,0
512,8,175,32,256,200,1.280000000,15780,501753,0.423951892,20339.812500000,24.668516487,63,447,250.476190476,1.784600760,6,212,200,15780,501753,0
512,8,176,32,256,197,1.299492386,15316,486798,0.411315793,20419.281250000,23.840114353,63,444,243.111111111,1.826325411,6,175,197,15316,486798,0
512,8,177,32,256,194,1.319587629,15348,487945,0.412284941,19919.406250000,24.495961068,63,435,243.619047619,1.785574668,6,166,194,15348,487945,0
512,8,178,32,256,189,1.354497354,14360,456368,0.385604226,19404.718750000,23.518403223,61,445,227.936507937,1.952298050,6,169,189,14360,456368,0
512,8,179,32,256,195,1.312820513,15203,483277,0.408340755,19949.375000000,24.225169961,62,444,241.317460317,1.839900020,6,167,195,15203,483277,0
512,8,180,32,256,193,1.326424870,15730,500172,0.422616040,21564.656250000,23.194063202,62,454,249.682539683,1.818308964,6,212,193,15730,500172,0
512,8,181,32,256,201,1.273631841,16424,522534,0.441510620,21189.656250000,24.659862049,62,453,260.698412698,1.737640039,6,175,201,16424,522534,0
512,8,182,32,256,197,1.299492386,15766,501367,0.423625745,20665.281250000,24.261319937,61,458,250.253968254,1.830140809,7,212,197,15766,501367,0
512,8,183,32,256,195,1.312820513,15580,495433,0.418611863,20639.375000000,24.004263695,63,449,247.301587302,1.815596919,6,212,195,15580,495433,0
512,8,184,32,256,201,1.273631841,15217,483712,0.408708304,19777.687500000,24.457459953,62,451,241.539682540,1.867188013,6,212,201,15217,483712,0
512,8,185,32,256,199,1.286432161,16270,517590,0.437333230,20927.218750000,24.732861360,62,448,258.253968254,1.734726490,6,167,199,16270,517590,0
512,8,186,32,256,201,1.273631841,16194,515279,0.435380570,20681.843750000,24.914558210,61,455,257.047619048,1.770100037,6,175,201,16194,515279,0
512,8,187,32,256,190,1.347368421,15153,481896,0.407173891,20975.000000000,22.974779499,63,452,240.523809524,1.879231835,6,158,190,15153,481896,0
512,8,188,32,256,196,1.306122449,15962,507753,0.429021541,21332.250000000,23.802130577,63,455,253.365079365,1.795827591,6,175,196,15962,507753,0
512,8,189,32,256,208,1.230769231,16129,512778,0.433267372,19869.437500000,25.807373762,62,451,256.015873016,1.761609523,6,212,208,16129,512778,0
512,8,190,32,256,200,1.280000000,16358,520249,0.439579929,22032.812500000,23.612464364,62,431,259.650793651,1.659921751,6,212,200,16358,520249,0
512,8,191,32,256,187,1.368983957,14938,475027,0.401369988,20998.031250000,22.622454188,62,445,237.111111111,1.876757263,6,212,187,14938,475027,0
512,8,192,32,256,192,1.333333333,15014,477435,0.403404607,20109.093750000,23.742243481,61,452,238.317460317,1.896629812,6,167,192,15014,477435,0
512,8,193,32,256,201,1.273631841,15586,495668,0.418810424,20336.625000000,24.373169098,62,445,247.396825397,1.798729629,6,169,201,15586,495668,0
512,8,194,32,256,194,1.319587629,14746,468750,0.396066291,19757.281250000,23.725430340,62,441,234.063492063,1.884104164,6,162,194,14746,468750,0
512,8,195,32,256,184,1.391304348,14694,467280,0.394824227,21317.781250000,21.919729568,62,385,233.238095238,1.650673744,5,175,184,14694,467280,0
512,8,196,32,256,194,1.319587629,15560,495017,0.418260367,20790.281250000,23.810019405,60,450,246.984126984,1.821979434,6,167,194,15560,495017,0
512,8,197,32,256,196,1.306122449,15940,506853,0.428261094,21588.093750000,23.478358296,63,453,253.015873016,1.790401506,6,166,196,15940,506853,0
512,8,198,32,256,182,1.406593407,14098,448168,0.378675706,20427.437500000,21.939511503,61,452,223.777777778,2.019860973,7,175,182,14098,448168,0
512,8,199,32,256,196,1.306122449,16046,510294,0.431168537,21632.062500000,23.589706252,62,449,254.698412698,1.762869251,6,212,196,16046,510294,0
512,8,200,32,256,191,1.340314136,15834,503743,0.425633326,21689.531250000,23.225167672,61,449,251.333333333,1.786472149,6,175,191,15834,503743,0
512,8,201,32,256,197,1.299492386,15629,496987,0.419924902,20451.375000000,24.300908863,63,442,248.079365079,1.781687888,6,212,197,15629,496987,0
512,8,202,32,256,192,1.333333333,14798,470371,0.397435941,20280.187500000,23.193621854,61,455,234.888888889,1.937086093,6,212,192,14798,470371,0
512,8,203,32,256,196,1.306122449,15416,490289,0.414265484,20607.531250000,23.791738761,62,454,244.698412698,1.855345096,6,212,196,15416,490289,0
512,8,204,32,256,177,1.446327684,13943,443346,0.374601399,21090.843750000,21.020780641,61,448,221.317460317,2.024241555,6,212,177,13943,443346,0
512,8,205,32,256,182,1.406593407,14113,448857,0.379257871,19789.625000000,22.681430295,59,454,224.015873016,2.026642103,6,175,182,14113,448857,0
512,8,206,32,256,192,1.333333333,14556,462720,0.390971294,19356.468750000,23.905186735,61,447,231.047619048,1.934666117,7,167,192,14556,462720,0
512,8,207,32,256,192,1.333333333,14940,475021,0.401364918,20438.625000000,23.241338397,62,424,237.142857143,1.787951807,6,212,192,14940,475021,0
512,8,208,32,256,195,1.312820513,15728,500107,0.422561119,20988.406250000,23.827773964,63,449,249.650793651,1.798512208,6,212,195,15728,500107,0
512,8,209,32,256,205,1.248780488,16175,514342,0.434588860,20133.968750000,25.545981837,62,449,256.746031746,1.748809892,6,175,205,16175,514342,0
512,8,210,32,256,196,1.306122449,15106,480423,0.405929292,20093.625000000,23.909224941,60,431,239.777777778,1.797497683,6,167,196,15106,480423,0
512,8,211,32,256,200,1.280000000,16167,514292,0.434546613,21293.437500000,24.152605703,63,452,256.619047619,1.761365745,6,212,200,16167,514292,0
512,8,212,32,256,194,1.319587629,15082,479563,0.405202642,20550.125000000,23.336257079,63,433,239.396825397,1.808712372,6,212,194,15082,479563,0
512,8,213,32,256,190,1.347368421,14909,474086,0.400574898,21043.031250000,22.529358740,60,452,236.650793651,1.909987256,6,175,190,14909,474086,0
512,8,214,32,256,186,1.376344086,14335,455850,0.385166546,21004.312500000,21.702686056,61,443,227.539682540,1.946913150,6,162,186,14335,455850,0
512,8,215,32,256,186,1.376344086,15257,485242,0.410001065,20991.625000000,23.115980778,61,436,242.174603175,1.800353936,6,212,186,15257,485242,0
512,8,216,32,256,181,1.414364641,14098,448287,0.378776254,21542.781250000,20.809151557,62,429,223.777777778,1.917080437,6,212,181,14098,448287,0
512,8,217,32,256,200,1.280000000,15702,499193,0.421788842,20291.093750000,24.601581667,62,454,249.238095238,1.821551395,7,166,200,15702,499193,0
512,8,218,32,256,184,1.391304348,14668,466328,0.394019843,21438.093750000,21.752307152,60,428,232.825396825,1.838287428,6,167,184,14668,466328,0
512,8,219,32,256,177,1.446327684,13790,438554,0.370552440,20668.500000000,21.218472555,62,444,218.888888889,2.028426396,6,166,177,13790,438554,0
512,8,220,32,256,203,1.261083744,15620,496620,0.419614808,20606.375000000,24.100308764,63,449,247.936507937,1.810947503,6,175,203,15620,496620,0
512,8,221,32,256,195,1.312820513,14789,470310,0.397384399,19534.906250000,24.075365092,62,445,234.746031746,1.895665697,6,175,195,14789,470310,0
512,8,222,32,256,192,1.333333333,14458,459589,0.388325782,19719.406250000,23.306431957,63,455,229.492063492,1.982639369,6,212,192,14458,459589,0
512,8,223,32,256,197,1.299492386,15892,505392,0.427026634,20895.531250000,24.186606885,62,454,252.253968254,1.799773471,6,175,197,15892,505392,0
512,8,224,32,256,189,1.354497354,14923,474652,0.401053135,20339.406250000,23.336571096,63,434,236.873015873,1.832205321,6,175,189,14923,474652,0
512,8,225,32,256,186,1.376344086,14270,453659,0.383315280,20388.781250000,22.250422644,61,424,226.507936508,1.871899089,6,166,186,14270,453659,0
512,8,226,32,256,186,1.376344086,14595,463981,0.392036765,20827.062500000,22.277793616,61,435,231.666666667,1.877697842,6,212,186,14595,463981,0
512,8,227,32,256,194,1.319587629,14850,472181,0.398965285,20338.500000000,23.216117216,61,464,235.714285714,1.968484848,6,158,194,14850,472181,0
512,8,228,32,256,203,1.261083744,15684,498548,0.421243855,20105.343750000,24.796790654,63,453,248.952380952,1.819625096,6,175,203,15684,498548,0
512,8,229,32,256,190,1.347368421,14964,475934,0.402136350,20670.656250000,23.024619743,62,448,237.523809524,1.886126704,6,167,190,14964,475934,0
512,8,230,32,256,192,1.333333333,14908,473962,0.400470125,19635.031250000,24.138591580,60,443,236.634920635,1.872082104,7,175,192,14908,473962,0
512,8,231,32,256,203,1.261083744,16575,527281,0.445521557,21000.281250000,25.108282776,63,439,263.095238095,1.668597285,5,175,203,16575,527281,0
512,8,232,32,256,196,1.306122449,15011,477238,0.403238153,19942.968750000,23.930138285,63,453,238.269841270,1.901205782,6,162,196,15011,477238,0
512,8,233,32,256,195,1.312820513,15227,484406,0.409294694,20188.093750000,23.994637929,63,445,241.698412698,1.841137453,5,175,195,15227,484406,0
512,8,234,32,256,198,1.292929293,15687,498785,0.421444106,20556.750000000,24.263806292,62,458,249.000000000,1.839357430,5,166,198,15687,498785,0
512,8,235,32,256,195,1.312820513,15398,489657,0.413731481,20535.593750000,23.844306912,62,440,244.412698413,1.800233797,6,212,195,15398,489657,0
512,8,236,32,256,195,1.312820513,15168,482268,0.407488209,20309.812500000,23.745566336,61,440,240.761904762,1.827531646,6,212,195,15168,482268,0
512,8,237,32,256,190,1.347368421,14671,466614,0.394261496,20096.125000000,23.219103185,62,441,232.873015873,1.893735942,6,162,190,14671,466614,0
512,8,238,32,256,186,1.376344086,14594,464052,0.392096756,20078.281250000,23.112137649,61,455,231.650793651,1.964163355,5,212,186,14594,464052,0
512,8,239,32,256,199,1.286432161,14841,471724,0.398579147,19368.812500000,24.354822992,60,453,235.571428571,1.922983626,7,162,199,14841,471724,0
512,8,240,32,256,187,1.368983957,15350,488238,0.412532509,21745.906250000,22.451950008,59,433,243.650793651,1.777133550,6,167,187,15350,488238,0
512,8,241,32,256,197,1.299492386,15715,499745,0.422255250,20463.718750000,24.421025626,61,443,249.444444444,1.775946548,6,212,197,15715,499745,0
512,8,242,32,256,191,1.340314136,15383,489168,0.413318305,20974.156250000,23.322416128,61,452,244.174603175,1.851134369,6,212,191,15383,489168,0
512,8,243,32,256,197,1.299492386,15394,489452,0.413558268,19841.500000000,24.668094650,62,442,244.349206349,1.808886579,6,175,197,15394,489452,0
512,8,244,32,256,187,1.368983957,14229,452551,0.382379085,19617.562500000,23.068666151,62,434,225.857142857,1.921568627,6,212,187,14229,452551,0
512,8,245,32,256,186,1.376344086,14991,476820,0.402884968,20930.500000000,22.781108908,61,456,237.952380952,1.916349810,6,212,186,14991,476820,0
512,8,246,32,256,199,1.286432161,15160,481935,0.407206843,19844.625000000,24.285417336,62,439,240.634920635,1.824340369,6,167,199,15160,481935,0
512,8,247,32,256,196,1.306122449,14992,476649,0.402740483,19299.718750000,24.697199279,62,446,237.968253968,1.874199573,8,167,196,14992,476649,0
512,8,248,32,256,189,1.354497354,14680,466852,0.394462592,20255.843750000,23.047768622,60,440,233.015873016,1.888283379,6,175,189,14680,466852,0
512,8,249,32,256,175,1.462857143,13786,438179,0.370235587,21950.375000000,19.962255770,60,445,218.825396825,2.033584796,6,166,175,13786,438179,0
512,8,250,32,256,196,1.306122449,14932,474615,0.401021872,19676.593750000,24.120790724,61,415,237.015873016,1.750937584,6,167,196,14932,474615,0
512,8,251,32,256,204,1.254901961,16029,509615,0.430594822,20421.531250000,24.954788833,60,433,254.428571429,1.701852892,6,212,204,16029,509615,0
512,8,252,32,256,197,1.299492386,14885,473303,0.399913309,19817.093750000,23.883572736,62,453,236.269841270,1.917299295,6,212,197,14885,473303,0
512,8,253,32,256,202,1.267326733,15786,502166,0.424300853,20008.000000000,25.098260696,61,445,250.571428571,1.775940707,6,175,202,15786,502166,0
512,8,254,32,256,196,1.306122449,14347,455827,0.385147113,18759.406250000,24.298583544,61,452,227.730158730,1.984805186,6,166,196,14347,455827,0
512,8,255,32,256,196,1.306122449,15758,501147,0.423439858,20999.593750000,23.864604524,60,458,250.126984127,1.831069933,6,175,196,15758,501147,0
512,8,256,32,256,178,1.438202247,14297,454828,0.384303016,20708.906250000,21.962917525,60,443,226.936507937,1.952087851,6,169,178,14297,454828,0
512,8,257,32,256,184,1.391304348,15001,476967,0.403009174,21102.406250000,22.602493495,63,438,238.111111111,1.839477368,7,212,184,15001,476967,0
512,8,258,32,256,204,1.254901961,16501,524805,0.443429482,21129.468750000,24.837586132,62,452,261.920634921,1.725713593,6,175,204,16501,524805,0
512,8,259,32,256,200,1.280000000,15573,495104,0.418333877,19948.906250000,24.818603777,63,466,247.190476190,1.885185899,7,175,200,15573,495104,0
512,8,260,32,256,203,1.261083744,15607,496194,0.419254863,20384.718750000,24.341469023,63,442,247.730158730,1.784199398,6,212,203,15607,496194,0
512,8,261,32,256,207,1.236714976,16035,509873,0.430812817,20140.187500000,25.316199266,60,454,254.523809524,1.783723106,6,162,207,16035,509873,0
512,8,262,32,256,217,1.179723502,16803,534272,0.451428542,19957.843750000,26.770026196,62,431,266.714285714,1.615961435,6,167,217,16803,534272,0
512,8,263,32,256,193,1.326424870,15355,488219,0.412516455,21235.406250000,22.990801035,63,454,243.730158730,1.862715728,6,175,193,15355,488219,0
512,8,264,32,256,195,1.312820513,15570,495142,0.418365985,20697.718750000,23.922539773,61,451,247.142857143,1.824855491,6,212,195,15570,495142,0
512,8,265,32,256,189,1.354497354,15294,486597,0.411145960,21492.218750000,22.640612664,62,453,242.761904762,1.866025893,7,212,189,15294,486597,0
512,8,266,32,256,195,1.312820513,15253,485094,0.409876013,20866.312500000,23.247710874,61,441,242.111111111,1.821477742,6,169,195,15253,485094,0
512,8,267,32,256,205,1.248780488,15939,506830,0.428241660,20045.468750000,25.284018364,61,449,253.000000000,1.774703557,6,166,205,15939,506830,0
512,8,268,32,256,189,1.354497354,14697,467256,0.394803948,20434.312500000,22.866245194,61,451,233.285714286,1.933251684,6,175,189,14697,467256,0
512,8,269,32,256,202,1.267326733,16193,514981,0.435128778,20463.156250000,25.166254595,63,440,257.031746032,1.711850800,6,212,202,16193,514981,0
512,8,270,32,256,200,1.280000000,15555,494601,0.417908871,20122.781250000,24.579157019,60,460,246.904761905,1.863066538,6,166,200,15555,494601,0
512,8,271,32,256,193,1.326424870,14697,467245,0.394794654,19955.375000000,23.414493589,63,450,233.285714286,1.928965095,7,175,193,14697,467245,0
512,8,272,32,256,189,1.354497354,15657,498172,0.420926157,21989.687500000,22.654801256,61,452,248.523809524,1.818739222,6,212,189,15657,498172,0
512,8,273,32,256,188,1.361702128,14878,473110,0.399750235,20378.312500000,23.216348262,62,452,236.158730159,1.913966931,6,212,188,14878,473110,0
512,8,274,32,256,200,1.280000000,16314,518929,0.438464606,21414.343750000,24.232776220,62,464,258.952380952,1.791835234,6,212,200,16314,518929,0
512,8,275,32,256,189,1.354497354,15195,483227,0.408298508,20831.375000000,23.197076525,63,443,241.190476190,1.836722606,6,175,189,15195,483227,0
512,8,276,32,256,183,1.398907104,14653,466187,0.393900706,21025.125000000,22.172852718,62,449,232.587301587,1.930457927,6,212,183,14653,466187,0
512,8,277,32,256,196,1.306122449,15023,477580,0.403527123,19915.093750000,23.980806016,62,437,238.460317460,1.832590029,6,175,196,15023,477580,0
512,8,278,32,256,208,1.230769231,16798,534348,0.451492758,20686.156250000,25.831188431,61,439,266.634920635,1.646446005,6,175,208,16798,534348,0
512,8,279,32,256,185,1.383783784,14125,449083,0.379448828,20376.437500000,22.039328514,62,428,224.206349206,1.908955752,6,166,185,14125,449083,0
512,8,280,32,256,209,1.224880383,16555,526452,0.444821101,20314.406250000,25.915204881,63,449,262.777777778,1.708668076,6,212,209,16555,526452,0
512,8,281,32,256,185,1.383783784,14596,464147,0.392177025,20896.656250000,22.211544012,62,419,231.682539683,1.808509181,6,212,185,14596,464147,0
512,8,282,32,256,190,1.347368421,15342,487978,0.412312824,21171.500000000,23.048815625,62,454,243.523809524,1.864294095,6,175,190,15342,487978,0
512,8,283,32,256,192,1.333333333,15117,480900,0.406332329,20063.531250000,23.968861414,62,429,239.952380952,1.787854733,5,166,192,15117,480900,0
512,8,284,32,256,202,1.267326733,16487,524536,0.443202193,21506.375000000,24.389791399,63,446,261.698412698,1.704251835,6,212,202,16487,524536,0
512,8,285,32,256,189,1.354497354,15115,480624,0.406099125,21124.562500000,22.751903146,61,452,239.920634921,1.883956335,6,167,189,15115,480624,0
512,8,286,32,256,203,1.261083744,16256,517045,0.436872737,20705.500000000,24.971384415,62,445,258.031746032,1.724593996,6,175,203,16256,517045,0
512,8,287,32,256,206,1.242718447,16468,523628,0.442434986,20528.687500000,25.507134833,61,448,261.396825397,1.713869322,6,212,206,16468,523628,0
512,8,288,32,256,192,1.333333333,15416,490547,0.414483479,21200.218750000,23.138770679,63,450,244.698412698,1.838998443,6,175,192,15416,490547,0
512,8,289,32,256,211,1.213270142,16562,526663,0.444999383,20272.687500000,25.978943344,62,455,262.888888889,1.730769231,5,175,211,16562,526663,0
512,8,290,32,256,196,1.306122449,15850,504226,0.426041433,20698.468750000,24.360545994,62,456,251.587301587,1.812492114,5,175,196,15850,504226,0
512,8,291,32,256,201,1.273631841,15484,492426,0.416071124,20035.187500000,24.578057979,63,450,245.777777778,1.830922242,6,166,201,15484,492426,0
512,8,292,32,256,200,1.280000000,16180,514543,0.434758693,20943.281250000,24.568404247,63,455,256.825396825,1.771631644,6,212,200,16180,514543,0
512,8,293,32,256,179,1.430167598,14195,451544,0.381528229,21243.781250000,21.255349727,61,444,225.317460317,1.970553012,6,175,179,14195,451544,0
512,8,294,32,256,197,1.299492386,15291,486223,0.410829952,20283.406250000,23.971466824,62,445,242.714285714,1.833431430,6,166,197,15291,486223,0
512,8,295,32,256,191,1.340314136,14700,467522,0.395028703,20384.062500000,22.935663585,63,445,233.333333333,1.907142857,6,175,191,14700,467522,0
512,8,296,32,256,189,1.354497354,14279,453889,0.383509616,19968.750000000,22.729965571,60,426,226.650793651,1.879543385,5,167,189,14279,453889,0
512,8,297,32,256,181,1.414364641,14388,457574,0.386623225,21405.312500000,21.376655912,61,447,228.380952381,1.957256047,7,167,181,14388,457574,0
512,8,298,32,256,180,1.422222222,13449,427562,0.361264844,19350.406250000,22.095763493,59,445,213.476190476,2.084541602,6,167,180,13449,427562,0
512,8,299,32,256,191,1.340314136,15339,487837,0.412193688,20999.187500000,23.231232161,63,445,243.476190476,1.827694113,5,167,191,15339,487837,0
512,8,300,32,256,185,1.383783784,13986,444628,0.375684614,20535.125000000,21.652071755,63,459,222.000000000,2.067567568,6,156,185,13986,444628,0
512,8,301,32,256,197,1.299492386,16271,517730,0.437451521,21540.593750000,24.035084920,63,454,258.269841270,1.757851392,6,169,197,16271,517730,0
512,8,302,32,256,184,1.391304348,14945,475408,0.401691911,21197.468750000,22.427583482,61,434,237.222222222,1.829508197,5,166,184,14945,475408,0
512,8,303,32,256,197,1.299492386,15465,492025,0.415732302,20217.718750000,24.336326273,60,453,245.476190476,1.845392823,6,212,197,15465,492025,0
512,8,304,32,256,204,1.254901961,16495,524496,0.443168395,20973.593750000,25.007445374,63,444,261.825396825,1.695786602,6,212,204,16495,524496,0
512,8,305,32,256,192,1.333333333,15384,489303,0.413432372,20907.343750000,23.403403409,61,451,244.190476190,1.846918877,6,212,192,15384,489303,0
512,8,306,32,256,196,1.306122449,15695,499117,0.421724627,20715.468750000,24.093927394,63,444,249.126984127,1.782223638,6,175,196,15695,499117,0
512,8,307,32,256,189,1.354497354,14601,464064,0.392106895,20318.218750000,22.839797411,62,453,231.761904762,1.954592151,6,162,189,14601,464064,0
512,8,308,32,256,180,1.422222222,14185,451083,0.381138711,20480.156250000,22.025369069,62,428,225.158730159,1.900881213,6,175,180,14185,451083,0
512,8,309,32,256,200,1.280000000,15735,500321,0.422741936,20590.187500000,24.299001648,62,441,249.761904762,1.765681602,6,212,200,15735,500321,0
512,8,310,32,256,209,1.224880383,16172,514190,0.434460429,20114.156250000,25.563587834,63,458,256.698412698,1.784194905,6,175,209,16172,514190,0
512,8,311,32,256,204,1.254901961,15323,486922,0.411420566,18908.531250000,25.751444867,62,455,243.222222222,1.870717222,6,212,204,15323,486922,0
512,8,312,16,128,117,1.094017094,9433,300030,0.253507774,20684.125000000,14.505327153,58,359,155.714285714,2.305504587,4,212,123,9810,311972,128
512,16,0,32,512,322,1.590062112,23945,761187,0.643158425,39300.500000000,19.368379537,63,568,380.079365079,1.494424723,8,212,322,23945,761187,0
512,16,1,32,512,291,1.759450172,22439,713636,0.602980615,42324.906250000,16.860899721,63,567,356.174603175,1.591915861,8,212,291,22439,713636,0
512,16,2,32,512,321,1.595015576,24799,788662,0.666373190,40704.843750000,19.375138862,63,581,393.634920635,1.475986935,8,212,321,24799,788662,0
512,16,3,32,512,302,1.695364238,22287,708399,0.598555657,39378.468750000,17.989500925,63,558,353.761904762,1.577332077,8,175,302,22287,708399,0
512,16,4,32,512,308,1.662337662,23353,742324,0.627220295,40973.937500000,18.116979848,63,555,370.682539683,1.497238042,8,212,308,23353,742324,0
512,16,5,32,512,282,1.815602837,21274,676207,0.571355303,39287.937500000,17.211567800,63,558,337.682539683,1.652439598,7,175,282,21274,676207,0
512,16,6,32,512,301,1.700996678,23251,739344,0.624702369,40424.687500000,18.289417822,63,572,369.063492063,1.549868823,8,212,301,23251,739344,0
512,16,7,32,512,285,1.796491228,22637,719954,0.608318955,42019.250000000,17.133908863,63,550,359.317460317,1.530679860,8,212,285,22637,719954,0
512,16,8,32,512,309,1.656957929,23982,762523,0.644287267,41086.031250000,18.559178796,63,557,380.666666667,1.463222417,8,212,309,23982,762523,0
512,16,9,32,512,299,1.712374582,22862,726884,0.614174399,40753.093750000,17.836290036,63,557,362.888888889,1.534905083,9,212,299,22862,726884,0
512,16,10,32,512,300,1.706666667,23532,748386,0.632342330,42132.968750000,17.762479650,63,560,373.523809524,1.499235084,8,175,300,23532,748386,0
512,16,11,32,512,341,1.501466276,24865,790384,0.667828179,38087.937500000,20.751556841,63,567,394.682539683,1.436597627,8,166,341,24865,790384,0
512,16,12,32,512,303,1.689768977,22994,730974,0.617630210,40760.687500000,17.933308902,63,574,364.984126984,1.572671132,9,212,303,22994,730974,0
512,16,13,32,512,309,1.656957929,23497,746960,0.631137443,39834.500000000,18.751584682,63,569,372.968253968,1.525599013,8,212,309,23497,746960,0
512,16,14,32,512,306,1.673202614,22865,726952,0.614231855,38018.750000000,19.120881144,63,547,362.936507937,1.507150667,7,175,306,22865,726952,0
512,16,15,32,512,300,1.706666667,22611,718718,0.607274608,40093.718750000,17.925950059,63,547,358.904761905,1.524081199,7,212,300,22611,718718,0
512,16,16,32,512,316,1.620253165,24185,768787,0.649579980,40346.687500000,19.054525852,63,572,383.888888889,1.490014472,8,212,316,24185,768787,0
512,16,17,32,512,323,1.585139319,24509,779313,0.658473833,40670.656250000,19.161554591,63,556,389.031746032,1.429189277,9,212,323,24509,779313,0
512,16,18,32,512,286,1.790209790,21966,698412,0.590117227,41682.531250000,16.755508340,63,558,348.666666667,1.600382409,8,175,286,21966,698412,0
512,16,19,32,512,312,1.641025641,24116,766868,0.647958537,40732.250000000,18.827047364,63,562,382.793650794,1.468153923,8,175,312,24116,766868,0
512,16,20,32,512,314,1.630573248,23646,751586,0.635046142,39862.406250000,18.854506557,63,559,375.333333333,1.489342806,8,212,314,23646,751586,0
512,16,21,32,512,318,1.610062893,24944,793247,0.670247247,41874.218750000,18.943565365,63,572,395.936507937,1.444676074,8,212,318,24944,793247,0
512,16,22,32,512,278,1.841726619,21432,681595,0.575907847,42099.937500000,16.189929023,63,526,340.190476190,1.546192609,7,212,278,21432,681595,0
512,16,23,32,512,312,1.641025641,22985,730519,0.617245761,38727.937500000,18.862842877,63,563,364.841269841,1.543136828,8,212,312,22985,730519,0
512,16,24,32,512,314,1.630573248,23267,739618,0.624933883,39728.937500000,18.616606598,63,566,369.317460317,1.532556840,8,175,314,23267,739618,0
512,16,25,32,512,302,1.695364238,22954,729903,0.616725277,40380.125000000,18.075798428,63,550,364.349206349,1.509540821,8,175,302,22954,729903,0
512,16,26,32,512,312,1.641025641,24109,766605,0.647736317,41000.875000000,18.697283899,63,538,382.682539683,1.405865030,8,175,312,24109,766605,0
512,16,27,32,512,302,1.695364238,22880,727546,0.614733751,39549.562500000,18.395803999,63,531,363.174603175,1.462106643,8,175,302,22880,727546,0
512,16,28,32,512,315,1.625396825,23504,747197,0.631337694,40985.468750000,18.230778439,63,561,373.079365079,1.503701498,8,175,315,23504,747197,0
512,16,29,32,512,317,1.615141956,24182,768862,0.649643350,39734.218750000,19.350122494,63,558,383.841269841,1.453725912,8,212,317,24182,768862,0
512,16,30,32,512,282,1.815602837,21298,676957,0.571989009,38864.312500000,17.418473567,63,572,338.063492063,1.691989858,8,166,282,21298,676957,0
512,16,31,32,512,310,1.651612903,23312,741015,0.626114266,39762.531250000,18.636011760,63,564,370.031746032,1.524193548,8,212,310,23312,741015,0
512,16,32,32,512,299,1.712374582,23075,733388,0.619669898,40095.593750000,18.290987398,63,572,366.269841270,1.561690141,7,212,299,23075,733388,0
512,16,33,32,512,295,1.735593220,22986,730880,0.617550785,41076.281250000,17.793236821,63,563,364.857142857,1.543069695,8,212,295,22986,730880,0
512,16,34,32,512,293,1.747440273,22468,714369,0.603599957,40320.218750000,17.717388996,63,550,356.634920635,1.542193342,8,175,293,22468,714369,0
512,16,35,32,512,326,1.570552147,24304,772513,0.652728231,37893.937500000,20.386189743,63,572,385.777777778,1.482718894,8,212,326,24304,772513,0
512,16,36,32,512,334,1.532934132,25755,819069,0.692065324,40947.375000000,20.002967223,63,568,408.809523810,1.389400116,8,175,334,25755,819069,0
512,16,37,32,512,317,1.615141956,24635,783118,0.661688835,41179.437500000,19.017209742,63,572,391.031746032,1.462796834,8,212,317,24635,783118,0
512,16,38,32,512,302,1.695364238,23250,739284,0.624651673,40899.218750000,18.075748696,63,566,369.047619048,1.533677419,7,175,302,23250,739284,0
512,16,39,32,512,303,1.689768977,23403,744009,0.628644021,40968.718750000,18.160416598,63,528,371.476190476,1.421356236,7,212,303,23403,744009,0
512,16,40,32,512,300,1.706666667,22941,729430,0.616325620,40350.406250000,18.077389246,63,566,364.142857143,1.554335033,8,175,300,22941,729430,0
512,16,41,32,512,318,1.610062893,23524,747721,0.631780444,38185.812500000,19.581120606,63,563,373.396825397,1.507779289,8,169,318,23524,747721,0
512,16,42,32,512,329,1.556231003,24729,785975,0.664102833,38588.250000000,20.368246811,63,569,392.523809524,1.449593595,8,175,329,24729,785975,0
512,16,43,32,512,322,1.590062112,24466,777924,0.657300209,40585.812500000,19.167387619,63,552,388.349206349,1.421401128,8,175,322,24466,777924,0
512,16,44,32,512,304,1.684210526,23478,746379,0.630646532,41035.718750000,18.188520214,63,576,372.666666667,1.545617174,8,212,304,23478,746379,0
512,16,45,32,512,305,1.678688525,23961,761951,0.643803960,40979.781250000,18.593339856,63,560,380.333333333,1.472392638,8,175,305,23961,761951,0
512,16,46,32,512,315,1.625396825,24441,777054,0.656565110,41456.437500000,18.743868187,63,556,387.952380952,1.433165582,8,175,315,24441,777054,0
512,16,47,32,512,309,1.656957929,23832,757690,0.640203665,41251.781250000,18.367449284,63,564,378.285714286,1.490936556,9,175,309,23832,757690,0
512,16,48,32,512,293,1.747440273,21718,690369,0.583321363,39564.281250000,17.449299676,63,561,344.730158730,1.627359794,8,175,293,21718,690369,0
512,16,49,32,512,320,1.600000000,24239,770517,0.651041728,39794.718750000,19.362292892,63,573,384.746031746,1.489294113,8,212,320,24239,770517,0
512,16,50,32,512,311,1.646302251,24000,763096,0.644771418,39777.843750000,19.183945837,63,568,380.952380952,1.491000000,8,212,311,24000,763096,0
512,16,51,32,512,305,1.678688525,23589,750134,0.633819287,40430.437500000,18.553694849,63,546,374.428571429,1.458222053,8,175,305,23589,750134,0
512,16,52,32,512,299,1.712374582,23208,737660,0.623279488,41575.125000000,17.742820978,63,538,368.380952381,1.460444674,7,175,299,23208,737660,0
512,16,53,32,512,311,1.646302251,23244,738916,0.624340734,38585.843750000,19.149924640,63,564,368.952380952,1.528652555,8,175,311,23244,738916,0
512,16,54,32,512,300,1.706666667,23270,740018,0.625271860,40391.062500000,18.321330369,63,560,369.365079365,1.516115170,8,175,300,23270,740018,0
512,16,55,32,512,304,1.684210526,23472,746358,0.630628789,40709.375000000,18.333811315,63,556,372.571428571,1.492331288,7,175,304,23472,746358,0
512,16,56,32,512,323,1.585139319,25345,805994,0.681017715,41642.375000000,19.355140047,63,569,402.301587302,1.414361807,7,212,323,25345,805994,0
512,16,57,32,512,291,1.759450172,21937,697464,0.589316223,39687.750000000,17.573785362,63,563,348.206349206,1.616857364,8,167,291,21937,697464,0
512,16,58,32,512,306,1.673202614,23364,742983,0.627777111,38790.500000000,19.153736095,63,560,370.857142857,1.510015408,8,212,306,23364,742983,0
512,16,59,32,512,306,1.673202614,23752,755181,0.638083707,40277.468750000,18.749465233,63,567,377.015873016,1.503915460,8,212,306,23752,755181,0
512,16,60,32,512,311,1.646302251,23919,760632,0.642689482,40157.156250000,18.941381089,63,567,379.666666667,1.493415277,8,212,311,23919,760632,0
512,16,61,32,512,299,1.712374582,23480,746558,0.630797777,40898.843750000,18.253767871,63,516,372.698412698,1.384497445,7,212,299,23480,746558,0
512,16,62,32,512,292,1.753424658,22500,715409,0.604478696,41372.781250000,17.291779242,63,573,357.142857143,1.604400000,8,166,292,22500,715409,0
512,16,63,32,512,311,1.646302251,24058,765009,0.646387791,39333.875000000,19.449113519,63,545,381.873015873,1.427175991,8,212,311,24058,765009,0
512,16,64,32,512,287,1.783972125,21916,696697,0.588668153,39831.250000000,17.491216068,63,535,347.873015873,1.537917503,8,169,287,21916,696697,0
512,16,65,32,512,313,1.635782748,23876,759121,0.641412776,40523.562500000,18.732829820,63,539,378.984126984,1.422223153,8,212,313,23876,759121,0
512,16,66,32,512,288,1.777777778,21896,696138,0.588195830,39264.656250000,17.729379714,63,540,347.555555556,1.553708440,7,175,288,21896,696138,0
512,16,67,32,512,291,1.759450172,22359,710935,0.600698429,41121.906250000,17.288473829,63,555,354.904761905,1.563799812,8,175,291,22359,710935,0
512,16,68,32,512,308,1.662337662,23439,745081,0.629549798,39282.218750000,18.967385848,63,559,372.047619048,1.502495840,8,212,308,23439,745081,0
512,16,69,32,512,295,1.735593220,21891,695711,0.587835040,39755.187500000,17.499879733,63,563,347.476190476,1.620254899,8,166,295,21891,695711,0
512,16,70,32,512,291,1.759450172,21815,693563,0.586020106,40650.750000000,17.061505630,63,534,346.269841270,1.542149897,8,175,291,21815,693563,0
512,16,71,32,512,314,1.630573248,23456,745570,0.629962975,39227.843750000,19.006142799,63,562,372.317460317,1.509464529,8,175,314,23456,745570,0
512,16,72,32,512,303,1.689768977,22987,730717,0.617413060,39277.125000000,18.604136632,63,564,364.873015873,1.545743246,8,175,303,22987,730717,0
512,16,73,32,512,299,1.712374582,22382,711472,0.601152162,40526.062500000,17.555912322,63,571,355.269841270,1.607229023,8,167,299,22382,711472,0
512,16,74,32,512,302,1.695364238,23364,743007,0.627797390,39908.218750000,18.617894340,63,543,370.857142857,1.464175655,7,175,302,23364,743007,0
512,16,75,32,512,294,1.741496599,21947,697503,0.589349175,39518.250000000,17.650148982,63,556,348.365079365,1.596026792,8,175,294,21947,697503,0
512,16,76,32,512,300,1.706666667,23142,735780,0.621690998,40240.406250000,18.284606657,63,566,367.333333333,1.540834846,8,212,300,23142,735780,0
512,16,77,32,512,306,1.673202614,23183,736938,0.622669440,39514.187500000,18.649959587,63,558,367.984126984,1.516369754,8,212,306,23183,736938,0
512,16,78,32,512,309,1.656957929,23809,756957,0.639584323,41915.593750000,18.059078550,63,561,377.920634921,1.484438658,8,212,309,23809,756957,0
512,16,79,32,512,293,1.747440273,22723,722425,0.610406805,39667.343750000,18.212084090,63,559,360.682539683,1.549839370,8,167,293,22723,722425,0
512,16,80,32,512,296,1.729729730,21953,697834,0.589628851,39019.781250000,17.884108461,63,544,348.460317460,1.561153373,7,175,296,21953,697834,0
512,16,81,32,512,307,1.667752443,23515,747625,0.631699329,41309.218750000,18.098260452,63,564,373.253968254,1.511035509,8,212,307,23515,747625,0
512,16,82,32,512,324,1.580246914,24945,793178,0.670188946,40911.750000000,19.387535366,63,568,395.952380952,1.434515935,7,175,324,24945,793178,0
512,16,83,32,512,317,1.615141956,24193,769204,0.649932320,39552.656250000,19.447593991,63,563,384.015873016,1.466085231,8,212,317,24193,769204,0
512,16,84,32,512,328,1.560975610,24667,784286,0.662675727,39754.906250000,19.728030424,63,557,391.539682540,1.422588884,8,175,328,24667,784286,0
512,16,85,32,512,303,1.689768977,23358,742772,0.627598829,40766.062500000,18.220351794,63,538,370.761904762,1.451066016,8,212,303,23358,742772,0
512,16,86,32,512,312,1.641025641,23294,740372,0.625570969,39143.875000000,18.914121303,63,568,369.746031746,1.536189577,8,212,312,23294,740372,0
512,16,87,32,512,306,1.673202614,23108,734484,0.620595954,39040.562500000,18.813355981,63,563,366.793650794,1.534922970,8,175,306,23108,734484,0
512,16,88,32,512,288,1.777777778,21545,684709,0.578538995,40802.187500000,16.781183607,63,545,341.984126984,1.593641216,8,212,288,21545,684709,0
512,16,89,32,512,287,1.783972125,22262,707838,0.598081645,39938.750000000,17.723088479,63,535,353.365079365,1.514014913,7,175,287,22262,707838,0
512,16,90,32,512,303,1.689768977,22589,717994,0.606662870,39731.437500000,18.071181039,63,552,358.555555556,1.539510381,7,175,303,22589,717994,0
512,16,91,32,512,291,1.759450172,22156,704371,0.595152233,40463.125000000,17.407726170,63,557,351.682539683,1.583814768,8,212,291,22156,704371,0
512,16,92,32,512,314,1.630573248,23997,762997,0.644687769,39490.875000000,19.320843106,62,567,380.904761905,1.488561070,8,175,314,23997,762997,0
512,16,93,32,512,280,1.828571429,21839,694526,0.586833785,42261.812500000,16.433890525,63,572,346.650793651,1.650075553,7,212,280,21839,694526,0
512,16,94,32,512,307,1.667752443,22969,730110,0.616900180,40194.125000000,18.164594950,63,572,364.587301587,1.568897209,8,175,307,22969,730110,0
512,16,95,32,512,305,1.678688525,23280,740203,0.625428174,40998.187500000,18.054529850,63,558,369.523809524,1.510051546,7,175,305,23280,740203,0
512,16,96,32,512,278,1.841726619,21645,688402,0.581659364,40926.468750000,16.820459254,63,576,343.571428571,1.676507277,8,175,278,21645,688402,0
512,16,97,32,512,288,1.777777778,22459,714211,0.603466457,40440.500000000,17.660785599,63,531,356.492063492,1.489514226,7,212,288,22459,714211,0
512,16,98,32,512,302,1.695364238,23382,743474,0.628191977,40453.656250000,18.378412952,63,569,371.142857143,1.533102386,8,175,302,23382,743474,0
512,16,99,32,512,295,1.735593220,23253,739363,0.624718423,41997.156250000,17.605072963,63,560,369.095238095,1.517223584,8,175,295,23253,739363,0
512,16,100,32,512,306,1.673202614,22299,708703,0.598812519,38493.906250000,18.410784174,63,524,353.952380952,1.480425131,7,212,306,22299,708703,0
512,16,101,32,512,315,1.625396825,23527,747898,0.631929998,39243.093750000,19.058079487,63,561,373.444444444,1.502231479,7,175,315,23527,747898,0
512,16,102,32,512,287,1.783972125,22259,707846,0.598088405,42177.750000000,16.782450463,63,556,353.317460317,1.573655600,7,166,287,22259,707846,0
512,16,103,32,512,301,1.700996678,23166,736562,0.622351742,41432.187500000,17.777531056,63,576,367.714285714,1.566433566,8,212,301,23166,736562,0
512,16,104,32,512,331,1.546827795,25896,823516,0.695822779,40840.250000000,20.164323186,63,561,411.047619048,1.364805375,8,212,331,25896,823516,0
512,16,105,32,512,302,1.695364238,22935,729206,0.616136353,41191.750000000,17.702719598,63,567,364.047619048,1.557488555,8,212,302,22935,729206,0
512,16,106,32,512,299,1.712374582,22910,728277,0.615351403,40161.750000000,18.133597266,63,563,363.650793651,1.548188564,9,166,299,22910,728277,0
512,16,107,32,512,314,1.630573248,24809,788909,0.666581891,41001.656250000,19.240905665,63,563,393.793650794,1.429682776,7,175,314,24809,788909,0
512,16,108,32,512,302,1.695364238,22765,723662,0.611451998,39479.343750000,18.330142582,63,543,361.349206349,1.502701515,8,175,302,22765,723662,0
512,16,109,32,512,310,1.651612903,24108,766588,0.647721953,40668.593750000,18.849631357,63,564,382.666666667,1.473867596,8,212,310,24108,766588,0
512,16,110,32,512,308,1.662337662,22965,729911,0.616732037,38856.187500000,18.784936119,63,539,364.523809524,1.478641411,7,175,308,22965,729911,0
512,16,111,32,512,313,1.635782748,23594,750108,0.633797319,37968.625000000,19.755995905,63,559,374.507936508,1.492625244,8,212,313,23594,750108,0
512,16,112,32,512,302,1.695364238,23153,736159,0.622011231,40539.750000000,18.158942766,63,565,367.507936508,1.537381765,7,175,302,23153,736159,0
512,16,113,32,512,315,1.625396825,24170,768384,0.649239468,39951.093750000,19.233115489,63,560,383.650793651,1.459660736,8,175,315,24170,768384,0
512,16,114,32,512,293,1.747440273,22555,717128,0.605931151,41443.875000000,17.303594319,63,532,358.015873016,1.485967635,8,175,293,22555,717128,0
512,16,115,32,512,301,1.700996678,22382,711494,0.601170751,38133.375000000,18.658039054,63,567,355.269841270,1.595969976,8,212,301,22382,711494,0
512,16,116,32,512,327,1.565749235,24683,784797,0.663107492,39462.468750000,19.887174443,63,566,391.793650794,1.444638010,8,212,327,24683,784797,0
512,16,117,32,512,315,1.625396825,23372,743018,0.627806684,37473.062500000,19.828056487,63,568,370.984126984,1.531062810,8,212,315,23372,743018,0
512,16,118,32,512,274,1.868613139,21171,673215,0.568827238,42005.968750000,16.026650974,62,559,336.047619048,1.663454726,8,175,274,21171,673215,0
512,16,119,32,512,295,1.735593220,23010,731718,0.618258846,41911.062500000,17.458827249,63,556,365.238095238,1.522294654,9,212,295,23010,731718,0
512,16,120,32,512,281,1.822064057,21980,698959,0.590579410,43160.281250000,16.194495952,63,538,348.888888889,1.542038217,7,212,281,21980,698959,0
512,16,121,32,512,324,1.580246914,24353,774334,0.654266870,38504.062500000,20.110449384,63,528,386.555555556,1.365909744,8,212,324,24353,774334,0
512,16,122,32,512,299,1.712374582,21856,694611,0.586905605,37982.125000000,18.287839345,63,558,346.920634921,1.608437042,8,212,299,21856,694611,0
512,16,123,32,512,290,1.765517241,22292,708757,0.598858146,41425.500000000,17.109196027,63,526,353.841269841,1.486542257,7,175,290,22292,708757,0
512,16,124,32,512,314,1.630573248,23917,760589,0.642653150,39539.437500000,19.236211947,63,576,379.634920635,1.517247146,8,212,314,23917,760589,0
512,16,125,32,512,302,1.695364238,23214,738076,0.623630984,41138.437500000,17.941274508,63,568,368.476190476,1.541483587,7,212,302,23214,738076,0
512,16,126,32,512,317,1.615141956,24577,781498,0.660320030,41877.718750000,18.661427206,63,572,390.111111111,1.466248932,8,175,317,24577,781498,0
512,16,127,32,512,304,1.684210526,22668,720608,0.608871547,39167.281250000,18.398213432,63,573,359.809523810,1.592509264,8,212,304,22668,720608,0
512,16,128,32,512,311,1.646302251,23609,750452,0.634087979,39244.437500000,19.122506215,63,568,374.746031746,1.515693168,8,212,311,23609,750452,0
512,16,129,32,512,314,1.630573248,24807,788792,0.666483033,41546.937500000,18.985563015,63,563,393.761904762,1.429798041,8,212,314,24807,788792,0
512,16,130,32,512,302,1.695364238,23297,740506,0.625684191,41258.093750000,17.948138964,63,561,369.793650794,1.517062283,8,166,302,23297,740506,0
512,16,131,32,512,293,1.747440273,21822,693744,0.586173041,40922.062500000,16.952811213,63,544,346.380952381,1.570525158,7,175,293,21822,693744,0
512,16,132,32,512,313,1.635782748,23529,747985,0.632003508,38828.750000000,19.263689920,63,541,373.476190476,1.448552850,8,175,313,23529,747985,0
512,16,133,32,512,301,1.700996678,22867,727165,0.614411828,40193.875000000,18.091438061,63,556,362.968253968,1.531814405,8,175,301,22867,727165,0
512,16,134,32,512,305,1.678688525,23554,748841,0.632726778,41811.375000000,17.909982630,63,565,373.873015873,1.511208287,8,212,305,23554,748841,0
512,16,135,32,512,294,1.741496599,22798,725064,0.612636606,41219.937500000,17.590128563,63,572,361.873015873,1.580664971,8,175,294,22798,725064,0
512,16,136,32,512,320,1.600000000,23725,754140,0.637204123,38381.343750000,19.648608577,63,564,376.587301587,1.497660695,9,175,320,23725,754140,0
512,16,137,32,512,316,1.620253165,24172,768654,0.649467602,40557.656250000,18.952130647,63,560,383.682539683,1.459539964,8,175,316,24172,768654,0
512,16,138,32,512,286,1.790209790,21095,670584,0.566604197,40108.125000000,16.719405357,63,560,334.841269841,1.672434226,8,158,286,21095,670584,0
512,16,139,32,512,303,1.689768977,23491,746797,0.630999718,40422.750000000,18.474670823,63,548,372.873015873,1.469669235,8,175,303,23491,746797,0
512,16,140,32,512,285,1.796491228,23080,734125,0.620292620,43754.625000000,16.778226302,63,548,366.349206349,1.495840555,7,175,285,23080,734125,0
512,16,141,32,512,308,1.662337662,22905,728129,0.615226351,38892.687500000,18.721488455,63,569,363.571428571,1.565029470,8,212,308,22905,728129,0
512,16,142,32,512,291,1.759450172,22102,702786,0.593813001,39440.093750000,17.819075291,63,567,350.825396825,1.616188580,8,167,291,22102,702786,0
512,16,143,32,512,323,1.585139319,24676,784593,0.662935124,40181.375000000,19.526285499,63,539,391.682539683,1.376114443,7,212,323,24676,784593,0
512,16,144,32,512,313,1.635782748,23514,747578,0.631659617,38257.343750000,19.540771175,63,567,373.238095238,1.519137535,8,212,313,23514,747578,0
512,16,145,32,512,304,1.684210526,23047,732698,0.619086889,40308.843750000,18.177102885,63,529,365.825396825,1.446045038,7,175,304,23047,732698,0
512,16,146,32,512,292,1.753424658,21845,694428,0.586750981,39319.875000000,17.660992056,63,558,346.746031746,1.609246967,8,212,292,21845,694428,0
512,16,147,32,512,319,1.605015674,23906,759894,0.642065916,40248.625000000,18.879999006,63,561,379.460317460,1.478415461,8,212,319,23906,759894,0
512,16,148,32,512,311,1.646302251,24168,768602,0.649423665,40963.218750000,18.763222800,63,543,383.619047619,1.415466733,8,212,311,24168,768602,0
512,16,149,32,512,321,1.595015576,24034,764076,0.645599461,39582.406250000,19.303424738,63,567,381.492063492,1.486269452,8,162,321,24034,764076,0
512,16,150,32,512,328,1.560975610,25022,795576,0.672215115,40338.812500000,19.722345570,63,561,397.174603175,1.412477020,8,167,328,25022,795576,0
512,16,151,32,512,305,1.678688525,23101,734323,0.620459919,40063.406250000,18.329020638,63,558,366.682539683,1.521752305,8,212,305,23101,734323,0
512,16,152,32,512,295,1.735593220,22981,730706,0.617403765,42122.843750000,17.347024440,63,558,364.777777778,1.529698447,8,175,295,22981,730706,0
512,16,153,32,512,311,1.646302251,23312,741174,0.626248612,39964.375000000,18.545867413,63,552,370.031746032,1.491763898,8,212,311,23312,741174,0
512,16,154,32,512,291,1.759450172,22594,718498,0.607088721,40180.281250000,17.881855917,63,556,358.634920635,1.550323095,9,212,291,22594,718498,0
512,16,155,32,512,307,1.667752443,23947,761447,0.643378110,41082.218750000,18.534709740,63,563,380.111111111,1.481145864,8,212,307,23947,761447,0
512,16,156,32,512,328,1.560975610,25059,796553,0.673040623,40931.093750000,19.460828603,63,552,397.761904762,1.387764875,8,212,328,25059,796553,0
512,16,157,32,512,284,1.802816901,22195,705658,0.596239673,41721.437500000,16.913559127,63,521,352.301587302,1.478846587,7,175,284,22195,705658,0
512,16,158,32,512,309,1.656957929,23786,756212,0.638954841,40526.156250000,18.659850081,63,563,377.555555556,1.491171277,8,212,309,23786,756212,0
512,16,159,32,512,287,1.783972125,21979,698871,0.590505055,41265.906250000,16.935796727,63,546,348.873015873,1.565039356,8,166,287,21979,698871,0
512,16,160,32,512,299,1.712374582,22882,727573,0.614756564,39800.625000000,18.280441576,63,564,363.206349206,1.552836291,8,212,299,22882,727573,0
512,16,161,32,512,303,1.689768977,22764,723608,0.611406371,39282.875000000,18.420444023,63,576,361.333333333,1.594095941,8,212,303,22764,723608,0
512,16,162,32,512,281,1.822064057,21720,690642,0.583552032,41293.812500000,16.725072310,63,561,344.761904762,1.627209945,8,175,281,21720,690642,0
512,16,163,32,512,311,1.646302251,24362,774715,0.654588792,42345.593750000,18.295055787,63,567,386.698412698,1.466258928,7,175,311,24362,774715,0
512,16,164,32,512,310,1.651612903,23351,742167,0.627087639,38885.031250000,19.086187567,63,567,370.650793651,1.529741767,8,175,310,23351,742167,0
512,16,165,32,512,296,1.729729730,23479,746697,0.630915224,41379.468750000,18.045108421,63,526,372.682539683,1.411388901,7,175,296,23479,746697,0
512,16,166,32,512,312,1.641025641,24103,766320,0.647495509,40310.906250000,19.010239940,63,543,382.587301587,1.419283907,8,212,312,24103,766320,0
512,16,167,32,512,286,1.790209790,22300,708921,0.598996717,41078.250000000,17.257818919,63,553,353.968253968,1.562286996,7,212,286,22300,708921,0
512,16,168,32,512,315,1.625396825,24070,765392,0.646711403,40760.437500000,18.777816112,63,556,382.063492063,1.455255505,8,175,315,24070,765392,0
512,16,169,32,512,284,1.802816901,22289,708700,0.598809985,42057.500000000,16.850740058,63,577,353.793650794,1.630894163,8,162,284,22289,708700,0
512,16,170,32,512,309,1.656957929,23855,758429,0.640828076,40075.250000000,18.925122114,63,569,378.650793651,1.502703836,7,212,309,23855,758429,0
512,16,171,32,512,291,1.759450172,21817,693529,0.585991378,41115.593750000,16.867785109,63,544,346.301587302,1.570885090,7,158,291,21817,693529,0
512,16,172,32,512,299,1.712374582,22921,728753,0.615753595,41412.468750000,17.597429518,63,566,363.825396825,1.555691287,8,175,299,22921,728753,0
512,16,173,32,512,309,1.656957929,23393,743640,0.628332238,39864.843750000,18.654030219,63,536,371.317460317,1.443508742,8,212,309,23393,743640,0
512,16,174,32,512,307,1.667752443,22845,725986,0.613415642,39142.000000000,18.547493741,63,566,362.619047619,1.560866710,8,212,307,22845,725986,0
512,16,175,32,512,316,1.620253165,24420,776326,0.655949993,40391.281250000,19.220138009,63,566,387.619047619,1.460196560,7,212,316,24420,776326,0
512,16,176,32,512,315,1.625396825,24259,771125,0.651555453,40455.437500000,19.061096546,63,563,385.063492063,1.462096541,8,212,315,24259,771125,0
512,16,177,32,512,308,1.662337662,23311,741101,0.626186931,38268.718750000,19.365712368,63,561,370.015873016,1.516151173,8,167,308,23311,741101,0
512,16,178,32,512,308,1.662337662,22820,725331,0.612862205,38304.468750000,18.935936815,63,527,362.222222222,1.454907975,8,212,308,22820,725331,0
512,16,179,32,512,301,1.700996678,23146,735713,0.621634387,39935.093750000,18.422718740,63,561,367.396825397,1.526959302,8,167,301,23146,735713,0
512,16,180,32,512,298,1.718120805,23066,733338,0.619627651,40937.000000000,17.913818795,63,566,366.126984127,1.545911732,8,212,298,23066,733338,0
512,16,181,32,512,291,1.759450172,22802,725192,0.612744758,41172.625000000,17.613450685,63,558,361.936507937,1.541706868,8,175,291,22802,725192,0
512,16,182,32,512,298,1.718120805,22687,721439,0.609573693,40165.437500000,17.961686587,63,558,360.111111111,1.549521753,8,212,298,22687,721439,0
512,16,183,32,512,298,1.718120805,22991,730995,0.617647953,40431.968750000,18.079629130,63,571,364.936507937,1.564655735,8,212,298,22991,730995,0
512,16,184,32,512,313,1.635782748,23733,754498,0.637506612,39521.656250000,19.090748506,63,568,376.714285714,1.507773986,8,212,313,23733,754498,0
512,16,185,32,512,301,1.700996678,23505,747486,0.631581882,41489.937500000,18.016079200,63,567,373.095238095,1.519719209,8,167,301,23505,747486,0
512,16,186,32,512,315,1.625396825,24188,769058,0.649808959,40422.906250000,19.025302022,63,555,383.936507937,1.445551513,8,175,315,24188,769058,0
512,16,187,32,512,304,1.684210526,23115,734920,0.620964349,41049.312500000,17.903344910,63,566,366.904761905,1.542634653,8,167,304,23115,734920,0
512,16,188,32,512,311,1.646302251,24086,765915,0.647153308,40925.937500000,18.714659866,62,558,382.317460317,1.459520053,8,175,311,24086,765915,0
512,16,189,32,512,319,1.605015674,24316,773122,0.653242801,38916.625000000,19.866111206,63,527,385.968253968,1.365397269,7,212,319,24316,773122,0
512,16,190,32,512,318,1.610062893,24718,786018,0.664139165,41271.906250000,19.044867839,63,537,392.349206349,1.368678696,8,212,318,24718,786018,0
512,16,191,32,512,290,1.765517241,22127,703349,0.594288703,40389.093750000,17.414329828,63,556,351.222222222,1.583043341,7,212,290,22127,703349,0
512,16,192,32,512,292,1.753424658,22188,705371,0.595997175,39632.187500000,17.797932552,63,543,352.190476190,1.541779340,7,175,292,22188,705371,0
512,16,193,32,512,301,1.700996678,22670,720800,0.609033776,39688.187500000,18.161575154,63,559,359.841269841,1.553462726,8,175,301,22670,720800,0
512,16,194,32,512,297,1.723905724,21891,695811,0.587919535,39314.437500000,17.698612628,63,564,347.476190476,1.623132794,8,175,297,21891,695811,0
512,16,195,32,512,285,1.796491228,21841,694295,0.586638603,40677.687500000,17.068202316,63,529,346.682539683,1.525891672,7,212,285,21841,694295,0
512,16,196,32,512,315,1.625396825,24457,777748,0.657151500,41194.812500000,18.879755794,63,564,388.206349206,1.452835589,8,212,315,24457,777748,0
512,16,197,32,512,312,1.641025641,24365,774737,0.654607381,42580.937500000,18.194456146,63,567,386.746031746,1.466078391,8,175,312,24365,774737,0
512,16,198,32,512,295,1.735593220,22004,699459,0.591001881,39992.843750000,17.489603999,63,564,349.269841270,1.614797310,8,175,295,22004,699459,0
512,16,199,32,512,301,1.700996678,23669,752657,0.635951075,41905.312500000,17.960896963,63,576,375.698412698,1.533144620,8,212,301,23669,752657,0
512,16,200,32,512,313,1.635782748,23938,761210,0.643177858,41299.500000000,18.431458008,63,563,379.968253968,1.481702732,8,212,313,23938,761210,0
512,16,201,32,512,303,1.689768977,23295,740583,0.625749252,40315.562500000,18.369655639,63,550,369.761904762,1.487443657,8,212,303,23295,740583,0
512,16,202,32,512,297,1.723905724,22188,705304,0.595940563,39500.406250000,17.855613827,63,567,352.190476190,1.609924283,8,212,297,22188,705304,0
512,16,203,32,512,291,1.759450172,22158,704547,0.595300943,40296.781250000,17.483952270,63,558,351.714285714,1.586515028,8,212,291,22158,704547,0
512,16,204,32,512,294,1.741496599,22308,709293,0.599311035,40128.562500000,17.675514791,63,534,354.095238095,1.508068854,8,212,294,22308,709293,0
512,16,205,32,512,269,1.903345725,20402,648791,0.548190389,39569.968750000,16.396045296,63,572,323.841269841,1.766297422,9,175,269,20402,648791,0
512,16,206,32,512,308,1.662337662,23216,737856,0.623445097,38664.937500000,19.083336162,63,571,368.507936508,1.549491730,8,212,308,23216,737856,0
512,16,207,32,512,286,1.790209790,21867,695248,0.587443833,40359.468750000,17.226391267,63,535,347.095238095,1.541363699,8,212,286,21867,695248,0
512,16,208,32,512,306,1.673202614,23532,748174,0.632163202,40401.062500000,18.518671384,63,550,373.523809524,1.472463029,8,212,306,23532,748174,0
512,16,209,32,512,319,1.605015674,24141,767351,0.648366644,40035.656250000,19.166689693,63,564,383.190476190,1.471852864,9,175,319,24141,767351,0
512,16,210,32,512,301,1.700996678,23103,734660,0.620744664,40048.531250000,18.344243274,63,567,366.714285714,1.546162836,8,212,301,23103,734660,0
512,16,211,32,512,314,1.630573248,24850,790360,0.667807901,41123.218750000,19.219312691,63,553,394.444444444,1.401971831,8,212,314,24850,790360,0
512,16,212,32,512,286,1.790209790,21841,694401,0.586728167,40375.031250000,17.198773066,63,527,346.682539683,1.520122705,7,212,286,21841,694401,0
512,16,213,32,512,291,1.759450172,21891,695831,0.587936433,40270.343750000,17.278993304,63,563,347.476190476,1.620254899,8,175,291,21891,695831,0
512,16,214,32,512,303,1.689768977,23028,732221,0.618683852,40956.781250000,17.877894152,63,566,365.523809524,1.548462741,8,162,303,23028,732221,0
512,16,215,32,512,285,1.796491228,22235,706981,0.597357530,40967.187500000,17.257250086,63,516,352.936507937,1.462019339,7,212,285,22235,706981,0
512,16,216,32,512,286,1.790209790,21398,680336,0.574844066,40857.406250000,16.651473073,63,567,339.650793651,1.669361623,8,212,286,21398,680336,0
512,16,217,32,512,301,1.700996678,22538,716440,0.605349831,39598.531250000,18.092590240,63,537,357.746031746,1.501064868,8,166,301,22538,716440,0
512,16,218,32,512,297,1.723905724,22529,716280,0.605214640,41836.593750000,17.120896703,63,563,357.603174603,1.574370811,8,167,297,22529,716280,0
512,16,219,32,512,292,1.753424658,22014,699798,0.591288316,39724.218750000,17.616406868,63,564,349.428571429,1.614063778,8,166,292,22014,699798,0
512,16,220,32,512,322,1.590062112,24068,765163,0.646517912,40462.937500000,18.910218765,63,558,382.031746032,1.460611600,8,175,322,24068,765163,0
512,16,221,32,512,318,1.610062893,23054,732799,0.619172228,38203.812500000,19.181305531,63,568,365.936507937,1.552181834,7,175,318,23054,732799,0
512,16,222,32,512,307,1.667752443,22434,713006,0.602448302,38109.656250000,18.709326458,63,569,356.095238095,1.597887136,8,212,307,22434,713006,0
512,16,223,32,512,301,1.700996678,22651,720211,0.608536105,39724.468750000,18.130160646,63,577,359.539682540,1.604829809,8,175,301,22651,720211,0
512,16,224,32,512,301,1.700996678,22984,730663,0.617367433,39478.281250000,18.507973926,63,566,364.825396825,1.551427080,8,212,301,22984,730663,0
512,16,225,32,512,302,1.695364238,22165,704595,0.595341500,39342.000000000,17.909486045,63,561,351.825396825,1.594540943,8,166,302,22165,704595,0
512,16,226,32,512,302,1.695364238,22992,730902,0.617569374,40292.250000000,18.140014519,63,576,364.952380952,1.578288100,8,212,302,22992,730902,0
512,16,227,32,512,304,1.684210526,22540,716436,0.605346451,39941.625000000,17.937076922,63,566,357.777777778,1.581987578,8,169,304,22540,716436,0
512,16,228,32,512,333,1.537537538,25468,809581,0.684048520,39727.843750000,20.378176200,63,568,404.253968254,1.405057327,8,175,333,25468,809581,0
512,16,229,32,512,304,1.684210526,22857,726658,0.613983443,40712.968750000,17.848317681,63,558,362.809523810,1.537997112,7,167,304,22857,726658,0
512,16,230,32,512,304,1.684210526,22882,727409,0.614617994,38735.875000000,18.778690297,63,556,363.206349206,1.530810244,9,175,304,22882,727409,0
512,16,231,32,512,317,1.615141956,24565,781143,0.660020076,40480.406250000,19.296817210,63,567,389.920634921,1.454142072,8,175,317,24565,781143,0
512,16,232,32,512,314,1.630573248,23364,742526,0.627390973,39202.781250000,18.940645952,63,548,370.857142857,1.477657935,8,166,314,23364,742526,0
512,16,233,32,512,307,1.667752443,23113,734830,0.620888304,38549.531250000,19.061969787,63,541,366.873015873,1.474624670,8,175,307,23113,734830,0
512,16,234,32,512,299,1.712374582,22645,719929,0.608297832,40280.062500000,17.873085475,63,550,359.444444444,1.530139104,8,175,299,22645,719929,0
512,16,235,32,512,306,1.673202614,23590,750004,0.633709445,40557.843750000,18.492205962,63,567,374.444444444,1.514243323,8,212,306,23590,750004,0
512,16,236,32,512,314,1.630573248,23579,749538,0.633315702,39526.500000000,18.962923608,63,581,374.269841270,1.552355910,7,212,314,23579,749538,0
512,16,237,32,512,293,1.747440273,22308,709388,0.599391304,40019.312500000,17.726141597,63,559,354.095238095,1.578671329,8,175,293,22308,709388,0
512,16,238,32,512,303,1.689768977,22967,730268,0.617033681,39759.656250000,18.367060203,63,546,364.555555556,1.497714112,7,212,303,22967,730268,0
512,16,239,32,512,309,1.656957929,22808,724884,0.612484516,38543.500000000,18.806906482,63,552,362.031746032,1.524728166,8,167,309,22808,724884,0
512,16,240,32,512,297,1.723905724,22940,729404,0.616303652,40833.468750000,17.862895863,63,557,364.126984127,1.529686138,7,167,297,22940,729404,0
512,16,241,32,512,313,1.635782748,23870,758861,0.641193091,39951.718750000,18.994451897,63,572,378.888888889,1.509677419,8,212,313,23870,758861,0
512,16,242,32,512,301,1.700996678,23468,746175,0.630474164,40274.125000000,18.527404382,63,575,372.507936508,1.543591273,8,212,301,23468,746175,0
512,16,243,32,512,318,1.610062893,24205,769608,0.650273677,38351.062500000,20.067449240,63,560,384.206349206,1.457550093,8,212,318,24205,769608,0
512,16,244,32,512,283,1.809187279,21335,678290,0.573115316,38425.750000000,17.651965154,63,559,338.650793651,1.650667917,8,212,283,21335,678290,0
512,16,245,32,512,278,1.841726619,21530,684558,0.578411409,40616.906250000,16.854016300,63,550,341.746031746,1.609382257,8,212,278,21530,684558,0
512,16,246,32,512,287,1.783972125,21652,688365,0.581628101,39405.687500000,17.468671242,63,552,343.682539683,1.606133383,7,175,287,21652,688365,0
512,16,247,32,512,314,1.630573248,23589,749721,0.633470327,38309.562500000,19.570074704,63,567,374.428571429,1.514307516,8,212,314,23589,749721,0
512,16,248,32,512,289,1.771626298,22286,708643,0.598761823,40315.562500000,17.577405747,63,572,353.746031746,1.616979269,8,175,289,22286,708643,0
512,16,249,32,512,265,1.932075472,20132,639991,0.540754904,41815.156250000,15.305239951,63,516,319.555555556,1.614742698,7,175,265,20132,639991,0
512,16,250,32,512,317,1.615141956,23920,760461,0.642544997,39251.968750000,19.373830771,63,533,379.682539683,1.403804348,8,175,317,23920,760461,0
512,16,251,32,512,335,1.528358209,26124,830676,0.701872559,39861.093750000,20.839267613,63,579,414.666666667,1.396302251,8,212,335,26124,830676,0
512,16,252,32,512,306,1.673202614,22796,724712,0.612339187,39303.343750000,18.438940071,63,564,361.841269841,1.558694508,9,212,306,22796,724712,0
512,16,253,32,512,317,1.615141956,24181,768917,0.649689822,40187.812500000,19.133089167,63,567,383.825396825,1.477234192,8,175,317,24181,768917,0
512,16,254,32,512,296,1.729729730,22050,700775,0.592113824,38165.312500000,18.361568505,63,542,350.000000000,1.548571429,7,167,296,22050,700775,0
512,16,255,32,512,310,1.651612903,24252,771188,0.651608684,41034.968750000,18.793434563,63,567,384.952380952,1.472909451,8,175,310,24252,771188,0
512,16,256,32,512,282,1.815602837,21984,698985,0.590601379,40848.343750000,17.111709701,63,558,348.952380952,1.599072052,8,175,282,21984,698985,0
512,16,257,32,512,296,1.729729730,22570,717488,0.606235330,40646.468750000,17.651914719,63,559,358.253968254,1.560345591,8,212,296,22570,717488,0
512,16,258,32,512,306,1.673202614,24020,763799,0.645365412,41505.812500000,18.402217762,63,552,381.269841270,1.447793505,7,175,306,24020,763799,0
512,16,259,32,512,310,1.651612903,23860,758606,0.640977631,39298.812500000,19.303534935,63,533,378.730158730,1.407334451,8,175,310,23860,758606,0
512,16,260,32,512,310,1.651612903,23044,732450,0.618877343,38783.093750000,18.885806396,63,559,365.777777778,1.528250304,8,212,310,23044,732450,0
512,16,261,32,512,329,1.556231003,24826,789272,0.666888605,39149.781250000,20.160316988,63,561,394.063492063,1.423628454,8,166,329,24826,789272,0
512,16,262,32,512,327,1.565749235,24317,773016,0.653153237,38298.437500000,20.184008812,63,558,385.984126984,1.445655303,8,167,327,24317,773016,0
512,16,263,32,512,293,1.747440273,22262,707720,0.597981942,40908.000000000,17.300283563,63,531,353.365079365,1.502695176,7,175,293,22262,707720,0
512,16,264,32,512,311,1.646302251,23559,748986,0.632849295,39928.906250000,18.757989395,63,558,373.952380952,1.492168598,8,212,311,23559,748986,0
512,16,265,32,512,297,1.723905724,22866,727096,0.614353527,41354.312500000,17.582108275,63,517,362.952380952,1.424429284,7,212,297,22866,727096,0
512,16,266,32,512,319,1.605015674,23957,761648,0.643547943,40053.906250000,19.015573543,62,561,380.269841270,1.475268189,8,175,319,23957,761648,0
512,16,267,32,512,307,1.667752443,23557,748942,0.632812117,39732.968750000,18.849384367,63,566,373.920634921,1.513690198,8,175,307,23557,748942,0
512,16,268,32,512,307,1.667752443,23184,736842,0.622588326,39883.656250000,18.474785646,63,560,368.000000000,1.521739130,8,175,307,23184,736842,0
512,16,269,32,512,318,1.610062893,24518,779487,0.658620853,40003.500000000,19.485470021,63,572,389.174603175,1.469777306,8,212,318,24518,779487,0
512,16,270,32,512,328,1.560975610,24702,785286,0.663520668,39500.281250000,19.880516674,63,561,392.095238095,1.430774836,8,212,328,24702,785286,0
512,16,271,32,512,312,1.641025641,22721,722139,0.610165152,38661.750000000,18.678383674,63,559,360.650793651,1.549975793,8,175,312,22721,722139,0
512,16,272,32,512,297,1.723905724,22775,724231,0.611932770,41760.343750000,17.342553604,63,552,361.507936508,1.526937431,8,212,297,22775,724231,0
512,16,273,32,512,292,1.753424658,22761,723864,0.611622676,40611.812500000,17.823976706,63,568,361.285714286,1.572162910,7,212,292,22761,723864,0
512,16,274,32,512,304,1.684210526,23555,748922,0.632795218,41540.437500000,18.028746086,63,569,373.888888889,1.521842496,8,212,304,23555,748922,0
512,16,275,32,512,302,1.695364238,22944,729478,0.616366177,40420.812500000,18.047088984,63,566,364.190476190,1.554131799,8,175,302,22944,729478,0
512,16,276,32,512,288,1.777777778,22213,706341,0.596816768,40677.812500000,17.364281818,63,561,352.587301587,1.591095305,8,212,288,22213,706341,0
512,16,277,32,512,312,1.641025641,23384,743162,0.627928356,39297.562500000,18.911147479,63,567,371.174603175,1.527582963,8,175,312,23384,743162,0
512,16,278,32,512,332,1.542168675,25699,817147,0.690441347,39983.000000000,20.437360878,63,562,407.920634921,1.377718977,8,175,332,25699,817147,0
512,16,279,32,512,290,1.765517241,21790,692752,0.585334859,40038.468750000,17.302160188,63,550,345.873015873,1.590178981,8,166,290,21790,692752,0
512,16,280,32,512,326,1.570552147,25171,800338,0.676238726,39402.187500000,20.312019479,63,566,399.539682540,1.416630249,8,212,326,25171,800338,0
512,16,281,32,512,306,1.673202614,23571,749380,0.633182201,40375.281250000,18.560366066,63,558,374.142857143,1.491408935,8,212,306,23571,749380,0
512,16,282,32,512,303,1.689768977,23608,750705,0.634301749,41441.562500000,18.114785127,63,558,374.730158730,1.489071501,8,175,303,23608,750705,0
512,16,283,32,512,293,1.747440273,21714,690474,0.583410082,38160.750000000,18.093826772,63,559,344.666666667,1.621856867,9,166,293,21714,690474,0
512,16,284,32,512,319,1.605015674,24750,786987,0.664957913,41586.593750000,18.924055303,63,558,392.857142857,1.420363636,8,212,319,24750,786987,0
512,16,285,32,512,300,1.706666667,22655,720132,0.608469355,39482.000000000,18.239501545,63,562,359.603174603,1.562833812,8,167,300,22655,720132,0
512,16,286,32,512,317,1.615141956,24642,783652,0.662140034,41050.343750000,19.090022845,63,567,391.142857143,1.449598247,8,175,317,24642,783652,0
512,16,287,32,512,318,1.610062893,24573,781172,0.660044579,40794.062500000,19.149159268,63,559,390.047619048,1.433158345,9,212,318,24573,781172,0
512,16,288,32,512,300,1.706666667,23082,733981,0.620170949,41491.687500000,17.689832451,63,549,366.380952381,1.498440343,8,175,300,23082,733981,0
512,16,289,32,512,307,1.667752443,23519,747673,0.631739886,39929.218750000,18.724959401,63,521,373.317460317,1.395595051,7,175,307,23519,747673,0
512,16,290,32,512,315,1.625396825,24201,769669,0.650325218,40258.156250000,19.118337045,62,560,384.142857143,1.457791000,8,175,315,24201,769669,0
512,16,291,32,512,318,1.610062893,24305,772796,0.652967350,39442.500000000,19.592977119,63,543,385.793650794,1.407488171,8,175,318,24305,772796,0
512,16,292,32,512,315,1.625396825,24265,771509,0.651879910,40841.687500000,18.890233172,63,550,385.158730159,1.427982691,8,212,315,24265,771509,0
512,16,293,32,512,292,1.753424658,22137,703701,0.594586122,41189.843750000,17.084332834,63,563,351.380952381,1.602249627,7,175,292,22137,703701,0
512,16,294,32,512,300,1.706666667,22199,705596,0.596187286,39021.750000000,18.082120868,63,543,352.365079365,1.541015361,8,175,300,22199,705596,0
512,16,295,32,512,305,1.678688525,23379,743477,0.628194512,40192.468750000,18.497918220,63,565,371.095238095,1.522520210,8,175,305,23379,743477,0
512,16,296,32,512,286,1.790209790,21348,678708,0.573468501,39149.750000000,17.336202658,63,560,338.857142857,1.652613828,8,167,286,21348,678708,0
512,16,297,32,512,284,1.802816901,21795,692979,0.585526660,41399.500000000,16.738825348,63,573,345.952380952,1.656297316,8,167,284,21795,692979,0
512,16,298,32,512,300,1.706666667,22012,699738,0.591237619,37635.843750000,18.592329287,63,566,349.396825397,1.619934581,8,167,300,22012,699738,0
512,16,299,32,512,315,1.625396825,23658,752103,0.635482977,39982.968750000,18.810584194,63,561,375.523809524,1.493913264,8,175,315,23658,752103,0
512,16,300,32,512,296,1.729729730,22376,711403,0.601093861,40306.875000000,17.649668946,63,561,355.174603175,1.579504827,8,175,296,22376,711403,0
512,16,301,32,512,302,1.695364238,23740,755009,0.637938377,40811.250000000,18.500021440,63,567,376.825396825,1.504675653,8,175,302,23740,755009,0
512,16,302,32,512,293,1.747440273,22493,715247,0.604341816,41605.843750000,17.191022595,63,556,357.031746032,1.557284489,9,175,293,22493,715247,0
512,16,303,32,512,301,1.700996678,22779,724277,0.611971637,39531.031250000,18.321733006,63,543,361.571428571,1.501777953,7,212,301,22779,724277,0
512,16,304,32,512,325,1.575384615,25108,798229,0.674456745,40254.093750000,19.829759551,63,567,398.539682540,1.422693962,8,212,325,25108,798229,0
512,16,305,32,512,309,1.656957929,23232,738546,0.624028106,40065.531250000,18.433450823,63,560,368.761904762,1.518595041,8,212,309,23232,738546,0
512,16,306,32,512,311,1.646302251,24385,775355,0.655129555,40512.531250000,19.138646144,63,559,387.063492063,1.444207505,8,212,311,24385,775355,0
512,16,307,32,512,305,1.678688525,22715,721975,0.610026582,39708.437500000,18.181904035,63,572,360.555555556,1.586440678,9,166,305,22715,721975,0
512,16,308,32,512,291,1.759450172,21822,693698,0.586134173,39852.000000000,17.406855365,63,550,346.380952381,1.587847127,8,175,291,21822,693698,0
512,16,309,32,512,312,1.641025641,23701,753347,0.636534084,39786.281250000,18.934843276,63,574,376.206349206,1.525758407,8,212,312,23701,753347,0
512,16,310,32,512,324,1.580246914,24755,786976,0.664948619,40659.937500000,19.355071562,63,562,392.936507937,1.430256514,8,212,324,24755,786976,0
512,16,311,32,512,323,1.585139319,23480,746251,0.630538380,37790.406250000,19.747101819,63,556,372.698412698,1.491822828,9,212,323,23480,746251,0
512,16,312,16,256,198,1.292929293,15648,497684,0.420513826,40430.062500000,12.309750943,63,557,257.698412698,2.161441330,7,212,208,16235,516273,256
512,32,0,32,1024,419,2.443914081,30946,983711,0.831178169,75971.843750000,12.948362860,63,602,491.206349206,1.225554191,9,212,419,30946,983711,0
512,32,1,32,1024,375,2.730666667,27999,890033,0.752025747,80379.156250000,11.072932854,63,605,444.428571429,1.361298618,9,212,375,27999,890033,0
512,32,2,32,1024,429,2.386946387,31952,1015688,0.858196861,78425.875000000,12.950929779,63,622,507.174603175,1.226402103,9,212,429,31952,1015688,0
512,32,3,32,1024,412,2.485436893,30264,961939,0.812782105,77069.312500000,12.481478928,63,609,480.380952381,1.267743854,9,212,412,30264,961939,0
512,32,4,32,1024,416,2.461538462,30830,979865,0.827928525,79523.468750000,12.321708489,63,605,489.365079365,1.236295816,9,212,416,30830,979865,0
512,32,5,32,1024,397,2.579345088,29163,926961,0.783227744,76994.000000000,12.039392680,63,600,462.904761905,1.296162946,9,175,397,29163,926961,0
512,32,6,32,1024,402,2.547263682,29807,947418,0.800512710,77061.625000000,12.294290446,63,600,473.126984127,1.268158486,9,212,402,29807,947418,0
512,32,7,32,1024,407,2.515970516,30775,978397,0.826688151,80766.718750000,12.113863422,63,602,488.492063492,1.232363932,9,212,407,30775,978397,0
512,32,8,32,1024,413,2.479418886,31375,997409,0.842752177,80032.156250000,12.462603118,63,613,498.015873016,1.230884462,9,212,413,31375,997409,0
512,32,9,32,1024,410,2.497560976,30540,970850,0.820311378,77892.406250000,12.463987784,63,615,484.761904762,1.268664047,8,212,410,30540,970850,0
512,32,10,32,1024,401,2.553615960,29945,951833,0.804243127,81187.468750000,11.723890579,63,601,475.317460317,1.264418100,8,175,401,29945,951833,0
512,32,11,32,1024,446,2.295964126,32075,1019255,0.861210767,75021.468750000,13.586177623,63,605,509.126984127,1.188308652,9,212,446,32075,1019255,0
512,32,12,32,1024,422,2.426540284,31110,988890,0.835554121,79387.375000000,12.456514654,63,620,493.809523810,1.255544841,9,212,422,31110,988890,0
512,32,13,32,1024,419,2.443914081,30677,975010,0.823826334,76090.156250000,12.813878274,63,611,486.936507937,1.254783714,9,212,419,30677,975010,0
512,32,14,32,1024,412,2.485436893,30608,972966,0.822099274,75667.281250000,12.858477058,63,601,485.841269841,1.237029535,9,175,412,30608,972966,0
512,32,15,32,1024,405,2.528395062,29776,946291,0.799560461,78159.375000000,12.107197633,63,608,472.634920635,1.286405159,9,212,405,29776,946291,0
512,32,16,32,1024,424,2.415094340,31528,1002176,0.846780013,77770.468750000,12.886330970,63,605,500.444444444,1.208925400,9,212,424,31528,1002176,0
512,32,17,32,1024,423,2.420803783,30947,983723,0.831188309,77649.343750000,12.668787043,63,608,491.222222222,1.237729021,9,212,423,30947,983723,0
512,32,18,32,1024,402,2.547263682,29888,950074,0.802756875,80683.218750000,11.775360660,63,605,474.412698413,1.275260974,9,212,402,29888,950074,0
512,32,19,32,1024,418,2.449760766,31314,995483,0.841124820,79593.125000000,12.507148073,63,611,497.047619048,1.229258479,9,212,418,31314,995483,0
512,32,20,32,1024,421,2.432304038,30922,982777,0.830388994,76743.687500000,12.805965311,63,608,490.825396825,1.238729707,9,212,421,30922,982777,0
512,32,21,32,1024,433,2.364896074,32412,1030371,0.870603136,79974.687500000,12.883713988,63,613,514.476190476,1.191503147,9,212,433,32412,1030371,0
512,32,22,32,1024,389,2.632390746,28931,919758,0.777141631,79584.625000000,11.556981012,63,605,459.222222222,1.317444955,9,212,389,28931,919758,0
512,32,23,32,1024,428,2.392523364,31310,995088,0.840791068,76058.531250000,13.083187167,63,605,496.984126984,1.217342702,9,212,428,31310,995088,0
512,32,24,32,1024,428,2.392523364,31181,990993,0.837331033,77205.843750000,12.835725275,63,615,494.936507937,1.242583625,9,175,428,31181,990993,0
512,32,25,32,1024,421,2.432304038,31005,985541,0.832724412,79840.406250000,12.343887591,63,605,492.142857143,1.229317852,9,175,421,31005,985541,0
512,32,26,32,1024,395,2.592405063,29500,937783,0.792371700,79990.062500000,11.723743809,63,593,468.253968254,1.266406780,9,175,395,29500,937783,0
512,32,27,32,1024,413,2.479418886,30293,962742,0.813460593,77662.687500000,12.396454861,63,609,480.841269841,1.266530222,9,175,413,30293,962742,0
512,32,28,32,1024,426,2.403755869,31325,995735,0.841337745,78027.750000000,12.761293258,63,605,497.222222222,1.216759777,9,212,426,31325,995735,0
512,32,29,32,1024,427,2.398126464,31999,1017260,0.859525109,77257.750000000,13.167093269,63,593,507.920634921,1.167505235,9,212,427,31999,1017260,0
512,32,30,32,1024,390,2.625641026,28673,911430,0.770104959,76521.281250000,11.910804225,63,597,455.126984127,1.311721829,9,175,390,28673,911430,0
512,32,31,32,1024,422,2.426540284,30899,981953,0.829692762,77432.031250000,12.681483156,63,622,490.460317460,1.268196382,9,212,422,30899,981953,0
512,32,32,32,1024,401,2.553615960,30357,964877,0.815264543,78678.531250000,12.263535995,63,615,481.857142857,1.276311889,9,212,401,30357,964877,0
512,32,33,32,1024,417,2.455635492,30820,979533,0.827648004,78530.781250000,12.473236410,63,603,489.206349206,1.232608696,9,212,417,30820,979533,0
512,32,34,32,1024,409,2.503667482,30190,959609,0.810813391,78116.468750000,12.284336650,63,609,479.206349206,1.270851275,9,175,409,30190,959609,0
512,32,35,32,1024,429,2.386946387,31412,998350,0.843547267,77360.843750000,12.905107437,63,613,498.603174603,1.229434611,9,212,429,31412,998350,0
512,32,36,32,1024,434,2.359447005,32092,1020127,0.861947556,78779.468750000,12.949147997,63,604,509.396825397,1.185716066,9,212,434,32092,1020127,0
512,32,37,32,1024,418,2.449760766,31125,989357,0.835948709,79707.187500000,12.412393801,63,605,494.047619048,1.224578313,9,212,418,31125,989357,0
512,32,38,32,1024,413,2.479418886,30724,976681,0.825238231,78902.468750000,12.378332585,63,620,487.682539683,1.271318839,9,175,413,30724,976681,0
512,32,39,32,1024,398,2.572864322,29777,946489,0.799727760,79464.343750000,11.910864110,63,608,472.650793651,1.286361957,9,212,398,29777,946489,0
512,32,40,32,1024,401,2.553615960,30030,954657,0.806629241,79844.031250000,11.956523049,63,597,476.666666667,1.252447552,9,175,401,30030,954657,0
512,32,41,32,1024,427,2.398126464,30924,982767,0.830380545,74718.593750000,13.152910817,63,613,490.857142857,1.248835856,9,169,427,30924,982767,0
512,32,42,32,1024,441,2.321995465,32311,1026895,0.867666120,75751.375000000,13.556123569,63,609,512.873015873,1.187428430,9,175,441,32311,1026895,0
512,32,43,32,1024,435,2.354022989,32060,1019115,0.861092475,78571.937500000,12.970470532,63,604,508.888888889,1.186899563,9,212,435,32060,1019115,0
512,32,44,32,1024,410,2.497560976,30306,963155,0.813809554,79398.968750000,12.130573169,63,603,481.047619048,1.253514156,9,212,410,30306,963155,0
512,32,45,32,1024,413,2.479418886,31009,985646,0.832813131,78555.781250000,12.547084178,63,600,492.206349206,1.219000935,9,212,413,31009,985646,0
512,32,46,32,1024,426,2.403755869,31702,1007712,0.851457608,79675.062500000,12.647771691,63,604,503.206349206,1.200302820,9,212,426,31702,1007712,0
512,32,47,32,1024,419,2.443914081,31040,986632,0.833646243,78429.000000000,12.579938543,63,620,492.698412698,1.258376289,9,175,419,31040,986632,0
512,32,48,32,1024,409,2.503667482,30145,958052,0.809497818,77479.156250000,12.365286954,63,597,478.492063492,1.247669597,9,212,409,30145,958052,0
512,32,49,32,1024,443,2.311512415,32303,1026691,0.867493752,76990.218750000,13.335343329,63,620,512.746031746,1.209175618,9,212,443,32303,1026691,0
512,32,50,32,1024,421,2.432304038,31637,1005724,0.849777865,78088.093750000,12.879351406,63,600,502.174603175,1.194803553,9,212,421,31637,1005724,0
512,32,51,32,1024,408,2.509803922,30311,963478,0.814082470,78706.656250000,12.241378886,63,605,481.126984127,1.257464287,9,175,408,30311,963478,0
512,32,52,32,1024,405,2.528395062,30221,960490,0.811557785,80871.031250000,11.876811575,63,605,479.698412698,1.261209093,9,175,405,30221,960490,0
512,32,53,32,1024,416,2.461538462,30550,971076,0.820502335,76365.093750000,12.716228742,63,593,484.920634921,1.222880524,9,212,416,30550,971076,0
512,32,54,32,1024,397,2.579345088,29645,942338,0.796220408,77665.875000000,12.133230972,63,608,470.555555556,1.292089728,9,212,397,29645,942338,0
512,32,55,32,1024,422,2.426540284,31479,1000691,0.845525275,77594.281250000,12.896452984,63,611,499.666666667,1.222815210,9,212,422,31479,1000691,0
512,32,56,32,1024,420,2.438095238,31667,1006704,0.850605907,80307.125000000,12.535674761,63,601,502.650793651,1.195661098,9,212,420,31667,1006704,0
512,32,57,32,1024,404,2.534653465,29575,939944,0.794197618,77401.062500000,12.143812625,63,609,469.444444444,1.297278107,9,175,404,29575,939944,0
512,32,58,32,1024,418,2.449760766,30997,985396,0.832601896,76129.406250000,12.943697430,63,603,492.015873016,1.225570216,9,212,418,30997,985396,0
512,32,59,32,1024,415,2.467469880,30762,977791,0.826176116,77759.125000000,12.574614233,63,605,488.285714286,1.239028672,9,212,415,30762,977791,0
512,32,60,32,1024,416,2.461538462,30740,977138,0.825624369,78128.906250000,12.506741063,63,601,487.936507937,1.231717632,9,212,416,30740,977138,0
512,32,61,32,1024,402,2.547263682,30180,959400,0.810636799,78238.812500000,12.262456054,63,586,479.047619048,1.223260437,9,212,402,30180,959400,0
512,32,62,32,1024,413,2.479418886,30575,971975,0.821261937,79066.062500000,12.293201018,63,605,485.317460317,1.246606705,9,212,413,30575,971975,0
512,32,63,32,1024,394,2.598984772,29450,936123,0.790969097,76796.187500000,12.189706683,63,603,467.460317460,1.289949066,9,212,394,29450,936123,0
512,32,64,32,1024,375,2.730666667,28090,892861,0.754415241,78823.625000000,11.327327308,63,586,445.873015873,1.314275543,9,212,375,28090,892861,0
512,32,65,32,1024,419,2.443914081,31013,985725,0.832879881,79094.531250000,12.462618899,63,620,492.269841270,1.259471834,9,212,419,31013,985725,0
512,32,66,32,1024,383,2.673629243,28721,912949,0.771388425,77837.750000000,11.728871916,63,600,455.888888889,1.316110163,9,212,383,28721,912949,0
512,32,67,32,1024,403,2.540942928,30437,967651,0.817608410,80044.562500000,12.088903603,63,600,483.126984127,1.241909518,9,212,403,30437,967651,0
512,32,68,32,1024,424,2.415094340,31227,992413,0.838530850,76634.593750000,12.949934898,63,620,495.666666667,1.250840619,9,212,424,31227,992413,0
512,32,69,32,1024,406,2.522167488,29518,938032,0.792582090,77923.562500000,12.037847987,63,605,468.539682540,1.291246019,9,212,406,29518,938032,0
512,32,70,32,1024,395,2.592405063,29123,925706,0.782167342,77176.281250000,11.994695585,63,605,462.269841270,1.308759400,9,212,395,29123,925706,0
512,32,71,32,1024,415,2.467469880,30589,972268,0.821509505,77628.437500000,12.524636993,63,600,485.539682540,1.235738337,9,212,415,30589,972268,0
512,32,72,32,1024,404,2.534653465,29791,946713,0.799917027,78175.093750000,12.110161365,63,611,472.873015873,1.292101641,9,212,404,29791,946713,0
512,32,73,32,1024,394,2.598984772,28493,905570,0.765153602,76480.406250000,11.840549030,63,603,452.269841270,1.333274839,9,167,394,28493,905570,0
512,32,74,32,1024,408,2.509803922,30490,969246,0.818956092,77944.562500000,12.435068835,63,593,483.968253968,1.225286979,9,212,408,30490,969246,0
512,32,75,32,1024,409,2.503667482,29904,950478,0.803098231,77286.593750000,12.298096654,63,594,474.666666667,1.251404494,9,175,409,29904,950478,0
512,32,76,32,1024,406,2.522167488,30285,962640,0.813374409,76459.218750000,12.590241121,63,605,480.714285714,1.258543834,9,212,406,30285,962640,0
512,32,77,32,1024,417,2.455635492,30885,981656,0.829441815,75861.687500000,12.940075977,63,601,490.238095238,1.225934920,9,212,417,30885,981656,0
512,32,78,32,1024,395,2.592405063,29439,935734,0.790640415,79318.062500000,11.797237231,63,605,467.285714286,1.294711098,9,212,395,29439,935734,0
512,32,79,32,1024,402,2.547263682,29979,952887,0.805133695,78989.968750000,12.063392543,63,620,475.857142857,1.302912038,9,175,402,29979,952887,0
512,32,80,32,1024,400,2.560000000,29522,938499,0.792976678,76852.187500000,12.211740882,63,603,468.603174603,1.286803062,9,175,400,29522,938499,0
512,32,81,32,1024,417,2.455635492,30780,978248,0.826562254,79905.093750000,12.242623769,63,608,488.571428571,1.244444444,9,212,417,30780,978248,0
512,32,82,32,1024,448,2.285714286,32827,1043438,0.881643986,78687.593750000,13.260514781,63,622,521.063492063,1.193712493,9,175,448,32827,1043438,0
512,32,83,32,1024,417,2.455635492,31031,986475,0.833513588,78363.343750000,12.588475080,63,620,492.555555556,1.258741259,9,212,417,31031,986475,0
512,32,84,32,1024,425,2.409411765,31296,994754,0.840508858,76109.875000000,13.069972852,63,608,496.761904762,1.223926380,9,175,425,31296,994754,0
512,32,85,32,1024,423,2.420803783,31327,995660,0.841274374,78883.656250000,12.621879453,63,608,497.253968254,1.222715230,9,212,423,31327,995660,0
512,32,86,32,1024,425,2.409411765,31227,992467,0.838576476,77178.625000000,12.859350630,63,603,495.666666667,1.216543376,9,212,425,31227,992467,0
512,32,87,32,1024,398,2.572864322,29041,922892,0.779789677,77104.437500000,11.969375952,63,601,460.968253968,1.303777418,8,175,398,29041,922892,0
512,32,88,32,1024,397,2.579345088,29203,928213,0.784285610,80171.562500000,11.577833474,63,605,463.539682540,1.305174126,9,212,397,29203,928213,0
512,32,89,32,1024,394,2.598984772,29461,936418,0.791218355,77826.875000000,12.032064759,63,589,467.634920635,1.259529548,9,175,394,29461,936418,0
512,32,90,32,1024,416,2.461538462,30772,978006,0.826357779,77705.156250000,12.586114580,63,622,488.444444444,1.273430391,9,175,416,30772,978006,0
512,32,91,32,1024,383,2.673629243,28795,915293,0.773368967,78768.687500000,11.620010807,63,605,457.063492063,1.323667303,9,212,383,28795,915293,0
512,32,92,32,1024,415,2.467469880,30711,976199,0.824830969,77142.312500000,12.654520825,63,605,487.476190476,1.241086256,9,175,415,30711,976199,0
512,32,93,32,1024,408,2.509803922,30586,972401,0.821621882,80786.531250000,12.036672264,63,613,485.492063492,1.262636500,9,212,408,30586,972401,0
512,32,94,32,1024,421,2.432304038,30691,975300,0.824071367,78791.906250000,12.378174947,63,603,487.158730159,1.237789580,9,212,421,30691,975300,0
512,32,95,32,1024,409,2.503667482,30467,968492,0.818319006,78086.531250000,12.402804741,63,622,483.603174603,1.286178488,9,175,409,30467,968492,0
512,32,96,32,1024,382,2.680628272,28460,904579,0.764316265,78428.875000000,11.533749528,63,593,451.746031746,1.312684469,9,212,382,28460,904579,0
512,32,97,32,1024,394,2.598984772,29742,945429,0.798832122,78551.843750000,12.035732770,63,603,472.095238095,1.277284648,9,212,394,29742,945429,0
512,32,98,32,1024,409,2.503667482,30264,961917,0.812763516,76583.281250000,12.560404625,63,603,480.380952381,1.255253767,9,175,409,30264,961917,0
512,32,99,32,1024,396,2.585858586,30042,955010,0.806927506,80497.968750000,11.863777619,63,620,476.857142857,1.300179748,9,212,396,30042,955010,0
512,32,100,32,1024,403,2.540942928,29414,934909,0.789943338,77101.593750000,12.125676715,63,602,466.888888889,1.289386007,9,212,403,29414,934909,0
512,32,101,32,1024,423,2.420803783,31010,985585,0.832761590,77228.375000000,12.761954398,63,603,492.222222222,1.225056433,9,212,423,31010,985585,0
512,32,102,32,1024,396,2.585858586,29558,939541,0.793857107,81183.750000000,11.573017999,63,609,469.174603175,1.298024224,9,212,396,29558,939541,0
512,32,103,32,1024,419,2.443914081,31318,995483,0.841124820,79197.250000000,12.569666245,63,605,497.111111111,1.217031739,9,212,419,31318,995483,0
512,32,104,32,1024,428,2.392523364,31810,1011177,0.854385330,78411.531250000,12.895769077,63,599,504.920634921,1.186325055,9,212,428,31810,1011177,0
512,32,105,32,1024,409,2.503667482,30051,955142,0.807039038,79469.343750000,12.018999465,63,603,477.000000000,1.264150943,9,212,409,30051,955142,0
512,32,106,32,1024,403,2.540942928,29967,952443,0.804758541,79643.812500000,11.958782109,63,608,475.666666667,1.278206027,9,212,403,29967,952443,0
512,32,107,32,1024,432,2.370370370,32431,1030858,0.871014623,80884.562500000,12.744805290,63,603,514.777777778,1.171379236,9,212,432,32431,1030858,0
512,32,108,32,1024,395,2.592405063,29327,932332,0.787765924,76592.250000000,12.172667600,63,604,465.507936508,1.297507416,9,175,395,29327,932332,0
512,32,109,32,1024,424,2.415094340,31575,1003643,0.848019542,78258.312500000,12.824746253,63,605,501.190476190,1.207125891,9,212,424,31575,1003643,0
512,32,110,32,1024,412,2.485436893,30735,976868,0.825396235,77324.937500000,12.633285349,63,603,487.857142857,1.236017570,9,212,412,30735,976868,0
512,32,111,32,1024,444,2.306306306,32234,1024477,0.865623051,75041.281250000,13.652178947,63,620,511.650793651,1.211763976,9,212,444,32234,1024477,0
512,32,112,32,1024,398,2.572864322,29391,934149,0.789301183,79310.562500000,11.778368108,63,593,466.523809524,1.271103399,9,212,398,29391,934149,0
512,32,113,32,1024,412,2.485436893,30507,969549,0.819212109,76579.343750000,12.660711786,63,601,484.238095238,1.241124988,9,175,412,30507,969549,0
512,32,114,32,1024,401,2.553615960,29738,945308,0.798729884,79836.312500000,11.840576930,63,605,472.031746032,1.281693456,9,175,401,29738,945308,0
512,32,115,32,1024,404,2.534653465,29396,934280,0.789411870,74116.406250000,12.605576110,63,605,466.603174603,1.296604980,9,212,404,29396,934280,0
512,32,116,32,1024,438,2.337899543,32596,1036158,0.875492812,76181.093750000,13.601248669,63,622,517.396825397,1.202172046,9,212,438,32596,1036158,0
512,32,117,32,1024,417,2.455635492,30267,961893,0.812743238,74450.187500000,12.919954030,63,597,480.428571429,1.242640500,9,212,417,30267,961893,0
512,32,118,32,1024,379,2.701846966,28082,892694,0.754274136,81766.718750000,10.917571521,63,584,445.746031746,1.310163094,8,212,379,28082,892694,0
512,32,119,32,1024,383,2.673629243,28908,919094,0.776580590,80580.906250000,11.405853356,63,594,458.857142857,1.294520548,9,212,383,28908,919094,0
512,32,120,32,1024,378,2.708994709,28344,900981,0.761276166,80519.593750000,11.189587007,63,602,449.904761905,1.338060965,9,212,378,28344,900981,0
512,32,121,32,1024,412,2.485436893,30250,961464,0.812380758,76057.656250000,12.641252011,63,611,480.158730159,1.272495868,9,212,412,30250,961464,0
512,32,122,32,1024,395,2.592405063,28855,916911,0.774736083,76398.062500000,12.001757244,63,596,458.015873016,1.301264945,9,212,395,28855,916911,0
512,32,123,32,1024,396,2.585858586,29282,930733,0.786414863,80757.125000000,11.525088344,63,603,464.793650794,1.297349908,9,175,396,29282,930733,0
512,32,124,32,1024,431,2.375870070,31802,1010945,0.854189304,77902.343750000,12.977080680,63,605,504.793650794,1.198509528,9,212,431,31802,1010945,0
512,32,125,32,1024,413,2.479418886,31002,985453,0.832650057,79295.125000000,12.427661852,63,615,492.095238095,1.249758080,9,212,413,31002,985453,0
512,32,126,32,1024,443,2.311512415,32747,1040948,0.879540081,79534.562500000,13.087995549,63,603,519.793650794,1.160075732,9,212,443,32747,1040948,0
512,32,127,32,1024,395,2.592405063,29288,930908,0.786562728,77876.531250000,11.953639756,63,604,464.888888889,1.299235182,9,212,395,29288,930908,0
512,32,128,32,1024,423,2.420803783,31370,997117,0.842505454,76433.156250000,13.045608070,63,608,497.936507937,1.221039209,9,212,423,31370,997117,0
512,32,129,32,1024,412,2.485436893,31065,987589,0.834454852,80364.812500000,12.288823545,63,620,493.095238095,1.257363592,9,212,412,31065,987589,0
512,32,130,32,1024,402,2.547263682,29608,940975,0.795068753,78563.875000000,11.977196899,63,589,469.968253968,1.253276142,9,166,402,29608,940975,0
512,32,131,32,1024,407,2.515970516,29832,948241,0.801208097,78669.500000000,12.053476887,63,622,473.523809524,1.313555913,9,175,407,29832,948241,0
512,32,132,32,1024,425,2.409411765,31045,986723,0.833723133,75655.062500000,13.042392239,63,603,492.777777778,1.223675310,9,212,425,31045,986723,0
512,32,133,32,1024,416,2.461538462,30855,980761,0.828685592,77258.656250000,12.694512791,63,603,489.761904762,1.231210501,9,175,416,30855,980761,0
512,32,134,32,1024,398,2.572864322,29871,949617,0.802370737,81033.125000000,11.718874226,63,601,474.142857143,1.267550467,9,212,398,29871,949617,0
512,32,135,32,1024,394,2.598984772,29662,943086,0.796852424,79536.531250000,11.857268417,63,620,470.825396825,1.316836356,9,212,394,29662,943086,0
512,32,136,32,1024,423,2.420803783,30963,984089,0.831497557,77872.843750000,12.637126790,63,605,491.476190476,1.230985370,9,175,423,30963,984089,0
512,32,137,32,1024,434,2.359447005,32049,1018785,0.860813645,77538.937500000,13.139011609,63,622,508.714285714,1.222690256,9,175,434,32049,1018785,0
512,32,138,32,1024,391,2.618925831,28833,916523,0.774408245,79414.750000000,11.540966886,63,608,457.666666667,1.328477786,9,212,391,28833,916523,0
512,32,139,32,1024,413,2.479418886,30576,971826,0.821136041,79294.000000000,12.255984059,63,594,485.333333333,1.223901099,9,175,413,30576,971826,0
512,32,140,32,1024,410,2.497560976,30775,978380,0.826673787,83483.468750000,11.719445953,63,599,488.492063492,1.226222583,9,175,410,30775,978380,0
512,32,141,32,1024,401,2.553615960,29516,938277,0.792789101,76942.156250000,12.194576364,63,605,468.507936508,1.291333514,9,212,401,29516,938277,0
512,32,142,32,1024,406,2.522167488,29797,947126,0.800265988,76140.750000000,12.439147237,63,601,472.968253968,1.270698392,9,175,406,29797,947126,0
512,32,143,32,1024,424,2.415094340,31184,991206,0.837511005,78330.062500000,12.654221998,63,609,494.984126984,1.230342483,8,212,424,31184,991206,0
512,32,144,32,1024,420,2.438095238,31066,987482,0.834364444,75434.093750000,13.090659023,63,597,493.111111111,1.210680487,9,212,420,31066,987482,0
512,32,145,32,1024,413,2.479418886,30643,973998,0.822971253,78213.781250000,12.453022785,63,594,486.396825397,1.221225076,9,212,413,30643,973998,0
512,32,146,32,1024,403,2.540942928,29290,930782,0.786456265,76386.687500000,12.185133699,63,603,464.920634921,1.296995562,9,212,403,29290,930782,0
512,32,147,32,1024,419,2.443914081,30626,973198,0.822295300,78016.343750000,12.474283634,63,605,486.126984127,1.244530791,9,212,419,30626,973198,0
512,32,148,32,1024,409,2.503667482,30653,974479,0.823377670,79220.531250000,12.300838995,63,597,486.555555556,1.226992464,9,212,409,30653,974479,0
512,32,149,32,1024,422,2.426540284,30475,968508,0.818332525,78041.218750000,12.410211110,63,622,483.730158730,1.285840853,9,167,422,30475,968508,0
512,32,150,32,1024,448,2.285714286,33078,1051407,0.888377324,77862.437500000,13.503391799,63,603,525.047619048,1.148467259,9,212,448,33078,1051407,0
512,32,151,32,1024,406,2.522167488,30243,961339,0.812275140,79242.937500000,12.131541691,63,603,480.047619048,1.256125384,9,212,406,30243,961339,0
512,32,152,32,1024,396,2.585858586,29583,940360,0.794549114,79983.312500000,11.756952427,63,605,469.571428571,1.288408883,9,175,396,29583,940360,0
512,32,153,32,1024,425,2.409411765,31478,1000552,0.845407828,77694.406250000,12.878044229,63,603,499.650793651,1.206842874,9,212,425,31478,1000552,0
512,32,154,32,1024,401,2.553615960,30163,958905,0.810218553,78179.312500000,12.265457054,63,582,478.777777778,1.215595266,9,212,401,30163,958905,0
512,32,155,32,1024,407,2.515970516,30728,976796,0.825335399,79421.625000000,12.298866965,63,596,487.746031746,1.221947410,8,212,407,30728,976796,0
512,32,156,32,1024,441,2.321995465,32753,1041016,0.879597538,79003.343750000,13.176859998,63,615,519.888888889,1.182945074,9,212,441,32753,1041016,0
512,32,157,32,1024,411,2.491484185,30674,975076,0.823882100,78763.593750000,12.379780474,63,611,486.888888889,1.254906435,9,212,411,30674,975076,0
512,32,158,32,1024,415,2.467469880,31125,989394,0.835979972,78627.218750000,12.583352378,63,620,494.047619048,1.254939759,9,212,415,31125,989394,0
512,32,159,32,1024,402,2.547263682,29526,938517,0.792991887,79817.281250000,11.758318315,63,613,468.666666667,1.307965861,9,166,402,29526,938517,0
512,32,160,32,1024,407,2.515970516,30358,965043,0.815404803,76861.125000000,12.555671024,63,603,481.873015873,1.251367020,9,212,407,30358,965043,0
512,32,161,32,1024,403,2.540942928,29627,941723,0.795700769,77526.812500000,12.147062025,63,615,470.269841270,1.307759814,9,212,403,29627,941723,0
512,32,162,32,1024,385,2.659740260,28592,908834,0.767911491,80005.062500000,11.359706144,63,620,453.841269841,1.366116396,9,212,385,28592,908834,0
512,32,163,32,1024,412,2.485436893,31019,986023,0.833131674,80930.687500000,12.183549040,63,608,492.365079365,1.234856056,9,212,412,31019,986023,0
512,32,164,32,1024,417,2.455635492,30583,971936,0.821228984,75900.968750000,12.805317455,63,615,485.444444444,1.266880293,9,175,417,30583,971936,0
512,32,165,32,1024,396,2.585858586,29938,951685,0.804118075,79590.812500000,11.957221821,63,609,475.206349206,1.281548534,9,175,396,29938,951685,0
512,32,166,32,1024,412,2.485436893,30848,980565,0.828519984,78144.375000000,12.548120066,63,608,489.650793651,1.241701245,9,212,412,30848,980565,0
512,32,167,32,1024,416,2.461538462,30935,983227,0.830769218,81206.875000000,12.107681770,63,609,491.031746032,1.240245676,9,212,416,30935,983227,0
512,32,168,32,1024,413,2.479418886,30695,975739,0.824442296,77664.343750000,12.563538850,63,600,487.222222222,1.231470924,9,175,413,30695,975739,0
512,32,169,32,1024,394,2.598984772,29459,936351,0.791161744,80603.593750000,11.616740103,63,603,467.603174603,1.289554975,9,212,394,29459,936351,0
512,32,170,32,1024,411,2.491484185,30409,966466,0.816607155,77961.156250000,12.396763292,63,615,482.682539683,1.274129370,9,212,411,30409,966466,0
512,32,171,32,1024,404,2.534653465,29329,932143,0.787606230,78531.312500000,11.869698472,63,587,465.539682540,1.260902179,9,162,404,29329,932143,0
512,32,172,32,1024,414,2.473429952,30623,973320,0.822398383,80565.406250000,12.081115770,63,603,486.079365079,1.240538158,9,212,414,30623,973320,0
512,32,173,32,1024,414,2.473429952,30260,961688,0.812570025,77344.500000000,12.433825288,63,615,480.317460317,1.280403173,9,212,414,30260,961688,0
512,32,174,32,1024,415,2.467469880,30386,965635,0.815905008,74955.406250000,12.882793227,63,601,482.317460317,1.246067268,9,212,415,30386,965635,0
512,32,175,32,1024,433,2.364896074,31998,1017039,0.859338377,78161.531250000,13.012014782,63,604,507.904761905,1.189199325,9,212,433,31998,1017039,0
512,32,176,32,1024,408,2.509803922,30600,972699,0.821873674,78587.187500000,12.377322957,63,613,485.714285714,1.262058824,9,212,408,30600,972699,0
512,32,177,32,1024,411,2.491484185,30199,959849,0.811016177,76294.000000000,12.580923795,63,622,479.349206349,1.297592636,9,167,411,30199,959849,0
512,32,178,32,1024,424,2.415094340,31010,985612,0.832784403,76449.156250000,12.892385585,63,622,492.222222222,1.263656885,9,212,424,31010,985612,0
512,32,179,32,1024,392,2.612244898,29075,924138,0.780842474,76695.531250000,12.049437365,63,603,461.507936508,1.306586414,9,167,392,29075,924138,0
512,32,180,32,1024,406,2.522167488,30252,961464,0.812380758,78734.531250000,12.211465347,63,597,480.190476190,1.243256644,9,212,406,30252,961464,0
512,32,181,32,1024,402,2.547263682,30208,960263,0.811365983,81656.875000000,11.759732417,63,613,479.492063492,1.278436176,9,175,402,30208,960263,0
512,32,182,32,1024,396,2.585858586,29259,929995,0.785791296,78690.750000000,11.818352221,63,589,464.428571429,1.268225161,9,212,396,29259,929995,0
512,32,183,32,1024,410,2.497560976,30263,961919,0.812765206,78103.531250000,12.315947622,63,596,480.365079365,1.240722995,9,212,410,30263,961919,0
512,32,184,32,1024,438,2.337899543,32185,1022971,0.864350570,77283.781250000,13.236554727,63,613,510.873015873,1.199906789,9,212,438,32185,1022971,0
512,32,185,32,1024,416,2.461538462,31225,992539,0.838637312,80135.656250000,12.385734971,63,603,495.634920635,1.216621297,9,212,416,31225,992539,0
512,32,186,32,1024,426,2.403755869,31573,1003765,0.848122625,78254.843750000,12.826873736,63,613,501.158730159,1.223165363,9,175,426,31573,1003765,0
512,32,187,32,1024,401,2.553615960,29988,953326,0.805504624,80935.562500000,11.778827138,63,609,476.000000000,1.279411765,9,212,401,29988,953326,0
512,32,188,32,1024,418,2.449760766,30743,977107,0.825598176,77403.562500000,12.623540422,63,611,487.984126984,1.252089907,9,175,418,30743,977107,0
512,32,189,32,1024,418,2.449760766,30746,977183,0.825662392,76284.218750000,12.809766109,63,601,488.031746032,1.231477265,9,212,418,30746,977183,0
512,32,190,32,1024,425,2.409411765,31522,1002031,0.846657496,78561.625000000,12.754713259,63,605,500.349206349,1.209155510,9,212,425,31522,1002031,0
512,32,191,32,1024,403,2.540942928,29426,935153,0.790149504,79427.406250000,11.773681707,63,608,467.079365079,1.301705974,9,212,403,29426,935153,0
512,32,192,32,1024,392,2.612244898,29173,927262,0.783482071,77731.937500000,11.928970637,63,597,463.063492063,1.289240051,9,212,392,29173,927262,0
512,32,193,32,1024,405,2.528395062,29839,948476,0.801406658,77812.593750000,12.189235113,63,603,473.634920635,1.273132478,9,175,405,29839,948476,0
512,32,194,32,1024,403,2.540942928,29455,936227,0.791056971,75927.625000000,12.330518701,63,622,467.539682540,1.330368359,9,175,403,29455,936227,0
512,32,195,32,1024,387,2.645994832,28676,911365,0.770050037,79690.781250000,11.436266350,63,609,455.174603175,1.337948110,9,212,387,28676,911365,0
512,32,196,32,1024,433,2.364896074,32101,1020427,0.862201039,79129.500000000,12.895658383,63,620,509.539682540,1.216784524,9,212,433,32101,1020427,0
512,32,197,32,1024,411,2.491484185,30679,975108,0.823909138,80209.656250000,12.156990138,63,601,486.968253968,1.234166694,9,175,411,30679,975108,0
512,32,198,32,1024,413,2.479418886,30173,959064,0.810352898,79519.937500000,12.060673463,63,602,478.936507937,1.256951579,9,212,413,30173,959064,0
512,32,199,32,1024,406,2.522167488,30341,964381,0.814845452,79861.937500000,12.075602348,63,603,481.603174603,1.252068159,9,212,406,30341,964381,0
512,32,200,32,1024,418,2.449760766,30674,974996,0.823814505,79316.156250000,12.292527098,63,609,486.888888889,1.250798722,9,212,418,30674,974996,0
512,32,201,32,1024,411,2.491484185,30559,971197,0.820604572,79106.125000000,12.277140360,63,608,485.063492063,1.253444157,9,212,411,30559,971197,0
512,32,202,32,1024,418,2.449760766,30939,983395,0.830911168,77191.625000000,12.739659257,63,611,491.095238095,1.244157859,9,212,418,30939,983395,0
512,32,203,32,1024,412,2.485436893,30223,960665,0.811705649,79110.218750000,12.143374335,63,615,479.730158730,1.281970685,9,212,412,30223,960665,0
512,32,204,32,1024,410,2.497560976,30545,970938,0.820385733,76914.968750000,12.623524598,63,613,484.841269841,1.264331314,9,212,410,30545,970938,0
512,32,205,32,1024,369,2.775067751,27128,862293,0.728587072,78029.375000000,11.050876673,63,587,430.603174603,1.363204070,9,175,369,27128,862293,0
512,32,206,32,1024,415,2.467469880,31076,987854,0.834678762,77622.375000000,12.726407817,63,622,493.269841270,1.260973098,9,212,415,31076,987854,0
512,32,207,32,1024,392,2.612244898,29362,933447,0.788708034,78206.656250000,11.935646462,63,608,466.063492063,1.304543287,9,212,392,29362,933447,0
512,32,208,32,1024,412,2.485436893,30569,971641,0.820979726,77840.156250000,12.482516054,63,611,485.222222222,1.259216854,9,212,412,30569,971641,0
512,32,209,32,1024,428,2.392523364,31340,996033,0.841589538,76771.312500000,12.974025942,63,608,497.460317460,1.222208041,9,175,428,31340,996033,0
512,32,210,32,1024,417,2.455635492,30817,979631,0.827730808,77761.656250000,12.597866960,63,603,489.158730159,1.232728689,9,212,417,30817,979631,0
512,32,211,32,1024,415,2.467469880,30915,982792,0.830401668,78991.562500000,12.441733888,63,605,490.714285714,1.232896652,9,212,415,30915,982792,0
512,32,212,32,1024,383,2.673629243,28365,901622,0.761817773,77340.406250000,11.657838945,63,589,450.238095238,1.308196721,8,212,383,28365,901622,0
512,32,213,32,1024,390,2.625641026,29287,930831,0.786497667,79283.000000000,11.740612742,63,603,464.873015873,1.297128419,9,212,390,29287,930831,0
512,32,214,32,1024,406,2.522167488,29903,950548,0.803157377,79064.812500000,12.022389859,63,600,474.650793651,1.264087215,9,167,406,29903,950548,0
512,32,215,32,1024,392,2.612244898,29465,936705,0.791460853,80042.406250000,11.702609203,63,601,467.698412698,1.285016121,9,212,392,29465,936705,0
512,32,216,32,1024,404,2.534653465,29223,928735,0.784726670,78461.562500000,11.836815001,63,604,463.857142857,1.302125038,9,212,404,29223,928735,0
512,32,217,32,1024,396,2.585858586,29056,923518,0.780318611,76850.531250000,12.017067221,63,613,461.206349206,1.329123073,8,175,396,29056,923518,0
512,32,218,32,1024,399,2.566416040,29579,940380,0.794566013,79954.218750000,11.761480691,63,604,469.507936508,1.286453227,9,167,399,29579,940380,0
512,32,219,32,1024,407,2.515970516,30075,956002,0.807765688,77289.093750000,12.369170780,63,622,477.380952381,1.302942643,9,175,407,30075,956002,0
512,32,220,32,1024,429,2.386946387,31779,1010152,0.853519266,78946.250000000,12.795439935,63,605,504.428571429,1.199376947,9,212,429,31779,1010152,0
512,32,221,32,1024,431,2.375870070,31393,997775,0.843061426,76579.281250000,13.029307454,63,603,498.301587302,1.210110534,9,212,431,31393,997775,0
512,32,222,32,1024,404,2.534653465,29408,934618,0.789697460,76175.031250000,12.269348429,63,615,466.793650794,1.317498640,9,212,404,29408,934618,0
512,32,223,32,1024,421,2.432304038,31010,985711,0.832868052,78730.531250000,12.520060316,63,604,492.222222222,1.227088036,9,175,421,31010,985711,0
512,32,224,32,1024,414,2.473429952,30394,966033,0.816241295,76847.656250000,12.570754232,63,622,482.444444444,1.289267619,9,212,414,30394,966033,0
512,32,225,32,1024,404,2.534653465,29495,937552,0.792176518,78511.187500000,11.941635706,63,613,468.174603175,1.309340566,9,212,404,29495,937552,0
512,32,226,32,1024,416,2.461538462,31052,987134,0.834070404,76970.750000000,12.824793834,63,601,492.888888889,1.219341749,9,212,416,31052,987134,0
512,32,227,32,1024,403,2.540942928,29349,932835,0.788190930,77686.000000000,12.007762016,63,605,465.857142857,1.298681386,9,212,403,29349,932835,0
512,32,228,32,1024,438,2.337899543,32374,1028842,0.869311221,76718.437500000,13.410622447,63,603,513.873015873,1.173441651,9,212,438,32374,1028842,0
512,32,229,32,1024,410,2.497560976,30400,966333,0.816494777,78482.593750000,12.312704688,63,620,482.539682540,1.284868421,9,212,410,30400,966333,0
512,32,230,32,1024,422,2.426540284,30814,979365,0.827506054,76819.781250000,12.748864733,63,613,489.111111111,1.253293957,9,175,422,30814,979365,0
512,32,231,32,1024,402,2.547263682,30251,961700,0.812580164,79596.125000000,12.082246466,63,608,480.174603175,1.266206076,9,175,402,30251,961700,0
512,32,232,32,1024,406,2.522167488,29762,945748,0.799101658,77275.906250000,12.238588273,63,622,472.412698413,1.316645387,9,166,406,29762,945748,0
512,32,233,32,1024,413,2.479418886,30613,973012,0.822138141,75465.343750000,12.893494572,63,603,485.920634921,1.240943390,9,212,413,30613,973012,0
512,32,234,32,1024,396,2.585858586,29550,939307,0.793659391,78042.125000000,12.035897280,63,589,469.047619048,1.255736041,8,175,396,29550,939307,0
512,32,235,32,1024,400,2.560000000,30006,953774,0.805883158,79544.937500000,11.990379652,63,605,476.285714286,1.270245951,9,212,400,30006,953774,0
512,32,236,32,1024,427,2.398126464,31407,998215,0.843433200,77374.218750000,12.901131877,63,620,498.523809524,1.243671793,9,212,427,31407,998215,0
512,32,237,32,1024,419,2.443914081,31008,985778,0.832924663,76761.281250000,12.842125404,63,605,492.190476190,1.229198916,9,212,419,31008,985778,0
512,32,238,32,1024,398,2.572864322,29631,942002,0.795936508,77957.875000000,12.083474569,63,593,470.333333333,1.260807938,9,212,398,29631,942002,0
512,32,239,32,1024,408,2.509803922,30160,958537,0.809907614,76930.500000000,12.459778631,63,597,478.730158730,1.247049072,9,212,408,30160,958537,0
512,32,240,32,1024,387,2.645994832,28610,909391,0.768382123,78224.687500000,11.625370827,63,605,454.126984127,1.332226494,9,167,387,28610,909391,0
512,32,241,32,1024,413,2.479418886,30730,976859,0.825388631,75863.593750000,12.876518917,63,608,487.777777778,1.246469248,9,212,413,30730,976859,0
512,32,242,32,1024,414,2.473429952,30950,983816,0.831266888,80225.718750000,12.263099855,63,609,491.269841270,1.239644588,9,212,414,30950,983816,0
512,32,243,32,1024,431,2.375870070,31866,1012932,0.855868203,75116.843750000,13.484751880,63,613,505.809523810,1.211918659,9,212,431,31866,1012932,0
512,32,244,32,1024,383,2.673629243,28279,898787,0.759422364,74386.343750000,12.082688229,63,589,448.873015873,1.312175112,9,212,383,28279,898787,0
512,32,245,32,1024,394,2.598984772,29319,931962,0.787453296,78971.250000000,11.801282112,63,600,465.380952381,1.289266346,9,212,394,29319,931962,0
512,32,246,32,1024,383,2.673629243,28612,909463,0.768442959,78036.718750000,11.654295754,63,603,454.158730159,1.327729624,9,175,383,28612,909463,0
512,32,247,32,1024,418,2.449760766,30577,971771,0.821089569,74658.687500000,13.016181138,63,605,485.349206349,1.246525166,9,212,418,30577,971771,0
512,32,248,32,1024,395,2.592405063,29540,938971,0.793375490,77955.281250000,12.044995348,63,603,468.888888889,1.286018957,9,212,395,29540,938971,0
512,32,249,32,1024,399,2.566416040,29285,930617,0.786316850,79020.625000000,11.776887363,63,608,464.841269841,1.307973365,9,175,399,29285,930617,0
512,32,250,32,1024,415,2.467469880,30127,957572,0.809092246,76519.156250000,12.514147397,63,620,478.206349206,1.296511435,9,175,415,30127,957572,0
512,32,251,32,1024,438,2.337899543,32663,1038195,0.877213958,76156.156250000,13.632450101,63,620,518.460317460,1.195848514,9,212,438,32663,1038195,0
512,32,252,32,1024,415,2.467469880,30263,961816,0.812678177,76116.531250000,12.636098679,63,590,480.365079365,1.228232495,9,212,415,30263,961816,0
512,32,253,32,1024,431,2.375870070,31757,1009408,0.852890629,77033.468750000,13.103499250,63,600,504.079365079,1.190288755,9,212,431,31757,1009408,0
512,32,254,32,1024,387,2.645994832,28469,904772,0.764479339,76334.968750000,11.852654358,63,593,451.888888889,1.312269486,9,212,387,28469,904772,0
512,32,255,32,1024,401,2.553615960,29890,950081,0.802762789,77477.468750000,12.262674753,63,587,474.444444444,1.237236534,9,175,401,29890,950081,0
512,32,256,32,1024,388,2.639175258,29031,922764,0.779681525,78702.500000000,11.724710143,63,575,460.809523810,1.247804072,9,175,388,29031,922764,0
512,32,257,32,1024,406,2.522167488,30041,954927,0.806857376,77823.281250000,12.270454094,63,600,476.841269841,1.258280350,9,212,406,30041,954927,0
512,32,258,32,1024,418,2.449760766,31092,988250,0.835013359,79543.437500000,12.424029324,63,609,493.523809524,1.233983018,9,175,418,31092,988250,0
512,32,259,32,1024,408,2.509803922,30522,970295,0.819842435,77927.031250000,12.451327664,63,620,484.476190476,1.279732652,9,175,408,30522,970295,0
512,32,260,32,1024,416,2.461538462,30304,963093,0.813757167,76866.750000000,12.529383641,63,605,481.015873016,1.257754752,9,212,416,30304,963093,0
512,32,261,32,1024,430,2.381395349,31757,1009309,0.852806980,78082.312500000,12.926218086,63,620,504.079365079,1.229965047,9,212,430,31757,1009309,0
512,32,262,32,1024,428,2.392523364,31033,986255,0.833327700,74147.781250000,13.301207175,63,611,492.587301587,1.240389263,9,212,428,31033,986255,0
512,32,263,32,1024,398,2.572864322,29536,938829,0.793255509,79071.687500000,11.873137272,63,603,468.825396825,1.286193120,9,175,398,29536,938829,0
512,32,264,32,1024,416,2.461538462,30707,975966,0.824634098,78763.343750000,12.391119441,63,620,487.412698413,1.272022666,9,212,416,30707,975966,0
512,32,265,32,1024,399,2.566416040,29596,940727,0.794859207,80915.656250000,11.626019532,63,611,469.777777778,1.300614948,9,212,399,29596,940727,0
512,32,266,32,1024,422,2.426540284,31275,994050,0.839914019,77313.968750000,12.857314352,63,620,496.428571429,1.248920863,9,175,422,31275,994050,0
512,32,267,32,1024,411,2.491484185,30430,967201,0.817228187,79173.343750000,12.216245446,63,609,483.015873016,1.260828130,9,175,411,30430,967201,0
512,32,268,32,1024,429,2.386946387,31729,1008378,0.852020339,76909.781250000,13.111180186,63,622,503.634920635,1.235021589,9,175,429,31729,1008378,0
512,32,269,32,1024,438,2.337899543,31976,1016320,0.858730864,77323.156250000,13.143798692,63,609,507.555555556,1.199868651,9,212,438,31976,1016320,0
512,32,270,32,1024,432,2.370370370,31596,1004225,0.848511298,76080.125000000,13.199570847,63,611,501.523809524,1.218287125,9,212,432,31596,1004225,0
512,32,271,32,1024,418,2.449760766,30681,975154,0.823948006,75210.781250000,12.965614554,63,609,487.000000000,1.250513347,9,212,418,30681,975154,0
512,32,272,32,1024,413,2.479418886,30493,969268,0.818974680,79055.281250000,12.260635655,63,613,484.015873016,1.266487391,9,212,413,30493,969268,0
512,32,273,32,1024,406,2.522167488,30615,973286,0.822369655,79356.312500000,12.264758396,63,605,485.952380952,1.244977952,9,212,406,30615,973286,0
512,32,274,32,1024,420,2.438095238,31374,997118,0.842506299,80136.187500000,12.442793089,63,620,498.000000000,1.244979920,9,212,420,31374,997118,0
512,32,275,32,1024,409,2.503667482,29940,951558,0.804010768,79411.562500000,11.982612734,63,603,475.238095238,1.268837675,9,212,409,29940,951558,0
512,32,276,32,1024,390,2.625641026,28993,921681,0.778766453,78689.968750000,11.712814411,63,622,460.206349206,1.351567620,9,212,390,28993,921681,0
512,32,277,32,1024,429,2.386946387,31559,1002923,0.847411184,77898.187500000,12.874792498,63,620,500.936507937,1.237681802,9,212,429,31559,1002923,0
512,32,278,32,1024,428,2.392523364,31721,1008405,0.852043153,78351.343750000,12.870296178,63,604,503.507936508,1.199583872,9,175,428,31721,1008405,0
512,32,279,32,1024,396,2.585858586,29316,931963,0.787454141,79102.375000000,11.781732217,63,604,465.333333333,1.297994269,9,212,396,29316,931963,0
512,32,280,32,1024,442,2.316742081,32960,1047766,0.885300892,78246.406250000,13.390595814,63,611,523.174603175,1.167870146,9,212,442,32960,1047766,0
512,32,281,32,1024,415,2.467469880,31029,986343,0.833402055,79106.531250000,12.468540643,63,602,492.523809524,1.222275935,9,212,415,31029,986343,0
512,32,282,32,1024,414,2.473429952,30932,983343,0.830867231,79777.781250000,12.326025926,63,593,490.984126984,1.207778353,9,212,414,30932,983343,0
512,32,283,32,1024,420,2.438095238,30685,975382,0.824140652,75430.968750000,12.930789783,63,613,487.063492063,1.258562816,9,212,420,30685,975382,0
512,32,284,32,1024,408,2.509803922,30419,966968,0.817031315,80811.218750000,11.965764345,63,597,482.841269841,1.236431178,9,212,408,30419,966968,0
512,32,285,32,1024,398,2.572864322,29274,930455,0.786179969,77053.750000000,12.075401911,63,603,464.666666667,1.297704448,9,167,398,29274,930455,0
512,32,286,32,1024,423,2.420803783,31824,1011670,0.854801887,79126.062500000,12.785547114,63,620,505.142857143,1.227375566,9,175,423,31824,1011670,0
512,32,287,32,1024,430,2.381395349,32317,1027195,0.867919602,78901.218750000,13.018746938,63,620,512.968253968,1.208651793,9,212,430,32317,1027195,0
512,32,288,32,1024,420,2.438095238,31071,987777,0.834613701,78516.343750000,12.580527223,63,605,493.190476190,1.226706575,9,175,420,31071,987777,0
512,32,289,32,1024,426,2.403755869,31618,1005036,0.849196545,79410.718750000,12.656175587,63,620,501.873015873,1.235372256,9,212,426,31618,1005036,0
512,32,290,32,1024,418,2.449760766,31134,989621,0.836171773,77907.937500000,12.702441263,63,601,494.190476190,1.216130276,9,212,418,31134,989621,0
512,32,291,32,1024,424,2.415094340,31310,995213,0.840896686,76771.937500000,12.963239335,63,599,496.984126984,1.205269882,9,212,424,31310,995213,0
512,32,292,32,1024,414,2.473429952,30938,983445,0.830953415,78737.812500000,12.490123471,63,603,491.079365079,1.227907428,9,212,414,30938,983445,0
512,32,293,32,1024,394,2.598984772,29219,928677,0.784677663,80240.843750000,11.573619576,63,603,463.793650794,1.300147165,9,175,394,29219,928677,0
512,32,294,32,1024,409,2.503667482,29624,941427,0.795450666,74973.156250000,12.556854307,63,608,470.222222222,1.293005671,9,175,409,29624,941427,0
512,32,295,32,1024,420,2.438095238,31063,987464,0.834349235,78139.625000000,12.637173521,63,611,493.063492063,1.239191321,9,175,420,31063,987464,0
512,32,296,32,1024,386,2.652849741,28285,899122,0.759705420,76784.375000000,11.709700053,63,586,448.968253968,1.305214778,8,175,386,28285,899122,0
512,32,297,32,1024,391,2.618925831,28567,907924,0.767142594,80440.531250000,11.286897114,63,604,453.444444444,1.332026464,9,167,391,28567,907924,0
512,32,298,32,1024,403,2.540942928,29555,939345,0.793691498,75080.250000000,12.511213002,63,611,469.126984127,1.302419218,9,175,403,29555,939345,0
512,32,299,32,1024,429,2.386946387,31250,993151,0.839154416,78363.656250000,12.673617433,63,605,496.031746032,1.219680000,9,212,429,31250,993151,0
512,32,300,32,1024,398,2.572864322,29186,927699,0.783851311,78341.718750000,11.841698329,63,604,463.269841270,1.303775783,9,212,398,29186,927699,0
512,32,301,32,1024,412,2.485436893,30727,976750,0.825296532,78265.593750000,12.479941098,63,613,487.730158730,1.256842516,9,175,412,30727,976750,0
512,32,302,32,1024,404,2.534653465,29727,944874,0.798363179,78434.375000000,12.046682338,63,611,471.857142857,1.294883439,9,212,404,29727,944874,0
512,32,303,32,1024,406,2.522167488,29847,948695,0.801591701,77182.781250000,12.291536851,63,620,473.761904762,1.308674239,9,212,406,29847,948695,0
512,32,304,32,1024,424,2.415094340,31738,1008748,0.852332968,78394.312500000,12.867617150,63,605,503.777777778,1.200926334,9,212,424,31738,1008748,0
512,32,305,32,1024,415,2.467469880,30692,975556,0.824287672,78587.656250000,12.413603440,63,620,487.174603175,1.272644337,9,212,415,30692,975556,0
512,32,306,32,1024,412,2.485436893,30925,983022,0.830596005,78397.875000000,12.538885780,63,620,490.873015873,1.263055780,9,212,412,30925,983022,0
512,32,307,32,1024,404,2.534653465,29228,928764,0.784751173,78330.218750000,11.857033145,63,601,463.936507937,1.295435883,8,166,404,29228,928764,0
512,32,308,32,1024,401,2.553615960,29925,951218,0.803723488,77405.968750000,12.288690593,63,589,475.000000000,1.240000000,9,212,401,29925,951218,0
512,32,309,32,1024,406,2.522167488,29584,940178,0.794395335,76460.468750000,12.296262570,63,603,469.587301587,1.284106274,9,212,406,29584,940178,0
512,32,310,32,1024,431,2.375870070,32216,1024177,0.865369569,78846.812500000,12.989453442,63,604,511.365079365,1.181152222,9,212,431,32216,1024177,0
512,32,311,32,1024,435,2.354022989,31293,994497,0.840291708,74669.781250000,13.318600689,63,609,496.714285714,1.226056946,9,212,435,31293,994497,0
512,32,312,16,512,313,1.635782748,23899,759902,0.642072675,80550.375000000,9.433872903,63,573,391.698412698,1.462860153,8,212,325,24677,784583,512
1024,1,0,32,32,32,1.000000000,1320,41743,0.035270390,1304.468750000,32.000000000,27,100,20.952380952,4.772727273,2,100,32,1320,41743,0
1024,1,1,32,32,32,1.000000000,1591,50413,0.042596032,1575.406250000,32.000000000,30,78,25.253968254,3.088623507,2,78,32,1591,50413,0
1024,1,2,32,32,32,1.000000000,1535,48749,0.041190049,1523.406250000,32.000000000,27,100,24.365079365,4.104234528,2,100,32,1535,48749,0
1024,1,3,32,32,32,1.000000000,1246,39346,0.033245065,1229.562500000,32.000000000,25,77,19.777777778,3.893258427,3,74,32,1246,39346,0
1024,1,4,32,32,32,1.000000000,1473,46680,0.039441865,1458.750000000,32.000000000,28,93,23.380952381,3.977596741,2,93,32,1473,46680,0
1024,1,5,32,32,32,1.000000000,1185,37420,0.031617708,1169.375000000,32.000000000,23,78,18.809523810,4.146835443,3,76,32,1185,37420,0
1024,1,6,32,32,32,1.000000000,1394,44091,0.037254312,1377.843750000,32.000000000,28,88,22.126984127,3.977044476,2,88,32,1394,44091,0
1024,1,7,32,32,31,1.032258065,1575,49953,0.042207359,1625.656250000,30.727898349,28,85,25.000000000,3.400000000,2,85,31,1575,49953,0
1024,1,8,32,32,32,1.000000000,1531,48499,0.040978814,1515.593750000,32.000000000,30,106,24.301587302,4.361854997,2,106,32,1531,48499,0
1024,1,9,32,32,32,1.000000000,1284,40615,0.034317296,1269.218750000,32.000000000,22,88,20.380952381,4.317757009,4,88,32,1284,40615,0
1024,1,10,32,32,32,1.000000000,1249,39557,0.033423348,1236.156250000,32.000000000,26,91,19.825396825,4.590072058,3,91,32,1249,39557,0
1024,1,11,32,32,31,1.032258065,1348,42715,0.036091673,1378.875000000,30.978152479,26,93,21.396825397,4.346439169,3,93,31,1348,42715,0
1024,1,12,32,32,32,1.000000000,1509,47708,0.040310465,1490.875000000,32.000000000,31,93,23.952380952,3.882703777,2,93,32,1509,47708,0
1024,1,13,32,32,32,1.000000000,1279,40430,0.034160982,1263.437500000,32.000000000,26,78,20.301587302,3.842064113,3,61,32,1279,40430,0
1024,1,14,32,32,32,1.000000000,1324,41871,0.035378542,1308.468750000,32.000000000,26,106,21.015873016,5.043806647,3,106,32,1324,41871,0
1024,1,15,32,32,32,1.000000000,1337,42344,0.035778199,1323.250000000,32.000000000,26,76,21.222222222,3.581151832,3,74,32,1337,42344,0
1024,1,16,32,32,32,1.000000000,1438,45432,0.038387379,1419.750000000,32.000000000,26,90,22.825396825,3.942976356,3,90,32,1438,45432,0
1024,1,17,32,32,32,1.000000000,1315,41493,0.035059154,1296.656250000,32.000000000,27,81,20.873015873,3.880608365,2,81,32,1315,41493,0
1024,1,18,32,32,32,1.000000000,1435,45404,0.038363720,1418.875000000,32.000000000,28,93,22.777777778,4.082926829,2,93,32,1435,45404,0
1024,1,19,32,32,31,1.032258065,1468,46469,0.039263583,1499.281250000,30.994184714,28,93,23.301587302,3.991144414,2,93,31,1468,46469,0
1024,1,20,32,32,31,1.032258065,1196,37852,0.031982723,1270.562500000,29.791529342,23,88,18.984126984,4.635451505,3,88,31,1196,37852,0
1024,1,21,32,32,32,1.000000000,1362,43020,0.036349380,1344.375000000,32.000000000,26,79,21.619047619,3.654185022,2,72,32,1362,43020,0
1024,1,22,32,32,31,1.032258065,1444,45771,0.038673814,1465.062500000,31.241670577,26,100,22.920634921,4.362880886,2,100,31,1444,45771,0
1024,1,23,32,32,32,1.000000000,1452,45930,0.038808159,1435.312500000,32.000000000,27,100,23.047619048,4.338842975,2,100,32,1452,45930,0
1024,1,24,32,32,31,1.032258065,1364,43166,0.036472741,1411.500000000,30.581650726,25,100,21.650793651,4.618768328,2,100,31,1364,43166,0
1024,1,25,32,32,32,1.000000000,1394,44164,0.037315993,1380.125000000,32.000000000,25,88,22.126984127,3.977044476,2,88,32,1394,44164,0
1024,1,26,32,32,31,1.032258065,1519,48040,0.040590986,1584.500000000,30.318712528,28,106,24.111111111,4.396313364,2,106,31,1519,48040,0
1024,1,27,32,32,32,1.000000000,1405,44562,0.037652280,1392.562500000,32.000000000,27,90,22.301587302,4.035587189,3,90,32,1405,44562,0
1024,1,28,32,32,29,1.103448276,1402,44419,0.037531453,1614.125000000,27.518934407,25,106,22.253968254,4.763195435,3,106,29,1402,44419,0
1024,1,29,32,32,31,1.032258065,1454,46106,0.038956869,1505.437500000,30.626312949,27,93,23.079365079,4.029573590,3,93,31,1454,46106,0
1024,1,30,32,32,32,1.000000000,1346,42550,0.035952257,1329.687500000,32.000000000,28,77,21.365079365,3.604011887,2,77,32,1346,42550,0
1024,1,31,32,32,32,1.000000000,1328,42001,0.035488385,1312.531250000,32.000000000,26,100,21.079365079,4.743975904,3,100,32,1328,42001,0
1024,1,32,32,32,32,1.000000000,1312,41529,0.035089572,1297.781250000,32.000000000,26,88,20.825396825,4.225609756,3,88,32,1312,41529,0
1024,1,33,32,32,30,1.066666667,1361,43010,0.036340930,1430.562500000,30.065096771,26,106,21.603174603,4.906686260,2,106,30,1361,43010,0
1024,1,34,32,32,32,1.000000000,1420,44977,0.038002930,1405.531250000,32.000000000,26,87,22.539682540,3.859859155,2,87,32,1420,44977,0
1024,1,35,32,32,32,1.000000000,1449,45833,0.038726200,1432.281250000,32.000000000,30,87,23.000000000,3.782608696,2,87,32,1449,45833,0
1024,1,36,32,32,32,1.000000000,1480,46832,0.039570297,1463.500000000,32.000000000,27,100,23.492063492,4.256756757,2,100,32,1480,46832,0
1024,1,37,32,32,31,1.032258065,1254,39625,0.033480804,1286.312500000,30.805111511,24,78,19.904761905,3.918660287,2,74,31,1254,39625,0
1024,1,38,32,32,31,1.032258065,1394,44152,0.037305854,1453.343750000,30.379598770,27,85,22.126984127,3.841463415,2,85,31,1394,44152,0
1024,1,39,32,32,32,1.000000000,1440,45613,0.038540313,1425.406250000,32.000000000,27,87,22.857142857,3.806250000,3,87,32,1440,45613,0
1024,1,40,32,32,32,1.000000000,1335,42229,0.035681031,1319.656250000,32.000000000,27,74,21.190476190,3.492134831,2,74,32,1335,42229,0
1024,1,41,32,32,32,1.000000000,1162,36718,0.031024559,1147.437500000,32.000000000,24,78,18.444444444,4.228915663,3,74,32,1162,36718,0
1024,1,42,32,32,32,1.000000000,1361,43017,0.036346845,1344.281250000,32.000000000,27,93,21.603174603,4.304922851,2,93,32,1361,43017,0
1024,1,43,32,32,30,1.066666667,1314,41554,0.035110696,1374.500000000,30.232084394,25,78,20.857142857,3.739726027,2,78,30,1314,41554,0
1024,1,44,32,32,32,1.000000000,1282,40526,0.034242096,1266.437500000,32.000000000,25,81,20.349206349,3.980499220,3,81,32,1282,40526,0
1024,1,45,32,32,32,1.000000000,1385,43807,0.037014349,1368.968750000,32.000000000,25,93,21.984126984,4.230324910,2,93,32,1385,43807,0
1024,1,46,32,32,32,1.000000000,1368,43282,0.036570755,1352.562500000,32.000000000,27,84,21.714285714,3.868421053,2,84,32,1368,43282,0
1024,1,47,32,32,32,1.000000000,1460,46204,0.039039673,1443.875000000,32.000000000,27,87,23.174603175,3.754109589,2,87,32,1460,46204,0
1024,1,48,32,32,30,1.066666667,1142,36109,0.030509990,1174.843750000,30.735150951,20,78,18.126984127,4.302977233,3,67,30,1142,36109,0
1024,1,49,32,32,30,1.066666667,1292,40798,0.034471920,1339.656250000,30.454081038,25,93,20.507936508,4.534829721,3,93,30,1292,40798,0
1024,1,50,32,32,32,1.000000000,1407,44484,0.037586374,1390.125000000,32.000000000,28,93,22.333333333,4.164179104,2,93,32,1407,44484,0
1024,1,51,32,32,32,1.000000000,1364,43177,0.036482036,1349.281250000,32.000000000,27,90,21.650793651,4.156891496,3,90,32,1364,43177,0
1024,1,52,32,32,32,1.000000000,1362,43062,0.036384867,1345.687500000,32.000000000,28,87,21.619047619,4.024229075,2,87,32,1362,43062,0
1024,1,53,32,32,31,1.032258065,1372,43374,0.036648489,1415.687500000,30.638117522,27,100,21.777777778,4.591836735,3,100,31,1372,43374,0
1024,1,54,32,32,31,1.032258065,1379,43646,0.036878313,1411.156250000,30.929246850,27,85,21.888888889,3.883248731,2,85,31,1379,43646,0
1024,1,55,32,32,32,1.000000000,1307,41339,0.034929033,1291.843750000,32.000000000,25,76,20.746031746,3.663351186,2,73,32,1307,41339,0
1024,1,56,32,32,31,1.032258065,1398,44285,0.037418231,1435.500000000,30.849878091,27,106,22.190476190,4.776824034,2,106,31,1398,44285,0
1024,1,57,32,32,32,1.000000000,1329,42064,0.035541616,1314.500000000,32.000000000,25,76,21.095238095,3.602708804,2,72,32,1329,42064,0
1024,1,58,32,32,32,1.000000000,1353,42717,0.036093363,1334.906250000,32.000000000,27,79,21.476190476,3.678492239,2,79,32,1353,42717,0
1024,1,59,32,32,32,1.000000000,1452,46003,0.038869840,1437.593750000,32.000000000,28,93,23.047619048,4.035123967,2,93,32,1452,46003,0
1024,1,60,32,32,32,1.000000000,1389,43909,0.037100533,1372.156250000,32.000000000,26,79,22.047619048,3.583153348,2,79,32,1389,43909,0
1024,1,61,32,32,30,1.066666667,1556,49280,0.041638713,1602.312500000,30.755548621,27,84,24.698412698,3.401028278,2,84,30,1556,49280,0
1024,1,62,32,32,32,1.000000000,1471,46555,0.039336248,1454.843750000,32.000000000,28,87,23.349206349,3.726036710,2,87,32,1471,46555,0
1024,1,63,32,32,32,1.000000000,1552,49109,0.041494228,1534.656250000,32.000000000,31,93,24.634920635,3.775128866,2,93,32,1552,49109,0
1024,1,64,32,32,31,1.032258065,1314,41525,0.035086192,1374.968750000,30.200686379,28,78,20.857142857,3.739726027,2,78,31,1314,41525,0
1024,1,65,32,32,31,1.032258065,1396,44152,0.037305854,1431.343750000,30.846538436,28,77,22.158730159,3.474928367,2,73,31,1396,44152,0
1024,1,66,32,32,31,1.032258065,1291,40834,0.034502338,1339.000000000,30.495892457,24,80,20.492063492,3.903950426,2,71,31,1291,40834,0
1024,1,67,32,32,32,1.000000000,1442,45723,0.038633257,1428.843750000,32.000000000,26,100,22.888888889,4.368932039,3,100,32,1442,45723,0
1024,1,68,32,32,30,1.066666667,1320,41760,0.035284754,1390.562500000,30.031012630,26,85,20.952380952,4.056818182,2,85,30,1320,41760,0
1024,1,69,32,32,31,1.032258065,1194,37789,0.031929491,1216.875000000,31.054134566,24,69,18.952380952,3.640703518,3,65,31,1194,37789,0
1024,1,70,32,32,32,1.000000000,1440,45577,0.038509895,1424.281250000,32.000000000,30,100,22.857142857,4.375000000,2,100,32,1440,45577,0
1024,1,71,32,32,31,1.032258065,1458,46179,0.039018550,1488.312500000,31.027757947,27,93,23.142857143,4.018518519,2,93,31,1458,46179,0
1024,1,72,32,32,32,1.000000000,1349,42642,0.036029992,1332.562500000,32.000000000,26,106,21.412698413,4.950333580,2,106,32,1349,42642,0
1024,1,73,32,32,32,1.000000000,1446,45645,0.038567351,1426.406250000,32.000000000,27,93,22.952380952,4.051867220,2,93,32,1446,45645,0
1024,1,74,32,32,32,1.000000000,1458,46183,0.039021930,1443.218750000,32.000000000,28,87,23.142857143,3.759259259,2,87,32,1458,46183,0
1024,1,75,32,32,32,1.000000000,1422,44997,0.038019829,1406.156250000,32.000000000,28,106,22.571428571,4.696202532,2,106,32,1422,44997,0
1024,1,76,32,32,30,1.066666667,1271,40237,0.033997908,1339.187500000,30.045830028,24,85,20.174603175,4.213217939,2,85,30,1271,40237,0
1024,1,77,32,32,32,1.000000000,1431,45334,0.038304574,1416.687500000,32.000000000,26,100,22.714285714,4.402515723,2,100,32,1431,45334,0
1024,1,78,32,32,32,1.000000000,1541,48832,0.041260179,1526.000000000,32.000000000,28,106,24.460317460,4.333549643,2,106,32,1541,48832,0
1024,1,79,32,32,32,1.000000000,1355,42730,0.036104347,1335.312500000,32.000000000,28,78,21.507936508,3.626568266,2,73,32,1355,42730,0
1024,1,80,32,32,31,1.032258065,1365,43199,0.036500624,1420.812500000,30.404434083,25,91,21.666666667,4.200000000,3,91,31,1365,43199,0
1024,1,81,32,32,31,1.032258065,1220,38499,0.032529400,1258.437500000,30.592699280,26,83,19.365079365,4.286065574,2,83,31,1220,38499,0
1024,1,82,32,32,32,1.000000000,1432,45402,0.038362030,1418.812500000,32.000000000,27,80,22.730158730,3.519553073,2,73,32,1432,45402,0
1024,1,83,32,32,32,1.000000000,1503,47624,0.040239490,1488.250000000,32.000000000,29,79,23.857142857,3.311377246,2,79,32,1503,47624,0
1024,1,84,32,32,32,1.000000000,1512,47906,0.040477764,1497.062500000,32.000000000,30,106,24.000000000,4.416666667,2,106,32,1512,47906,0
1024,1,85,32,32,31,1.032258065,1501,47554,0.040180344,1545.750000000,30.764353874,29,84,23.825396825,3.525649567,2,84,31,1501,47554,0
1024,1,86,32,32,32,1.000000000,1339,42309,0.035748627,1322.156250000,32.000000000,27,90,21.253968254,4.234503361,2,90,32,1339,42309,0
1024,1,87,32,32,31,1.032258065,1402,44326,0.037452873,1468.437500000,30.185826772,27,93,22.253968254,4.179029957,2,93,31,1402,44326,0
1024,1,88,32,32,30,1.066666667,1180,37338,0.031548423,1281.125000000,29.144697044,21,88,18.730158730,4.698305085,3,88,30,1180,37338,0
1024,1,89,32,32,31,1.032258065,1364,43197,0.036498935,1369.843750000,31.534253450,28,85,21.650793651,3.925953079,2,85,31,1364,43197,0
1024,1,90,32,32,32,1.000000000,1238,39149,0.033078612,1223.406250000,32.000000000,25,81,19.650793651,4.121970921,3,59,32,1238,39149,0
1024,1,91,32,32,31,1.032258065,1331,42109,0.035579638,1400.437500000,30.068460749,26,90,21.126984127,4.259954921,2,90,31,1331,42109,0
1024,1,92,32,32,32,1.000000000,1194,37648,0.031810355,1176.500000000,32.000000000,22,81,18.952380952,4.273869347,3,81,32,1194,37648,0
1024,1,93,32,32,31,1.032258065,1365,43156,0.036464292,1389.562500000,31.057257230,28,100,21.666666667,4.615384615,2,100,31,1365,43156,0
1024,1,94,32,32,31,1.032258065,1271,40115,0.033894825,1359.343750000,29.510563461,26,106,20.174603175,5.254130606,2,106,31,1271,40115,0
1024,1,95,32,32,31,1.032258065,1475,46619,0.039390324,1481.000000000,31.478055368,28,106,23.412698413,4.527457627,2,106,31,1475,46619,0
1024,1,96,32,32,32,1.000000000,1409,44568,0.037657349,1392.750000000,32.000000000,29,74,22.365079365,3.308729595,2,74,32,1409,44568,0
1024,1,97,32,32,31,1.032258065,1373,43506,0.036760021,1394.093750000,31.207370380,26,93,21.793650794,4.267297888,2,93,31,1373,43506,0
1024,1,98,32,32,31,1.032258065,1248,39369,0.033264499,1260.593750000,31.230521332,26,74,19.809523810,3.735576923,2,74,31,1248,39369,0
1024,1,99,32,32,31,1.032258065,1316,41545,0.035103091,1358.531250000,30.580820279,26,77,20.888888889,3.686170213,3,66,31,1316,41545,0
1024,1,100,32,32,30,1.066666667,1251,39594,0.033454611,1372.312500000,28.852028966,27,106,19.857142857,5.338129496,2,106,30,1251,39594,0
1024,1,101,32,32,32,1.000000000,1458,46187,0.039025309,1443.343750000,32.000000000,25,100,23.142857143,4.320987654,2,100,32,1458,46187,0
1024,1,102,32,32,32,1.000000000,1364,43034,0.036361209,1344.812500000,32.000000000,27,79,21.650793651,3.648826979,2,79,32,1364,43034,0
1024,1,103,32,32,31,1.032258065,1534,48576,0.041043874,1623.156250000,29.926878574,30,106,24.349206349,4.353324641,2,106,31,1534,48576,0
1024,1,104,32,32,32,1.000000000,1482,46872,0.039604094,1464.750000000,32.000000000,28,106,23.523809524,4.506072874,3,106,32,1482,46872,0
1024,1,105,32,32,31,1.032258065,1438,45622,0.038547917,1475.093750000,30.928203716,27,91,22.825396825,3.986787204,2,91,31,1438,45622,0
1024,1,106,32,32,32,1.000000000,1456,46160,0.039002496,1442.500000000,32.000000000,30,77,23.111111111,3.331730769,2,77,32,1456,46160,0
1024,1,107,32,32,32,1.000000000,1400,44288,0.037420766,1384.000000000,32.000000000,31,75,22.222222222,3.375000000,2,66,32,1400,44288,0
1024,1,108,32,32,32,1.000000000,1382,43696,0.036920560,1365.500000000,32.000000000,29,91,21.936507937,4.148335745,2,91,32,1382,43696,0
1024,1,109,32,32,32,1.000000000,1291,40845,0.034511632,1276.406250000,32.000000000,28,83,20.492063492,4.050348567,2,83,32,1291,40845,0
1024,1,110,32,32,32,1.000000000,1498,47424,0.040070502,1482.000000000,32.000000000,29,100,23.777777778,4.205607477,2,100,32,1498,47424,0
1024,1,111,32,32,31,1.032258065,1339,42259,0.035706379,1376.093750000,30.709390258,26,106,21.253968254,4.987303958,3,106,31,1339,42259,0
1024,1,112,32,32,31,1.032258065,1326,42001,0.035488385,1394.687500000,30.114989917,27,91,21.047619048,4.323529412,2,91,31,1326,42001,0
1024,1,113,32,32,32,1.000000000,1347,42634,0.036023233,1332.312500000,32.000000000,27,83,21.380952381,3.881959911,2,73,32,1347,42634,0
1024,1,114,32,32,31,1.032258065,1557,49216,0.041584637,1583.031250000,31.089721065,27,88,24.714285714,3.560693642,2,88,31,1557,49216,0
1024,1,115,32,32,31,1.032258065,1308,41335,0.034925654,1340.250000000,30.841260959,28,93,20.761904762,4.479357798,2,93,31,1308,41335,0
1024,1,116,32,32,31,1.032258065,1180,37219,0.031447875,1195.187500000,31.140720598,22,93,18.730158730,4.965254237,3,93,31,1180,37219,0
1024,1,117,32,32,31,1.032258065,1261,39803,0.033631203,1277.750000000,31.150851105,25,106,20.015873016,5.295796987,2,106,31,1261,39803,0
1024,1,118,32,32,32,1.000000000,1469,46506,0.039294846,1453.312500000,32.000000000,26,83,23.317460317,3.559564329,2,79,32,1469,46506,0
1024,1,119,32,32,30,1.066666667,1403,44500,0.037599893,1487.562500000,29.914709466,27,93,22.269841270,4.176051319,2,93,30,1403,44500,0
1024,1,120,32,32,32,1.000000000,1426,45133,0.038134741,1410.406250000,32.000000000,28,76,22.634920635,3.357643759,2,76,32,1426,45133,0
1024,1,121,32,32,31,1.032258065,1181,37319,0.031532369,1189.937500000,31.362151373,23,80,18.746031746,4.267569856,3,76,31,1181,37319,0
1024,1,122,32,32,31,1.032258065,1270,40139,0.033915104,1297.812500000,30.928196484,24,81,20.158730159,4.018110236,2,81,31,1270,40139,0
1024,1,123,32,32,32,1.000000000,1542,48838,0.041265249,1526.187500000,32.000000000,29,106,24.476190476,4.330739300,2,106,32,1542,48838,0
1024,1,124,32,32,31,1.032258065,1305,41264,0.034865663,1362.375000000,30.288283329,28,80,20.714285714,3.862068966,2,73,31,1305,41264,0
1024,1,125,32,32,32,1.000000000,1462,46267,0.039092905,1445.843750000,32.000000000,26,80,23.206349206,3.447332421,2,78,32,1462,46267,0
1024,1,126,32,32,32,1.000000000,1378,43653,0.036884228,1364.156250000,32.000000000,26,88,21.873015873,4.023222061,2,88,32,1378,43653,0
1024,1,127,32,32,32,1.000000000,1172,37076,0.031327048,1158.625000000,32.000000000,25,75,18.603174603,4.031569966,2,73,32,1172,37076,0
1024,1,128,32,32,31,1.032258065,1362,43125,0.036438099,1437.656250000,29.996739485,26,90,21.619047619,4.162995595,2,90,31,1362,43125,0
1024,1,129,32,32,32,1.000000000,1578,50102,0.042333255,1565.687500000,32.000000000,28,106,25.047619048,4.231939163,2,106,32,1578,50102,0
1024,1,130,32,32,31,1.032258065,1459,46248,0.039076851,1521.375000000,30.398816860,28,93,23.158730159,4.015764222,2,93,31,1459,46248,0
1024,1,131,32,32,31,1.032258065,1228,38743,0.032735565,1303.406250000,29.724423985,25,93,19.492063492,4.771172638,3,93,31,1228,38743,0
1024,1,132,32,32,32,1.000000000,1286,40674,0.034367147,1271.062500000,32.000000000,27,106,20.412698413,5.192846034,2,106,32,1286,40674,0
1024,1,133,32,32,31,1.032258065,1304,41180,0.034794688,1350.593750000,30.490293621,28,77,20.698412698,3.720092025,2,77,31,1304,41180,0
1024,1,134,32,32,32,1.000000000,1360,42960,0.036298683,1342.500000000,32.000000000,25,80,21.587301587,3.705882353,2,74,32,1360,42960,0
1024,1,135,32,32,32,1.000000000,1473,46602,0.039375960,1456.312500000,32.000000000,28,106,23.380952381,4.533604888,2,106,32,1473,46602,0
1024,1,136,32,32,32,1.000000000,1586,50284,0.042487034,1571.375000000,32.000000000,28,106,25.174603175,4.210592686,2,106,32,1586,50284,0
1024,1,137,32,32,31,1.032258065,1394,44129,0.037286420,1409.625000000,31.305489049,27,85,22.126984127,3.841463415,2,85,31,1394,44129,0
1024,1,138,32,32,32,1.000000000,1432,45401,0.038361185,1418.781250000,32.000000000,28,93,22.730158730,4.091480447,2,93,32,1432,45401,0
1024,1,139,32,32,31,1.032258065,1442,45646,0.038568196,1502.343750000,30.383192928,27,93,22.888888889,4.063106796,2,93,31,1442,45646,0
1024,1,140,32,32,32,1.000000000,1507,47750,0.040345953,1492.187500000,32.000000000,31,81,23.920634921,3.386197744,2,81,32,1507,47750,0
1024,1,141,32,32,32,1.000000000,1468,46411,0.039214576,1450.343750000,32.000000000,28,93,23.301587302,3.991144414,2,93,32,1468,46411,0
1024,1,142,32,32,31,1.032258065,1347,42574,0.035972536,1371.156250000,31.049707136,28,76,21.380952381,3.554565702,3,71,31,1347,42574,0
1024,1,143,32,32,30,1.066666667,1245,39439,0.033323645,1388.531250000,28.403393874,27,87,19.761904762,4.402409639,2,87,30,1245,39439,0
1024,1,144,32,32,31,1.032258065,1219,38548,0.032570802,1250.062500000,30.836858157,24,100,19.349206349,5.168170632,3,100,31,1219,38548,0
1024,1,145,32,32,31,1.032258065,1218,38468,0.032503207,1245.968750000,30.873968549,24,78,19.333333333,4.034482759,2,66,31,1218,38468,0
1024,1,146,32,32,31,1.032258065,1448,45744,0.038651000,1470.750000000,31.102498725,30,87,22.984126984,3.785220994,2,87,31,1448,45744,0
1024,1,147,32,32,32,1.000000000,1413,44769,0.037827182,1399.031250000,32.000000000,27,106,22.428571429,4.726114650,2,106,32,1413,44769,0
1024,1,148,32,32,30,1.066666667,1409,44646,0.037723255,1489.125000000,29.981364895,28,93,22.365079365,4.158268275,2,93,30,1409,44646,0
1024,1,149,32,32,32,1.000000000,1421,44987,0.038011380,1405.843750000,32.000000000,28,76,22.555555556,3.369458128,2,66,32,1421,44987,0
1024,1,150,32,32,32,1.000000000,1411,44554,0.037645520,1392.312500000,32.000000000,27,81,22.396825397,3.616583983,2,77,32,1411,44554,0
1024,1,151,32,32,31,1.032258065,1160,36604,0.030928236,1177.250000000,31.092801019,27,78,18.412698413,4.236206897,3,66,31,1160,36604,0
1024,1,152,32,32,32,1.000000000,1508,47816,0.040401719,1494.250000000,32.000000000,28,85,23.936507937,3.551061008,3,85,32,1508,47816,0
1024,1,153,32,32,32,1.000000000,1437,45500,0.038444835,1421.875000000,32.000000000,28,100,22.809523810,4.384133612,2,100,32,1437,45500,0
1024,1,154,32,32,32,1.000000000,1296,40940,0.034591902,1279.375000000,32.000000000,25,106,20.571428571,5.152777778,2,106,32,1296,40940,0
1024,1,155,32,32,31,1.032258065,1311,41467,0.035037186,1371.718750000,30.229957854,24,85,20.809523810,4.084668192,3,85,31,1311,41467,0
1024,1,156,32,32,32,1.000000000,1362,43018,0.036347690,1344.312500000,32.000000000,26,77,21.619047619,3.561674009,2,76,32,1362,43018,0
1024,1,157,32,32,30,1.066666667,1381,43693,0.036918025,1463.625000000,29.852592023,27,106,21.920634921,4.835626358,2,106,30,1381,43693,0
1024,1,158,32,32,32,1.000000000,1292,40821,0.034491354,1275.656250000,32.000000000,28,76,20.507936508,3.705882353,2,76,32,1292,40821,0
1024,1,159,32,32,32,1.000000000,1462,46257,0.039084455,1445.531250000,32.000000000,27,93,23.206349206,4.007523940,2,93,32,1462,46257,0
1024,1,160,32,32,31,1.032258065,1331,42008,0.035494299,1405.437500000,29.889625117,28,93,21.126984127,4.401953418,2,93,31,1331,42008,0
1024,1,161,32,32,30,1.066666667,1129,35638,0.030112022,1171.437500000,30.422451048,21,85,17.920634921,4.743135518,2,85,30,1129,35638,0
1024,1,162,32,32,29,1.103448276,1450,45960,0.038833508,1560.250000000,29.456817818,26,100,23.015873016,4.344827586,2,100,29,1450,45960,0
1024,1,163,32,32,32,1.000000000,1622,51437,0.043461252,1607.406250000,32.000000000,31,106,25.746031746,4.117139334,2,106,32,1622,51437,0
1024,1,164,32,32,31,1.032258065,1369,43303,0.036588498,1443.218750000,30.004460516,28,90,21.730158730,4.141709277,2,90,31,1369,43303,0
1024,1,165,32,32,32,1.000000000,1474,46622,0.039392859,1456.937500000,32.000000000,26,84,23.396825397,3.590230665,3,84,32,1474,46622,0
1024,1,166,32,32,32,1.000000000,1506,47713,0.040314690,1491.031250000,32.000000000,27,106,23.904761905,4.434262948,3,106,32,1506,47713,0
1024,1,167,32,32,31,1.032258065,1438,45503,0.038447369,1477.906250000,30.788827099,28,106,22.825396825,4.643949930,3,106,31,1438,45503,0
1024,1,168,32,32,32,1.000000000,1535,48529,0.041004162,1516.531250000,32.000000000,30,100,24.365079365,4.104234528,2,100,32,1535,48529,0
1024,1,169,32,32,29,1.103448276,1326,41978,0.035468951,1493.562500000,28.105954722,27,76,21.047619048,3.610859729,2,73,29,1326,41978,0
1024,1,170,32,32,31,1.032258065,1304,41307,0.034901995,1324.281250000,31.192014536,23,78,20.698412698,3.768404908,2,78,31,1304,41307,0
1024,1,171,32,32,31,1.032258065,1355,42841,0.036198135,1364.875000000,31.388222365,24,88,21.507936508,4.091512915,3,88,31,1355,42841,0
1024,1,172,32,32,31,1.032258065,1341,42365,0.035795943,1402.250000000,30.212159030,26,85,21.285714286,3.993288591,2,85,31,1341,42365,0
1024,1,173,32,32,32,1.000000000,1257,39796,0.033625289,1243.625000000,32.000000000,26,81,19.952380952,4.059665871,2,79,32,1257,39796,0
1024,1,174,32,32,30,1.066666667,1255,39677,0.033524741,1329.593750000,29.841445930,27,93,19.920634921,4.668525896,2,93,30,1255,39677,0
1024,1,175,32,32,32,1.000000000,1405,44480,0.037582994,1390.000000000,32.000000000,25,93,22.301587302,4.170106762,2,93,32,1405,44480,0
1024,1,176,32,32,30,1.066666667,1335,42319,0.035757076,1396.281250000,30.308363734,23,106,21.190476190,5.002247191,2,106,30,1335,42319,0
1024,1,177,32,32,32,1.000000000,1338,42382,0.035810307,1324.437500000,32.000000000,28,90,21.238095238,4.237668161,2,90,32,1338,42382,0
1024,1,178,32,32,32,1.000000000,1328,41970,0.035462191,1311.562500000,32.000000000,25,81,21.079365079,3.842620482,3,81,32,1328,41970,0
1024,1,179,32,32,31,1.032258065,1416,44760,0.037819578,1461.906250000,30.617558410,26,106,22.476190476,4.716101695,2,106,31,1416,44760,0
1024,1,180,32,32,30,1.066666667,1318,41742,0.035269545,1428.437500000,29.222139576,27,79,20.920634921,3.776176024,2,79,30,1318,41742,0
1024,1,181,32,32,32,1.000000000,1667,52804,0.044616287,1650.125000000,32.000000000,29,100,26.460317460,3.779244151,2,100,32,1667,52804,0
1024,1,182,32,32,32,1.000000000,1436,45517,0.038459199,1422.406250000,32.000000000,27,93,22.793650794,4.080083565,2,93,32,1436,45517,0
1024,1,183,32,32,31,1.032258065,1345,42492,0.035903251,1362.062500000,31.196806314,27,81,21.349206349,3.794052045,2,81,31,1345,42492,0
1024,1,184,32,32,32,1.000000000,1439,45646,0.038568196,1426.437500000,32.000000000,28,77,22.841269841,3.371091035,2,77,32,1439,45646,0
1024,1,185,32,32,31,1.032258065,1352,42861,0.036215034,1372.312500000,31.232682060,28,77,21.460317460,3.588017751,2,77,31,1352,42861,0
1024,1,186,32,32,31,1.032258065,1427,45156,0.038154175,1457.187500000,30.988462363,28,93,22.650793651,4.105816398,2,93,31,1427,45156,0
1024,1,187,32,32,32,1.000000000,1250,39593,0.033453766,1237.281250000,32.000000000,27,78,19.841269841,3.931200000,2,71,32,1250,39593,0
1024,1,188,32,32,32,1.000000000,1532,48488,0.040969520,1515.250000000,32.000000000,31,106,24.317460317,4.359007833,2,106,32,1532,48488,0
1024,1,189,32,32,31,1.032258065,1467,46482,0.039274567,1497.031250000,31.049452040,27,90,23.285714286,3.865030675,3,90,31,1467,46482,0
1024,1,190,32,32,32,1.000000000,1454,45949,0.038824213,1435.906250000,32.000000000,29,87,23.079365079,3.769601100,2,87,32,1454,45949,0
1024,1,191,32,32,31,1.032258065,1424,45063,0.038075595,1468.437500000,30.687720792,27,83,22.603174603,3.672050562,2,79,31,1424,45063,0
1024,1,192,32,32,31,1.032258065,1262,39890,0.033704713,1287.281250000,30.987789187,25,75,20.031746032,3.744057052,3,74,31,1262,39890,0
1024,1,193,32,32,30,1.066666667,1242,39192,0.033114944,1366.937500000,28.671391340,27,83,19.714285714,4.210144928,2,83,30,1242,39192,0
1024,1,194,32,32,30,1.066666667,1266,40160,0.033932847,1334.562500000,30.092258699,27,84,20.095238095,4.180094787,2,84,30,1266,40160,0
1024,1,195,32,32,31,1.032258065,1368,43208,0.036508229,1400.750000000,30.846332322,29,79,21.714285714,3.638157895,2,79,31,1368,43208,0
1024,1,196,32,32,32,1.000000000,1411,44567,0.037656504,1392.718750000,32.000000000,26,78,22.396825397,3.482636428,2,76,32,1411,44567,0
1024,1,197,32,32,31,1.032258065,1459,46265,0.039091215,1478.781250000,31.285898438,28,93,23.158730159,4.015764222,2,93,31,1459,46265,0
1024,1,198,32,32,32,1.000000000,1405,44354,0.037476532,1386.062500000,32.000000000,29,100,22.301587302,4.483985765,2,100,32,1405,44354,0
1024,1,199,32,32,32,1.000000000,1404,44474,0.037577925,1389.812500000,32.000000000,28,78,22.285714286,3.500000000,2,73,32,1404,44474,0
1024,1,200,32,32,32,1.000000000,1489,47271,0.039941226,1477.218750000,32.000000000,27,90,23.634920635,3.807924782,2,90,32,1489,47271,0
1024,1,201,32,32,30,1.066666667,1385,43832,0.037035472,1455.562500000,30.113444115,27,75,21.984126984,3.411552347,2,72,30,1385,43832,0
1024,1,202,32,32,30,1.066666667,1338,42385,0.035812842,1447.687500000,29.277727410,25,85,21.238095238,4.002242152,2,85,30,1338,42385,0
1024,1,203,32,32,32,1.000000000,1253,39629,0.033484184,1238.406250000,32.000000000,26,93,19.888888889,4.675977654,2,93,32,1253,39629,0
1024,1,204,32,32,31,1.032258065,1427,45152,0.038150795,1447.437500000,31.194438447,26,106,22.650793651,4.679747722,2,106,31,1427,45152,0
1024,1,205,32,32,32,1.000000000,1500,47459,0.040100075,1483.093750000,32.000000000,28,106,23.809523810,4.452000000,2,106,32,1500,47459,0
1024,1,206,32,32,30,1.066666667,1081,34142,0.028847990,1151.500000000,29.650021711,25,75,17.158730159,4.370952821,2,71,30,1081,34142,0
1024,1,207,32,32,32,1.000000000,1401,44366,0.037486671,1386.437500000,32.000000000,27,90,22.238095238,4.047109208,2,90,32,1401,44366,0
1024,1,208,32,32,30,1.066666667,1268,40100,0.033882151,1332.312500000,30.098043815,22,83,20.126984127,4.123817035,3,83,30,1268,40100,0
1024,1,209,32,32,32,1.000000000,1600,50728,0.042862188,1585.250000000,32.000000000,29,93,25.396825397,3.661875000,2,93,32,1600,50728,0
1024,1,210,32,32,32,1.000000000,1428,45128,0.038130516,1410.250000000,32.000000000,29,106,22.666666667,4.676470588,2,106,32,1428,45128,0
1024,1,211,32,32,30,1.066666667,1444,45737,0.038645086,1517.500000000,30.139703460,25,88,22.920634921,3.839335180,2,88,30,1444,45737,0
1024,1,212,32,32,32,1.000000000,1472,46508,0.039296536,1453.375000000,32.000000000,27,78,23.365079365,3.338315217,2,78,32,1472,46508,0
1024,1,213,32,32,32,1.000000000,1478,46799,0.039542414,1462.468750000,32.000000000,28,85,23.460317460,3.623139378,2,85,32,1478,46799,0
1024,1,214,32,32,31,1.032258065,1212,38271,0.032336753,1232.281250000,31.057033449,24,79,19.238095238,4.106435644,2,79,31,1212,38271,0
1024,1,215,32,32,31,1.032258065,1336,42251,0.035699620,1391.031250000,30.373868308,25,85,21.206349206,4.008233533,3,85,31,1336,42251,0
1024,1,216,32,32,31,1.032258065,1446,45687,0.038602839,1532.875000000,29.804778602,27,106,22.952380952,4.618257261,2,106,31,1446,45687,0
1024,1,217,32,32,32,1.000000000,1489,47131,0.039822934,1472.843750000,32.000000000,28,93,23.634920635,3.934855608,2,93,32,1489,47131,0
1024,1,218,32,32,30,1.066666667,1298,40964,0.034612180,1416.906250000,28.910875367,25,78,20.603174603,3.785824345,2,78,30,1298,40964,0
1024,1,219,32,32,30,1.066666667,1270,40184,0.033953126,1375.812500000,29.207468314,24,106,20.158730159,5.258267717,2,106,30,1270,40184,0
1024,1,220,32,32,31,1.032258065,1463,46324,0.039141066,1547.093750000,29.942593977,28,100,23.222222222,4.306220096,2,100,31,1463,46324,0
1024,1,221,32,32,32,1.000000000,1344,42561,0.035961552,1330.031250000,32.000000000,28,100,21.333333333,4.687500000,2,100,32,1344,42561,0
1024,1,222,32,32,31,1.032258065,1283,40559,0.034269979,1285.843750000,31.542712713,27,77,20.365079365,3.780982073,2,76,31,1283,40559,0
1024,1,223,32,32,32,1.000000000,1329,42067,0.035544151,1314.593750000,32.000000000,26,85,21.095238095,4.029345372,2,85,32,1329,42067,0
1024,1,224,32,32,31,1.032258065,1387,43943,0.037129261,1410.218750000,31.160413943,26,93,22.015873016,4.224224946,2,93,31,1387,43943,0
1024,1,225,32,32,31,1.032258065,1294,40904,0.034561484,1384.000000000,29.554913295,26,106,20.539682540,5.160741886,2,106,31,1294,40904,0
1024,1,226,32,32,30,1.066666667,1410,44666,0.037740153,1499.562500000,29.786020923,28,85,22.380952381,3.797872340,2,85,30,1410,44666,0
1024,1,227,32,32,32,1.000000000,1418,44840,0.037887173,1401.250000000,32.000000000,24,84,22.507936508,3.732016925,2,84,32,1418,44840,0
1024,1,228,32,32,32,1.000000000,1426,45072,0.038083200,1408.500000000,32.000000000,28,106,22.634920635,4.683029453,2,106,32,1426,45072,0
1024,1,229,32,32,31,1.032258065,1415,44751,0.037811973,1460.500000000,30.640876412,26,106,22.460317460,4.719434629,3,106,31,1415,44751,0
1024,1,230,32,32,32,1.000000000,1207,37989,0.032098480,1187.156250000,32.000000000,28,73,19.158730159,3.810273405,3,64,32,1207,37989,0
1024,1,231,32,32,29,1.103448276,1370,43333,0.036613847,1537.687500000,28.180628379,26,85,21.746031746,3.908759124,2,85,29,1370,43333,0
1024,1,232,32,32,31,1.032258065,1382,43661,0.036890987,1387.531250000,31.466678678,26,87,21.936507937,3.965991317,2,87,31,1382,43661,0
1024,1,233,32,32,31,1.032258065,1281,40410,0.034144083,1299.125000000,31.105551814,26,79,20.333333333,3.885245902,2,70,31,1281,40410,0
1024,1,234,32,32,32,1.000000000,1373,43403,0.036672992,1356.343750000,32.000000000,30,78,21.793650794,3.579024035,2,78,32,1373,43403,0
1024,1,235,32,32,31,1.032258065,1295,41000,0.034642598,1327.437500000,30.886576581,27,100,20.555555556,4.864864865,3,100,31,1295,41000,0
1024,1,236,32,32,32,1.000000000,1449,45799,0.038697472,1431.218750000,32.000000000,30,106,23.000000000,4.608695652,2,106,32,1449,45799,0
1024,1,237,32,32,31,1.032258065,1268,40082,0.033866942,1289.625000000,31.080352816,24,87,20.126984127,4.322555205,3,87,31,1268,40082,0
1024,1,238,32,32,31,1.032258065,1382,43705,0.036928165,1441.906250000,30.310569775,28,77,21.936507937,3.510130246,2,77,31,1382,43705,0
1024,1,239,32,32,31,1.032258065,1236,38996,0.032949336,1242.750000000,31.378797023,26,72,19.619047619,3.669902913,3,72,31,1236,38996,0
1024,1,240,32,32,32,1.000000000,1658,52542,0.044394912,1641.937500000,32.000000000,30,93,26.317460317,3.533775633,2,93,32,1658,52542,0
1024,1,241,32,32,31,1.032258065,1238,39069,0.033011016,1262.375000000,30.948806813,28,76,19.650793651,3.867528271,2,71,31,1238,39069,0
1024,1,242,32,32,31,1.032258065,1484,46977,0.039692813,1520.250000000,30.900838678,28,85,23.555555556,3.608490566,3,85,31,1484,46977,0
1024,1,243,32,32,30,1.066666667,1242,39231,0.033147897,1338.468750000,29.310359319,26,79,19.714285714,4.007246377,2,79,30,1242,39231,0
1024,1,244,32,32,32,1.000000000,1306,41196,0.034808207,1287.375000000,32.000000000,27,87,20.730158730,4.196784074,2,87,32,1306,41196,0
1024,1,245,32,32,32,1.000000000,1415,44859,0.037903227,1401.843750000,32.000000000,26,80,22.460317460,3.561837456,3,78,32,1415,44859,0
1024,1,246,32,32,29,1.103448276,1154,36524,0.030860640,1240.125000000,29.451869771,22,78,18.317460317,4.258232236,3,71,29,1154,36524,0
1024,1,247,32,32,30,1.066666667,1285,40628,0.034328280,1376.125000000,29.523480788,26,79,20.396825397,3.873151751,2,79,30,1285,40628,0
1024,1,248,32,32,32,1.000000000,1443,45698,0.038612133,1428.062500000,32.000000000,27,87,22.904761905,3.798336798,2,87,32,1443,45698,0
1024,1,249,32,32,32,1.000000000,1524,48308,0.040817430,1509.625000000,32.000000000,31,93,24.190476190,3.844488189,2,93,32,1524,48308,0
1024,1,250,32,32,32,1.000000000,1451,45917,0.038797175,1434.906250000,32.000000000,27,93,23.031746032,4.037904893,2,93,32,1451,45917,0
1024,1,251,32,32,32,1.000000000,1370,43263,0.036554701,1351.968750000,32.000000000,27,78,21.746031746,3.586861314,2,77,32,1370,43263,0
1024,1,252,32,32,32,1.000000000,1366,43226,0.036523438,1350.812500000,32.000000000,27,106,21.682539683,4.888726208,2,106,32,1366,43226,0
1024,1,253,32,32,32,1.000000000,1348,42586,0.035982675,1330.812500000,32.000000000,26,85,21.396825397,3.972551929,2,85,32,1348,42586,0
1024,1,254,32,32,32,1.000000000,1365,43225,0.036522593,1350.781250000,32.000000000,28,93,21.666666667,4.292307692,2,93,32,1365,43225,0
1024,1,255,32,32,31,1.032258065,1415,44766,0.037824648,1447.531250000,30.925757216,28,87,22.460317460,3.873498233,2,87,31,1415,44766,0
1024,1,256,32,32,31,1.032258065,1638,52023,0.043956388,1672.843750000,31.098541032,30,106,26.000000000,4.076923077,2,106,31,1638,52023,0
1024,1,257,32,32,31,1.032258065,1293,40907,0.034564019,1305.406250000,31.336604984,27,87,20.523809524,4.238979118,2,87,31,1293,40907,0
1024,1,258,32,32,32,1.000000000,1523,48168,0.040699138,1505.250000000,32.000000000,27,90,24.174603175,3.722915299,2,90,32,1523,48168,0
1024,1,259,32,32,32,1.000000000,1293,40866,0.034529376,1277.062500000,32.000000000,26,76,20.523809524,3.703016241,3,76,32,1293,40866,0
1024,1,260,32,32,32,1.000000000,1303,41107,0.034733007,1284.593750000,32.000000000,26,83,20.682539683,4.013046815,2,83,32,1303,41107,0
1024,1,261,32,32,31,1.032258065,1174,37099,0.031346482,1204.562500000,30.798733980,28,77,18.634920635,4.132027257,2,77,31,1174,37099,0
1024,1,262,32,32,32,1.000000000,1292,40828,0.034497268,1275.875000000,32.000000000,26,74,20.507936508,3.608359133,2,74,32,1292,40828,0
1024,1,263,32,32,31,1.032258065,1430,45210,0.038199802,1493.468750000,30.271808500,26,100,22.698412698,4.405594406,2,100,31,1430,45210,0
1024,1,264,32,32,32,1.000000000,1385,43744,0.036961117,1367.000000000,32.000000000,28,83,21.984126984,3.775451264,2,83,32,1385,43744,0
1024,1,265,32,32,30,1.066666667,1418,44979,0.038004620,1504.937500000,29.887619918,26,90,22.507936508,3.998589563,3,90,30,1418,44979,0
1024,1,266,32,32,30,1.066666667,1319,41692,0.035227298,1406.468750000,29.643033306,28,76,20.936507937,3.630022745,2,76,30,1319,41692,0
1024,1,267,32,32,32,1.000000000,1498,47433,0.040078106,1482.281250000,32.000000000,26,85,23.777777778,3.574766355,3,85,32,1498,47433,0
1024,1,268,32,32,30,1.066666667,1171,36982,0.031247624,1217.156250000,30.383937970,25,84,18.587301587,4.519214347,2,84,30,1171,36982,0
1024,1,269,32,32,32,1.000000000,1495,47314,0.039977558,1478.562500000,32.000000000,28,106,23.730158730,4.466889632,3,106,32,1495,47314,0
1024,1,270,32,32,30,1.066666667,1286,40712,0.034399255,1328.937500000,30.634999765,25,79,20.412698413,3.870139969,2,79,30,1286,40712,0
1024,1,271,32,32,32,1.000000000,1232,38900,0.032868221,1215.625000000,32.000000000,26,78,19.555555556,3.988636364,3,78,32,1232,38900,0
1024,1,272,32,32,30,1.066666667,1239,39174,0.033099735,1316.062500000,29.766063542,27,87,19.666666667,4.423728814,2,87,30,1239,39174,0
1024,1,273,32,32,30,1.066666667,1364,43163,0.036470207,1447.406250000,29.820929680,25,93,21.650793651,4.295454545,2,93,30,1364,43163,0
1024,1,274,32,32,31,1.032258065,1468,46437,0.039236545,1506.812500000,30.818034759,28,87,23.301587302,3.733651226,2,87,31,1468,46437,0
1024,1,275,32,32,32,1.000000000,1543,48878,0.041299047,1527.437500000,32.000000000,27,100,24.492063492,4.082955282,2,100,32,1543,48878,0
1024,1,276,32,32,32,1.000000000,1391,44032,0.037204461,1376.000000000,32.000000000,26,78,22.079365079,3.532710280,3,78,32,1391,44032,0
1024,1,277,32,32,32,1.000000000,1573,49859,0.042127934,1558.093750000,32.000000000,31,106,24.968253968,4.245390973,2,106,32,1573,49859,0
1024,1,278,32,32,32,1.000000000,1204,38030,0.032133122,1188.437500000,32.000000000,25,85,19.111111111,4.447674419,3,85,32,1204,38030,0
1024,1,279,32,32,31,1.032258065,1298,41153,0.034771874,1336.031250000,30.802423222,26,78,20.603174603,3.785824345,3,78,31,1298,41153,0
1024,1,280,32,32,32,1.000000000,1488,47157,0.039844903,1473.656250000,32.000000000,26,106,23.619047619,4.487903226,2,106,32,1488,47157,0
1024,1,281,32,32,32,1.000000000,1294,40930,0.034583452,1279.062500000,32.000000000,26,79,20.539682540,3.846213292,2,79,32,1294,40930,0
1024,1,282,32,32,32,1.000000000,1375,43552,0.036798889,1361.000000000,32.000000000,26,106,21.825396825,4.856727273,2,106,32,1375,43552,0
1024,1,283,32,32,30,1.066666667,1288,40843,0.034509942,1356.656250000,30.105636560,25,85,20.444444444,4.157608696,3,85,30,1288,40843,0
1024,1,284,32,32,31,1.032258065,1344,42465,0.035880437,1359.093750000,31.245085190,26,106,21.333333333,4.968750000,2,106,31,1344,42465,0
1024,1,285,32,32,31,1.032258065,1337,42296,0.035737642,1399.687500000,30.218173699,25,83,21.222222222,3.910994764,2,83,31,1337,42296,0
1024,1,286,32,32,31,1.032258065,1182,37461,0.031652351,1202.062500000,31.163936983,26,76,18.761904762,4.050761421,3,63,31,1182,37461,0
1024,1,287,32,32,32,1.000000000,1288,40731,0.034415309,1272.843750000,32.000000000,25,106,20.444444444,5.184782609,3,106,32,1288,40731,0
1024,1,288,32,32,31,1.032258065,1460,46326,0.039142756,1508.625000000,30.707432264,30,88,23.174603175,3.797260274,2,88,31,1460,46326,0
1024,1,289,32,32,31,1.032258065,1412,44677,0.037749448,1441.062500000,31.002819100,25,90,22.412698413,4.015580737,2,90,31,1412,44677,0
1024,1,290,32,32,31,1.032258065,1348,42700,0.036078999,1359.218750000,31.415105185,26,106,21.396825397,4.954005935,2,106,31,1348,42700,0
1024,1,291,32,32,32,1.000000000,1325,41989,0.035478245,1312.156250000,32.000000000,28,91,21.031746032,4.326792453,2,91,32,1325,41989,0
1024,1,292,32,32,30,1.066666667,1496,47332,0.039992767,1592.125000000,29.728821544,28,100,23.746031746,4.211229947,2,100,30,1496,47332,0
1024,1,293,32,32,32,1.000000000,1368,43267,0.036558080,1352.093750000,32.000000000,27,106,21.714285714,4.881578947,2,106,32,1368,43267,0
1024,1,294,32,32,32,1.000000000,1437,45570,0.038503981,1424.062500000,32.000000000,27,85,22.809523810,3.726513570,2,85,32,1437,45570,0
1024,1,295,32,32,31,1.032258065,1302,41208,0.034818346,1324.812500000,31.104778978,25,106,20.666666667,5.129032258,3,106,31,1302,41208,0
1024,1,296,32,32,32,1.000000000,1328,41932,0.035430084,1310.375000000,32.000000000,27,93,21.079365079,4.411897590,3,93,32,1328,41932,0
1024,1,297,32,32,31,1.032258065,1530,48594,0.041059083,1599.125000000,30.387868366,28,93,24.285714286,3.829411765,2,93,31,1530,48594,0
1024,1,298,32,32,31,1.032258065,1150,36259,0.030636731,1173.406250000,30.900636502,23,78,18.253968254,4.273043478,3,78,31,1150,36259,0
1024,1,299,32,32,30,1.066666667,1296,40972,0.034618940,1390.187500000,29.472283415,25,88,20.571428571,4.277777778,3,88,30,1296,40972,0
1024,1,300,32,32,31,1.032258065,1424,45112,0.038116997,1479.093750000,30.499757030,28,91,22.603174603,4.025983146,2,91,31,1424,45112,0
1024,1,301,32,32,30,1.066666667,1357,42926,0.036269955,1452.593750000,29.551276811,24,87,21.539682540,4.039056743,2,87,30,1357,42926,0
1024,1,302,32,32,32,1.000000000,1451,45946,0.038821678,1435.812500000,32.000000000,30,85,23.031746032,3.690558236,2,85,32,1451,45946,0
1024,1,303,32,32,30,1.066666667,1312,41519,0.035081123,1391.375000000,29.840265924,25,90,20.825396825,4.321646341,2,90,30,1312,41519,0
1024,1,304,32,32,32,1.000000000,1470,46543,0.039326109,1454.468750000,32.000000000,28,93,23.333333333,3.985714286,2,93,32,1470,46543,0
1024,1,305,32,32,32,1.000000000,1501,47464,0.040104300,1483.250000000,32.000000000,28,87,23.825396825,3.651565623,2,87,32,1501,47464,0
1024,1,306,32,32,32,1.000000000,1412,44641,0.037719030,1395.031250000,32.000000000,29,78,22.412698413,3.480169972,2,72,32,1412,44641,0
1024,1,307,32,32,30,1.066666667,1295,40920,0.034575003,1376.718750000,29.722846442,27,106,20.555555556,5.156756757,2,106,30,1295,40920,0
1024,1,308,32,32,32,1.000000000,1386,43766,0.036979706,1367.687500000,32.000000000,26,79,22.000000000,3.590909091,2,79,32,1386,43766,0
1024,1,309,32,32,32,1.000000000,1311,41435,0.035010148,1294.843750000,32.000000000,26,87,20.809523810,4.180778032,2,87,32,1311,41435,0
1024,1,310,32,32,32,1.000000000,1337,42288,0.035730883,1321.500000000,32.000000000,26,78,21.222222222,3.675392670,2,78,32,1337,42288,0
1024,1,311,32,32,32,1.000000000,1329,41974,0.035465571,1311.687500000,32.000000000,27,79,21.095238095,3.744920993,2,71,32,1329,41974,0
1024,1,312,16,16,16,1.000000000,752,23797,0.020107071,1487.312500000,16.000000000,15,87,12.365079365,7.035943517,2,87,17,779,24650,16
1024,2,0,32,64,61,1.049180328,2398,75724,0.063982344,2581.093750000,29.337950239,38,111,38.063492063,2.916180150,4,106,61,2398,75724,0
1024,2,1,32,64,64,1.000000000,2968,93995,0.079420269,2937.343750000,32.000000000,44,116,47.111111111,2.462264151,3,83,64,2968,93995,0
1024,2,2,32,64,64,1.000000000,2935,93014,0.078591381,2906.687500000,32.000000000,44,116,46.587301587,2.489948893,3,100,64,2935,93014,0
1024,2,3,32,64,63,1.015873016,2508,79215,0.066932035,2510.500000000,31.553475403,40,114,39.809523810,2.863636364,3,81,63,2508,79215,0
1024,2,4,32,64,61,1.049180328,2686,84968,0.071792983,2845.937500000,29.855891073,40,113,42.634920635,2.650409531,3,93,61,2686,84968,0
1024,2,5,32,64,60,1.066666667,2423,76555,0.064684490,2586.000000000,29.603634957,39,115,38.460317460,2.990094924,3,106,60,2423,76555,0
1024,2,6,32,64,62,1.032258065,2520,79580,0.067240438,2544.562500000,31.274531476,41,113,40.000000000,2.825000000,4,88,62,2520,79580,0
1024,2,7,32,64,62,1.032258065,2997,94944,0.080222118,3079.593750000,30.830040488,42,117,47.571428571,2.459459459,4,88,62,2997,94944,0
1024,2,8,32,64,64,1.000000000,2913,92284,0.077974574,2883.875000000,32.000000000,44,114,46.238095238,2.465499485,3,106,64,2913,92284,0
1024,2,9,32,64,63,1.015873016,2734,86532,0.073114471,2768.562500000,31.255209156,40,118,43.396825397,2.719092904,4,93,63,2734,86532,0
1024,2,10,32,64,62,1.032258065,2522,79869,0.067484626,2608.937500000,30.613611863,42,114,40.031746032,2.847739889,3,100,62,2522,79869,0
1024,2,11,32,64,63,1.015873016,2634,83419,0.070484168,2650.875000000,31.468477390,38,114,41.809523810,2.726651481,3,93,63,2634,83419,0
1024,2,12,32,64,61,1.049180328,2785,87984,0.074341326,2836.718750000,31.016116772,42,124,44.206349206,2.805026930,4,93,61,2785,87984,0
1024,2,13,32,64,64,1.000000000,2570,81219,0.068625297,2538.093750000,32.000000000,37,115,40.793650794,2.819066148,4,100,64,2570,81219,0
1024,2,14,32,64,64,1.000000000,2525,79789,0.067417031,2493.406250000,32.000000000,38,120,40.079365079,2.994059406,4,106,64,2525,79789,0
1024,2,15,32,64,61,1.049180328,2516,79638,0.067289445,2670.718750000,29.818939190,41,115,39.936507937,2.879570747,3,88,61,2516,79638,0
1024,2,16,32,64,64,1.000000000,2956,93509,0.079009627,2922.156250000,32.000000000,42,115,46.920634921,2.450947226,3,91,64,2956,93509,0
1024,2,17,32,64,60,1.066666667,2566,81071,0.068500246,2709.781250000,29.917913116,38,114,40.730158730,2.798908807,3,81,60,2566,81071,0
1024,2,18,32,64,62,1.032258065,2763,87400,0.073847880,2795.593750000,31.263483831,41,117,43.857142857,2.667752443,3,93,62,2763,87400,0
1024,2,19,32,64,61,1.049180328,2872,90955,0.076851647,3018.125000000,30.136260095,42,123,45.587301587,2.698119777,3,106,61,2872,90955,0
1024,2,20,32,64,58,1.103448276,2329,73687,0.062261198,2660.468750000,27.696998884,40,113,36.968253968,3.056676685,4,88,58,2329,73687,0
1024,2,21,32,64,64,1.000000000,2712,85727,0.072434293,2678.968750000,32.000000000,42,113,43.047619048,2.625000000,4,100,64,2712,85727,0
1024,2,22,32,64,62,1.032258065,2854,90384,0.076369185,2908.625000000,31.074476772,43,115,45.301587302,2.538542397,3,106,62,2854,90384,0
1024,2,23,32,64,63,1.015873016,2804,88740,0.074980102,2802.156250000,31.668469594,43,114,44.507936508,2.561340942,3,106,63,2804,88740,0
1024,2,24,32,64,62,1.032258065,2781,88070,0.074413991,2870.937500000,30.676390552,42,113,44.142857143,2.559870550,4,106,62,2781,88070,0
1024,2,25,32,64,63,1.015873016,2627,83080,0.070197733,2637.218750000,31.502885379,38,116,41.698412698,2.781880472,4,88,63,2627,83080,0
1024,2,26,32,64,62,1.032258065,2970,93983,0.079410129,3047.781250000,30.836530673,41,119,47.142857143,2.524242424,3,106,62,2970,93983,0
1024,2,27,32,64,64,1.000000000,2815,89216,0.075382294,2788.000000000,32.000000000,37,114,44.682539683,2.551332149,3,90,64,2815,89216,0
1024,2,28,32,64,59,1.084745763,2739,86731,0.073282614,3128.531250000,27.722593469,43,115,43.476190476,2.645125958,3,106,59,2739,86731,0
1024,2,29,32,64,63,1.015873016,2803,88722,0.074964893,2837.187500000,31.271109153,43,119,44.492063492,2.674634320,3,93,63,2803,88722,0
1024,2,30,32,64,63,1.015873016,2644,83662,0.070689489,2672.906250000,31.300012861,41,122,41.968253968,2.906959153,3,85,63,2644,83662,0
1024,2,31,32,64,61,1.049180328,2461,77764,0.065706025,2551.968750000,30.472159975,39,115,39.063492063,2.943925234,4,100,61,2461,77764,0
1024,2,32,32,64,63,1.015873016,2460,77831,0.065762636,2490.093750000,31.256252902,38,114,39.047619048,2.919512195,3,88,63,2460,77831,0
1024,2,33,32,64,60,1.066666667,2590,81887,0.069189718,2855.781250000,28.674115008,38,114,41.111111111,2.772972973,3,106,60,2590,81887,0
1024,2,34,32,64,64,1.000000000,2796,88513,0.074788300,2766.031250000,32.000000000,39,117,44.380952381,2.636266094,3,87,64,2796,88513,0
1024,2,35,32,64,63,1.015873016,2586,81671,0.069007211,2583.656250000,31.610629316,40,125,41.047619048,3.045243619,3,87,63,2586,81671,0
1024,2,36,32,64,62,1.032258065,2661,84096,0.071056194,2713.343750000,30.993492808,43,117,42.238095238,2.770011274,3,100,62,2661,84096,0
1024,2,37,32,64,63,1.015873016,2691,85102,0.071906205,2707.468750000,31.432311084,41,115,42.714285714,2.692307692,3,93,63,2691,85102,0
1024,2,38,32,64,58,1.103448276,2658,84119,0.071075627,2942.031250000,28.592150406,47,116,42.190476190,2.749435666,3,85,58,2658,84119,0
1024,2,39,32,64,62,1.032258065,2865,90755,0.076682659,2980.875000000,30.445758376,44,117,45.476190476,2.572774869,4,106,62,2865,90755,0
1024,2,40,32,64,62,1.032258065,2516,79527,0.067195656,2565.500000000,30.998635744,39,117,39.936507937,2.929650238,3,81,62,2516,79527,0
1024,2,41,32,64,62,1.032258065,2270,71668,0.060555262,2314.218750000,30.968550402,35,109,36.031746032,3.025110132,3,74,62,2270,71668,0
1024,2,42,32,64,62,1.032258065,2504,79189,0.066910066,2552.093750000,31.029032535,38,119,39.746031746,2.994009585,4,93,62,2504,79189,0
1024,2,43,32,64,62,1.032258065,2870,90917,0.076819539,2917.093750000,31.166979121,44,116,45.555555556,2.546341463,3,100,62,2870,90917,0
1024,2,44,32,64,60,1.066666667,2539,80314,0.067860625,2782.250000000,28.866564831,41,116,40.301587302,2.878298543,3,81,60,2539,80314,0
1024,2,45,32,64,63,1.015873016,2810,88840,0.075064596,2806.875000000,31.650857270,40,121,44.603174603,2.712811388,3,93,63,2810,88840,0
1024,2,46,32,64,64,1.000000000,2747,86893,0.073419495,2715.406250000,32.000000000,42,115,43.603174603,2.637422643,2,87,64,2747,86893,0
1024,2,47,32,64,64,1.000000000,2701,85387,0.072147013,2668.343750000,32.000000000,40,115,42.873015873,2.682339874,4,100,64,2701,85387,0
1024,2,48,32,64,59,1.084745763,2397,75824,0.064066838,2542.125000000,29.827014801,39,116,38.047619048,3.048811014,3,71,59,2397,75824,0
1024,2,49,32,64,62,1.032258065,2462,77699,0.065651103,2492.812500000,31.169211483,36,116,39.079365079,2.968318440,4,93,62,2462,77699,0
1024,2,50,32,64,62,1.032258065,2693,85195,0.071984784,2735.937500000,31.139234723,39,115,42.746031746,2.690308206,3,93,62,2693,85195,0
1024,2,51,32,64,62,1.032258065,2725,86202,0.072835640,2785.062500000,30.951549561,41,111,43.253968254,2.566238532,3,91,62,2725,86202,0
1024,2,52,32,64,63,1.015873016,2607,82471,0.069683164,2622.656250000,31.445600238,41,115,41.380952381,2.779056387,3,87,63,2607,82471,0
1024,2,53,32,64,61,1.049180328,2509,79292,0.066997095,2643.687500000,29.992954916,36,115,39.825396825,2.887604623,4,100,61,2509,79292,0
1024,2,54,32,64,62,1.032258065,2681,84787,0.071640048,2750.031250000,30.831286008,38,113,42.555555556,2.655352480,3,93,62,2681,84787,0
1024,2,55,32,64,60,1.066666667,2478,78317,0.066173277,2636.218750000,29.708080940,39,114,39.333333333,2.898305085,3,73,60,2478,78317,0
1024,2,56,32,64,63,1.015873016,2707,85683,0.072397116,2729.187500000,31.395058053,39,115,42.968253968,2.676394533,3,106,63,2707,85683,0
1024,2,57,32,64,62,1.032258065,2702,85572,0.072303327,2731.500000000,31.327841845,42,122,42.888888889,2.844559585,3,73,62,2702,85572,0
1024,2,58,32,64,63,1.015873016,2532,79976,0.067575035,2519.781250000,31.739263081,39,113,40.190476190,2.811611374,3,79,63,2532,79976,0
1024,2,59,32,64,63,1.015873016,2729,86388,0.072992799,2770.468750000,31.181726919,44,116,43.317460317,2.677903994,4,93,63,2729,86388,0
1024,2,60,32,64,64,1.000000000,2852,90286,0.076286381,2821.437500000,32.000000000,46,115,45.269841270,2.540322581,3,93,64,2852,90286,0
1024,2,61,32,64,58,1.103448276,2664,84232,0.071171106,2937.562500000,28.674113317,37,110,42.285714286,2.601351351,3,84,58,2664,84232,0
1024,2,62,32,64,61,1.049180328,2682,84861,0.071702574,2771.093750000,30.623648153,45,114,42.571428571,2.677852349,3,87,61,2682,84861,0
1024,2,63,32,64,63,1.015873016,2820,89146,0.075323148,2830.093750000,31.499309873,45,114,44.761904762,2.546808511,3,93,63,2820,89146,0
1024,2,64,32,64,63,1.015873016,2776,87880,0.074253452,2823.562500000,31.123801935,38,122,44.063492063,2.768731988,3,78,63,2776,87880,0
1024,2,65,32,64,61,1.049180328,2577,81479,0.068844982,2693.812500000,30.246722814,42,115,40.904761905,2.811408615,3,73,61,2577,81479,0
1024,2,66,32,64,62,1.032258065,2553,80653,0.068147060,2629.406250000,30.673464779,38,117,40.523809524,2.887191539,3,76,62,2553,80653,0
1024,2,67,32,64,64,1.000000000,2738,86777,0.073321482,2711.781250000,32.000000000,44,114,43.460317460,2.623082542,4,106,64,2738,86777,0
1024,2,68,32,64,61,1.049180328,2533,80117,0.067694172,2643.625000000,30.305735496,38,116,40.206349206,2.885116463,4,106,61,2533,80117,0
1024,2,69,32,64,62,1.032258065,2516,79653,0.067302119,2577.437500000,30.903950144,41,114,39.936507937,2.854531002,3,78,62,2516,79653,0
1024,2,70,32,64,63,1.015873016,2783,88118,0.074454548,2827.562500000,31.163944210,42,118,44.174603175,2.671218110,4,106,63,2783,88118,0
1024,2,71,32,64,61,1.049180328,2942,93236,0.078778958,3085.812500000,30.214408685,44,122,46.698412698,2.612508498,3,93,61,2942,93236,0
1024,2,72,32,64,63,1.015873016,2587,81808,0.069122968,2579.468750000,31.715057606,41,110,41.063492063,2.678778508,3,106,63,2587,81808,0
1024,2,73,32,64,63,1.015873016,2790,88174,0.074501865,2833.375000000,31.119777650,38,116,44.285714286,2.619354839,3,93,63,2790,88174,0
1024,2,74,32,64,60,1.066666667,2580,81690,0.069023265,2844.625000000,28.717317748,40,115,40.952380952,2.808139535,3,93,60,2580,81690,0
1024,2,75,32,64,63,1.015873016,2638,83459,0.070517966,2652.156250000,31.468357115,39,114,41.873015873,2.722517058,4,106,63,2638,83459,0
1024,2,76,32,64,60,1.066666667,2607,82513,0.069718651,2778.437500000,29.697626814,38,113,41.380952381,2.730724971,4,85,60,2607,82513,0
1024,2,77,32,64,63,1.015873016,2651,83867,0.070862702,2651.343750000,31.631884775,38,114,42.079365079,2.709166352,4,100,63,2651,83867,0
1024,2,78,32,64,62,1.032258065,2977,94247,0.079633194,3115.843750000,30.247665660,42,115,47.253968254,2.433658045,3,106,62,2977,94247,0
1024,2,79,32,64,60,1.066666667,2444,77180,0.065212579,2590.656250000,29.791679232,39,115,38.793650794,2.964402619,4,73,60,2444,77180,0
1024,2,80,32,64,63,1.015873016,2561,80959,0.068405612,2600.812500000,31.128349314,41,114,40.650793651,2.804373292,4,91,63,2561,80959,0
1024,2,81,32,64,62,1.032258065,2460,77645,0.065605477,2502.406250000,31.028135420,38,115,39.047619048,2.945121951,3,83,62,2460,77645,0
1024,2,82,32,64,64,1.000000000,2824,89426,0.075559731,2794.562500000,32.000000000,46,115,44.825396825,2.565509915,3,106,64,2824,89426,0
1024,2,83,32,64,62,1.032258065,2908,91983,0.077720247,2961.468750000,31.059925924,41,113,46.158730159,2.448074278,3,106,62,2908,91983,0
1024,2,84,32,64,63,1.015873016,3002,95070,0.080328581,3032.718750000,31.348109679,41,120,47.650793651,2.518321119,4,106,63,3002,95070,0
1024,2,85,32,64,59,1.084745763,2809,88956,0.075162609,3100.968750000,28.686519334,37,122,44.587301587,2.736205055,2,93,59,2809,88956,0
1024,2,86,32,64,64,1.000000000,2639,83406,0.070473184,2606.437500000,32.000000000,39,114,41.888888889,2.721485411,3,90,64,2639,83406,0
1024,2,87,32,64,60,1.066666667,2630,83226,0.070321095,2826.281250000,29.447175507,40,117,41.746031746,2.802661597,4,106,60,2630,83226,0
1024,2,88,32,64,57,1.122807018,2311,73088,0.061755079,2592.593750000,28.191073129,35,115,36.682539683,3.135006491,3,88,57,2311,73088,0
1024,2,89,32,64,62,1.032258065,2748,87021,0.073527647,2777.468750000,31.331045579,42,111,43.619047619,2.544759825,3,106,62,2748,87021,0
1024,2,90,32,64,63,1.015873016,2411,76212,0.064394676,2409.531250000,31.629388496,43,114,38.269841270,2.978846951,4,71,63,2411,76212,0
1024,2,91,32,64,63,1.015873016,2721,86073,0.072726643,2774.312500000,31.024983667,38,114,43.190476190,2.639470783,3,90,63,2721,86073,0
1024,2,92,32,64,62,1.032258065,2414,76191,0.064376932,2449.937500000,31.099160693,36,113,38.317460317,2.949047225,4,81,62,2414,76191,0
1024,2,93,32,64,61,1.049180328,2628,83080,0.070197733,2746.468750000,30.249752523,38,117,41.714285714,2.804794521,3,100,61,2628,83080,0
1024,2,94,32,64,60,1.066666667,2295,72453,0.061218541,2577.562500000,28.109114716,39,111,36.428571429,3.047058824,4,106,60,2295,72453,0
1024,2,95,32,64,63,1.015873016,2915,92229,0.077928102,2906.312500000,31.734027225,42,114,46.269841270,2.463807890,3,106,63,2915,92229,0
1024,2,96,32,64,60,1.066666667,2510,79418,0.067103558,2725.093750000,29.143217550,41,125,39.841269841,3.137450199,5,79,60,2510,79418,0
1024,2,97,32,64,63,1.015873016,2640,83441,0.070502757,2642.062500000,31.581766139,38,116,41.904761905,2.768181818,4,93,63,2640,83441,0
1024,2,98,32,64,59,1.084745763,2548,80518,0.068032993,2751.875000000,29.259323189,39,116,40.444444444,2.868131868,3,79,59,2548,80518,0
1024,2,99,32,64,60,1.066666667,2661,84183,0.071129704,2845.312500000,29.586556837,37,119,42.238095238,2.817361894,3,106,60,2661,84183,0
1024,2,100,32,64,62,1.032258065,2544,80537,0.068049047,2651.781250000,30.370906348,37,116,40.380952381,2.872641509,4,106,62,2544,80537,0
1024,2,101,32,64,62,1.032258065,2819,89199,0.075367930,2881.468750000,30.956087933,41,115,44.746031746,2.570060305,3,106,62,2819,89199,0
1024,2,102,32,64,63,1.015873016,2827,89416,0.075551282,2834.718750000,31.543164556,41,121,44.873015873,2.696498054,4,88,63,2827,89416,0
1024,2,103,32,64,63,1.015873016,2915,92188,0.077893460,2986.031250000,30.873086141,44,122,46.269841270,2.636706690,3,106,63,2915,92188,0
1024,2,104,32,64,64,1.000000000,2807,88731,0.074972497,2772.843750000,32.000000000,41,121,44.555555556,2.715710723,4,106,64,2807,88731,0
1024,2,105,32,64,61,1.049180328,2768,87694,0.074096293,2893.250000000,30.309859155,43,117,43.936507937,2.662933526,3,91,61,2768,87694,0
1024,2,106,32,64,63,1.015873016,2652,83941,0.070925228,2642.250000000,31.768757688,42,117,42.095238095,2.779411765,3,81,63,2652,83941,0
1024,2,107,32,64,62,1.032258065,2685,84903,0.071738061,2727.312500000,31.130646011,42,115,42.619047619,2.698324022,3,106,62,2685,84903,0
1024,2,108,32,64,62,1.032258065,2652,83837,0.070837354,2720.968750000,30.811452722,41,119,42.095238095,2.826923077,3,100,62,2652,83837,0
1024,2,109,32,64,63,1.015873016,2490,78684,0.066483371,2496.281250000,31.520486724,42,120,39.523809524,3.036144578,3,83,63,2490,78684,0
1024,2,110,32,64,63,1.015873016,2847,90061,0.076096269,2866.906250000,31.414002463,41,119,45.190476190,2.633298209,3,106,63,2847,90061,0
1024,2,111,32,64,60,1.066666667,2384,75244,0.063576772,2527.375000000,29.771600969,38,108,37.841269841,2.854026846,3,106,60,2384,75244,0
1024,2,112,32,64,63,1.015873016,2698,85470,0.072217143,2753.093750000,31.045074291,44,116,42.825396825,2.708673091,3,93,63,2698,85470,0
1024,2,113,32,64,64,1.000000000,2620,82915,0.070058318,2591.093750000,32.000000000,40,115,41.587301587,2.765267176,4,81,64,2620,82915,0
1024,2,114,32,64,61,1.049180328,2926,92585,0.078228901,3036.156250000,30.494148646,44,116,46.444444444,2.497607656,3,88,61,2926,92585,0
1024,2,115,32,64,59,1.084745763,2423,76544,0.064675196,2693.125000000,28.422000464,36,115,38.460317460,2.990094924,4,93,59,2423,76544,0
1024,2,116,32,64,62,1.032258065,2230,70417,0.059498240,2280.062500000,30.883802527,37,116,35.396825397,3.277130045,5,93,62,2230,70417,0
1024,2,117,32,64,62,1.032258065,2464,77793,0.065730528,2522.062500000,30.844992937,36,113,39.111111111,2.889204545,3,106,62,2464,77793,0
1024,2,118,32,64,61,1.049180328,2757,87324,0.073783665,2898.531250000,30.126982416,39,120,43.761904762,2.742110990,3,79,61,2757,87324,0
1024,2,119,32,64,62,1.032258065,2928,92796,0.078407184,2996.812500000,30.964900206,42,118,46.476190476,2.538934426,3,93,62,2928,92796,0
1024,2,120,32,64,63,1.015873016,2736,86549,0.073128835,2789.187500000,31.030183521,44,117,43.428571429,2.694078947,3,88,63,2736,86549,0
1024,2,121,32,64,62,1.032258065,2540,80390,0.067924841,2573.906250000,31.232683786,39,113,40.317460317,2.802755906,3,78,62,2540,80390,0
1024,2,122,32,64,63,1.015873016,2587,81845,0.069154231,2601.125000000,31.465231390,40,116,41.063492063,2.824893699,4,81,63,2587,81845,0
1024,2,123,32,64,60,1.066666667,2809,88966,0.075171058,2976.437500000,29.890095122,41,116,44.587301587,2.601637593,4,106,60,2809,88966,0
1024,2,124,32,64,61,1.049180328,2518,79628,0.067280995,2674.468750000,29.773389575,41,115,39.968253968,2.877283558,3,73,61,2518,79628,0
1024,2,125,32,64,63,1.015873016,2802,88653,0.074906592,2796.500000000,31.701412480,42,115,44.476190476,2.585653105,3,83,63,2802,88653,0
1024,2,126,32,64,64,1.000000000,2778,87948,0.074310908,2748.375000000,32.000000000,41,114,44.095238095,2.585313175,3,88,64,2778,87948,0
1024,2,127,32,64,62,1.032258065,2327,73508,0.062109954,2351.312500000,31.262539539,36,111,36.936507937,3.005156854,4,73,62,2327,73508,0
1024,2,128,32,64,62,1.032258065,2520,79751,0.067384923,2607.250000000,30.588167610,39,111,40.000000000,2.775000000,3,90,62,2520,79751,0
1024,2,129,32,64,64,1.000000000,3033,96162,0.081251257,3005.062500000,32.000000000,43,122,48.142857143,2.534124629,3,106,64,3033,96162,0
1024,2,130,32,64,63,1.015873016,2802,88784,0.075017279,2850.625000000,31.145450559,41,120,44.476190476,2.698072805,4,93,63,2802,88784,0
1024,2,131,32,64,62,1.032258065,2686,84893,0.071729612,2802.812500000,30.288504850,40,120,42.634920635,2.814594192,3,93,62,2686,84893,0
1024,2,132,32,64,62,1.032258065,2543,80457,0.067981452,2601.375000000,30.928643506,39,115,40.365079365,2.848997247,3,106,62,2543,80457,0
1024,2,133,32,64,62,1.032258065,2608,82410,0.069631622,2679.062500000,30.760760527,38,121,41.396825397,2.922929448,4,85,62,2608,82410,0
1024,2,134,32,64,63,1.015873016,2702,85320,0.072090402,2740.125000000,31.137265636,42,115,42.888888889,2.681347150,3,85,63,2702,85320,0
1024,2,135,32,64,64,1.000000000,2742,86663,0.073225158,2708.218750000,32.000000000,45,116,43.523809524,2.665207877,3,106,64,2742,86663,0
1024,2,136,32,64,61,1.049180328,2697,85467,0.072214608,2864.656250000,29.834993291,39,112,42.809523810,2.616240267,4,106,61,2697,85467,0
1024,2,137,32,64,58,1.103448276,2634,83326,0.070405589,2969.312500000,28.062388179,41,124,41.809523810,2.965831435,3,93,58,2634,83326,0
1024,2,138,32,64,61,1.049180328,2752,87178,0.073660303,2893.312500000,30.130862117,40,114,43.682539683,2.609738372,3,93,61,2752,87178,0
1024,2,139,32,64,60,1.066666667,2653,83893,0.070884671,2838.562500000,29.554748222,43,110,42.111111111,2.612137203,4,93,60,2653,83893,0
1024,2,140,32,64,63,1.015873016,2811,88973,0.075176973,2834.187500000,31.392771297,42,116,44.619047619,2.599786553,4,85,63,2811,88973,0
1024,2,141,32,64,63,1.015873016,2715,85753,0.072456262,2703.093750000,31.724019931,38,124,43.095238095,2.877348066,4,93,63,2715,85753,0
1024,2,142,32,64,62,1.032258065,2721,86041,0.072699605,2785.531250000,30.888542356,43,115,43.190476190,2.662624035,3,78,62,2721,86041,0
1024,2,143,32,64,61,1.049180328,2618,82840,0.069994947,2798.906250000,29.597275722,43,116,41.555555556,2.791443850,4,93,61,2618,82840,0
1024,2,144,32,64,63,1.015873016,2338,73929,0.062465674,2355.718750000,31.382778611,33,113,37.111111111,3.044910180,5,100,63,2338,73929,0
1024,2,145,32,64,61,1.049180328,2530,80025,0.067616437,2621.968750000,30.520958726,40,113,40.158730159,2.813833992,3,85,61,2530,80025,0
1024,2,146,32,64,60,1.066666667,2773,87637,0.074048131,2929.062500000,29.919812227,43,119,44.015873016,2.703570141,3,87,60,2773,87637,0
1024,2,147,32,64,64,1.000000000,2892,91598,0.077394944,2862.437500000,32.000000000,43,118,45.904761905,2.570539419,3,106,64,2892,91598,0
1024,2,148,32,64,62,1.032258065,2823,89371,0.075513260,2886.781250000,30.958701841,41,115,44.809523810,2.566418704,3,93,62,2823,89371,0
1024,2,149,32,64,63,1.015873016,2549,80570,0.068076930,2560.218750000,31.469967166,46,122,40.460317460,3.015300118,3,73,63,2549,80570,0
1024,2,150,32,64,64,1.000000000,2662,84055,0.071021551,2626.718750000,32.000000000,43,114,42.253968254,2.697971450,3,77,64,2662,84055,0
1024,2,151,32,64,61,1.049180328,2419,76423,0.064572958,2488.906250000,30.705455459,44,109,38.396825397,2.838776354,3,76,61,2419,76423,0
1024,2,152,32,64,63,1.015873016,2833,89706,0.075796315,2867.312500000,31.285742311,42,124,44.968253968,2.757500882,3,106,63,2833,89706,0
1024,2,153,32,64,63,1.015873016,2892,91548,0.077352697,2896.562500000,31.605739562,45,114,45.904761905,2.483402490,3,106,63,2892,91548,0
1024,2,154,32,64,61,1.049180328,2518,79600,0.067257337,2597.531250000,30.644482140,40,115,39.968253968,2.877283558,4,106,61,2518,79600,0
1024,2,155,32,64,60,1.066666667,2598,82176,0.069433906,2795.312500000,29.397786473,42,115,41.238095238,2.788683603,4,85,60,2598,82176,0
1024,2,156,32,64,64,1.000000000,2629,83014,0.070141967,2594.187500000,32.000000000,41,115,41.730158730,2.755800685,4,106,64,2629,83014,0
1024,2,157,32,64,59,1.084745763,2781,88041,0.074389488,3091.000000000,28.483015205,43,113,44.142857143,2.559870550,4,106,59,2781,88041,0
1024,2,158,32,64,63,1.015873016,2645,83569,0.070610910,2638.656250000,31.671044684,41,116,41.984126984,2.762948960,3,81,63,2645,83569,0
1024,2,159,32,64,62,1.032258065,2716,85992,0.072658203,2824.843750000,30.441329720,42,114,43.111111111,2.644329897,3,93,62,2716,85992,0
1024,2,160,32,64,61,1.049180328,2533,80024,0.067615592,2687.468750000,29.776718334,38,113,40.206349206,2.810501382,4,93,61,2533,80024,0
1024,2,161,32,64,61,1.049180328,2493,78936,0.066696296,2552.093750000,30.929898245,40,120,39.571428571,3.032490975,4,85,61,2493,78936,0
1024,2,162,32,64,58,1.103448276,2760,87466,0.073903646,3002.875000000,29.127419556,39,119,43.809523810,2.716304348,3,100,58,2760,87466,0
1024,2,163,32,64,63,1.015873016,3116,98734,0.083424446,3127.968750000,31.564893351,42,118,49.460317460,2.385750963,3,106,63,3116,98734,0
1024,2,164,32,64,59,1.084745763,2445,77216,0.065242997,2684.937500000,28.758956214,40,113,38.809523810,2.911656442,3,90,59,2445,77216,0
1024,2,165,32,64,63,1.015873016,2654,83880,0.070873686,2651.437500000,31.635669330,41,115,42.126984127,2.729841748,3,84,63,2654,83880,0
1024,2,166,32,64,62,1.032258065,2757,87329,0.073787889,2802.312500000,31.163191114,39,116,43.761904762,2.650707291,3,106,62,2757,87329,0
1024,2,167,32,64,60,1.066666667,2656,83994,0.070970010,2815.250000000,29.835360980,40,113,42.158730159,2.680346386,3,106,60,2656,83994,0
1024,2,168,32,64,63,1.015873016,2940,93020,0.078596451,2956.062500000,31.467534939,38,116,46.666666667,2.485714286,3,106,63,2940,93020,0
1024,2,169,32,64,61,1.049180328,2609,82499,0.069706822,2759.843750000,29.892634320,40,116,41.412698413,2.801073208,3,73,61,2609,82499,0
1024,2,170,32,64,60,1.066666667,2549,80674,0.068164804,2680.875000000,30.092413857,39,115,40.460317460,2.842291095,3,79,60,2549,80674,0
1024,2,171,32,64,61,1.049180328,2705,85561,0.072294033,2766.718750000,30.925080477,41,114,42.936507937,2.655083179,4,88,61,2705,85561,0
1024,2,172,32,64,63,1.015873016,2731,86355,0.072964916,2776.937500000,31.097206905,41,115,43.349206349,2.652874405,3,85,63,2731,86355,0
1024,2,173,32,64,63,1.015873016,2603,82316,0.069552198,2596.187500000,31.706492694,40,115,41.317460317,2.783326930,3,79,63,2603,82316,0
1024,2,174,32,64,60,1.066666667,2467,77909,0.065828541,2588.812500000,30.094493132,39,114,39.158730159,2.911228212,3,93,60,2467,77909,0
1024,2,175,32,64,61,1.049180328,2543,80451,0.067976382,2696.406250000,29.836379440,36,122,40.365079365,3.022414471,4,93,61,2543,80451,0
1024,2,176,32,64,59,1.084745763,2648,83845,0.070844113,2861.718750000,29.298826099,37,116,42.031746032,2.759818731,3,106,59,2648,83845,0
1024,2,177,32,64,63,1.015873016,2586,81750,0.069073961,2611.562500000,31.303099198,38,114,41.047619048,2.777262181,4,90,63,2586,81750,0
1024,2,178,32,64,61,1.049180328,2532,80121,0.067697552,2655.437500000,30.172429214,36,116,40.190476190,2.886255924,4,81,61,2532,80121,0
1024,2,179,32,64,61,1.049180328,2789,88198,0.074522143,2918.031250000,30.225173223,39,122,44.269841270,2.755826461,3,106,61,2789,88198,0
1024,2,180,32,64,60,1.066666667,2664,84267,0.071200679,2845.781250000,29.611200791,40,116,42.285714286,2.743243243,3,106,60,2664,84267,0
1024,2,181,32,64,63,1.015873016,3129,99132,0.083760733,3197.343750000,31.004486146,43,116,49.666666667,2.335570470,2,106,63,3129,99132,0
1024,2,182,32,64,63,1.015873016,2730,86398,0.073001249,2737.812500000,31.557310809,44,122,43.333333333,2.815384615,3,93,63,2730,86398,0
1024,2,183,32,64,63,1.015873016,2691,84962,0.071787913,2689.250000000,31.593195129,41,114,42.714285714,2.668896321,3,106,63,2691,84962,0
1024,2,184,32,64,62,1.032258065,2627,83215,0.070311800,2679.906250000,31.051459356,43,115,41.698412698,2.757898744,3,79,62,2627,83215,0
1024,2,185,32,64,62,1.032258065,2792,88429,0.074717325,2834.031250000,31.202549372,40,116,44.317460317,2.617478510,3,79,62,2792,88429,0
1024,2,186,32,64,60,1.066666667,2728,86282,0.072903236,2934.156250000,29.406068610,43,122,43.301587302,2.817448680,2,93,60,2728,86282,0
1024,2,187,32,64,63,1.015873016,2721,86130,0.072774805,2719.687500000,31.669079628,43,117,43.190476190,2.708930540,3,81,63,2721,86130,0
1024,2,188,32,64,64,1.000000000,2995,94842,0.080135934,2963.812500000,32.000000000,44,119,47.539682540,2.503171953,3,106,64,2995,94842,0
1024,2,189,32,64,61,1.049180328,2674,84611,0.071491339,2784.125000000,30.390517667,40,115,42.444444444,2.709424084,3,90,61,2674,84611,0
1024,2,190,32,64,63,1.015873016,2736,86404,0.073006318,2751.718750000,31.400011357,44,115,43.428571429,2.648026316,3,87,63,2736,86404,0
1024,2,191,32,64,60,1.066666667,2718,86005,0.072669187,2909.000000000,29.565142661,42,115,43.142857143,2.665562914,3,93,60,2718,86005,0
1024,2,192,32,64,61,1.049180328,2433,76853,0.064936283,2489.500000000,30.870857602,41,113,38.619047619,2.926017263,4,93,61,2433,76853,0
1024,2,193,32,64,60,1.066666667,2417,76306,0.064474100,2613.156250000,29.200703173,39,115,38.365079365,2.997517584,3,87,60,2417,76306,0
1024,2,194,32,64,60,1.066666667,2458,77832,0.065763481,2620.187500000,29.704744412,39,124,39.015873016,3.178193653,4,85,60,2458,77832,0
1024,2,195,32,64,61,1.049180328,2591,81889,0.069191408,2706.125000000,30.260612499,41,122,41.126984127,2.966422231,3,83,61,2591,81889,0
1024,2,196,32,64,60,1.066666667,2604,82303,0.069541214,2775.781250000,29.650391219,38,115,41.333333333,2.782258065,3,87,60,2604,82303,0
1024,2,197,32,64,62,1.032258065,2844,90079,0.076111478,2918.062500000,30.869455332,43,115,45.142857143,2.547468354,2,93,62,2844,90079,0
1024,2,198,32,64,60,1.066666667,2680,84713,0.071577523,2772.218750000,30.557833865,38,124,42.539682540,2.914925373,3,100,60,2680,84713,0
1024,2,199,32,64,62,1.032258065,2807,88915,0.075127966,2892.968750000,30.734863624,40,114,44.555555556,2.558603491,3,100,62,2807,88915,0
1024,2,200,32,64,62,1.032258065,2846,90265,0.076268637,2951.906250000,30.578545643,43,114,45.174603175,2.523541813,3,106,62,2846,90265,0
1024,2,201,32,64,61,1.049180328,2785,88051,0.074397937,2897.562500000,30.387955394,40,116,44.206349206,2.624057451,3,81,61,2785,88051,0
1024,2,202,32,64,61,1.049180328,2505,79164,0.066888943,2632.843750000,30.067868631,37,117,39.761904762,2.942514970,4,85,61,2505,79164,0
1024,2,203,32,64,63,1.015873016,2591,81954,0.069246329,2643.218750000,31.005379332,38,114,41.126984127,2.771902740,4,93,63,2591,81954,0
1024,2,204,32,64,60,1.066666667,2719,85987,0.072653978,2845.531250000,30.218258893,43,117,43.158730159,2.710923134,3,106,60,2719,85987,0
1024,2,205,32,64,62,1.032258065,2898,91665,0.077451555,2967.656250000,30.888011373,41,122,46.000000000,2.652173913,3,106,62,2898,91665,0
1024,2,206,32,64,60,1.066666667,2272,71822,0.060685383,2445.500000000,29.369045185,34,111,36.063492063,3.077904930,4,106,60,2272,71822,0
1024,2,207,32,64,61,1.049180328,2596,82091,0.069362086,2734.312500000,30.022537658,35,115,41.206349206,2.790832049,3,90,61,2596,82091,0
1024,2,208,32,64,61,1.049180328,2606,82394,0.069618103,2691.593750000,30.611603256,41,116,41.365079365,2.804297774,4,106,61,2606,82394,0
1024,2,209,32,64,58,1.103448276,2800,88703,0.074948839,3137.125000000,28.275252022,40,115,44.444444444,2.587500000,3,100,58,2800,88703,0
1024,2,210,32,64,63,1.015873016,2685,84905,0.071739751,2686.218750000,31.607626892,44,115,42.619047619,2.698324022,3,106,63,2685,84905,0
1024,2,211,32,64,60,1.066666667,2720,86135,0.072779029,2872.750000000,29.983465321,41,112,43.174603175,2.594117647,3,88,60,2720,86135,0
1024,2,212,32,64,63,1.015873016,2682,84806,0.071656102,2711.343750000,31.278217673,40,117,42.571428571,2.748322148,3,78,63,2682,84806,0
1024,2,213,32,64,61,1.049180328,2593,82027,0.069308010,2733.656250000,30.006333093,38,117,41.158730159,2.842653297,3,85,61,2593,82027,0
1024,2,214,32,64,62,1.032258065,2338,73688,0.062262043,2417.125000000,30.485804416,41,114,37.111111111,3.071856287,4,79,62,2338,73688,0
1024,2,215,32,64,63,1.015873016,2724,86086,0.072737627,2760.875000000,31.180694526,42,118,43.238095238,2.729074890,3,85,63,2724,86086,0
1024,2,216,32,64,58,1.103448276,2646,83706,0.070726667,3134.031250000,26.708731765,38,121,42.000000000,2.880952381,3,106,58,2646,83706,0
1024,2,217,32,64,62,1.032258065,2832,89647,0.075746463,2907.031250000,30.837989788,41,114,44.952380952,2.536016949,3,93,62,2832,89647,0
1024,2,218,32,64,61,1.049180328,2610,82424,0.069643452,2748.718750000,29.986334542,42,115,41.428571429,2.775862069,3,93,61,2610,82424,0
1024,2,219,32,64,60,1.066666667,2531,80113,0.067690792,2738.031250000,29.259344648,39,114,40.174603175,2.837613591,4,106,60,2531,80113,0
1024,2,220,32,64,62,1.032258065,2887,91435,0.077257219,3047.812500000,30.000205065,40,119,45.825396825,2.596813301,5,106,62,2887,91435,0
1024,2,221,32,64,64,1.000000000,2549,80571,0.068077775,2517.843750000,32.000000000,44,119,40.460317460,2.941153393,4,100,64,2549,80571,0
1024,2,222,32,64,62,1.032258065,2547,80512,0.068027924,2586.406250000,31.128907147,39,120,40.428571429,2.968197880,3,79,62,2547,80512,0
1024,2,223,32,64,60,1.066666667,2480,78338,0.066191021,2601.718750000,30.110095490,38,114,39.365079365,2.895967742,3,85,60,2480,78338,0
1024,2,224,32,64,60,1.066666667,2740,86746,0.073295288,2942.062500000,29.484757717,41,120,43.492063492,2.759124088,3,100,60,2740,86746,0
1024,2,225,32,64,60,1.066666667,2542,80367,0.067905407,2766.375000000,29.051375898,38,113,40.349206349,2.800550747,3,106,60,2542,80367,0
1024,2,226,32,64,59,1.084745763,2696,85312,0.072083642,2958.593750000,28.835320834,39,112,42.793650794,2.617210682,3,85,59,2696,85312,0
1024,2,227,32,64,60,1.066666667,2666,84400,0.071313056,2806.562500000,30.072375014,42,115,42.317460317,2.717554389,4,88,60,2666,84400,0
1024,2,228,32,64,64,1.000000000,2648,83731,0.070747790,2616.593750000,32.000000000,40,116,42.031746032,2.759818731,3,106,64,2648,83731,0
1024,2,229,32,64,61,1.049180328,2819,89206,0.075373844,2958.906250000,30.148302265,44,114,44.746031746,2.547711955,3,106,61,2819,89206,0
1024,2,230,32,64,62,1.032258065,2391,75483,0.063778713,2457.531250000,30.714970562,37,115,37.952380952,3.030112923,4,100,62,2391,75483,0
1024,2,231,32,64,60,1.066666667,2789,88275,0.074587204,2998.062500000,29.444015927,39,118,44.269841270,2.665471495,3,106,60,2789,88275,0
1024,2,232,32,64,62,1.032258065,2670,84427,0.071335869,2716.562500000,31.078614978,39,114,42.380952381,2.689887640,4,106,62,2670,84427,0
1024,2,233,32,64,61,1.049180328,2505,79079,0.066817123,2586.781250000,30.570424152,40,111,39.761904762,2.791616766,3,83,61,2505,79079,0
1024,2,234,32,64,62,1.032258065,2636,83236,0.070329544,2680.750000000,31.049519724,38,113,41.841269841,2.700682853,3,88,62,2636,83236,0
1024,2,235,32,64,62,1.032258065,2682,84872,0.071711868,2725.125000000,31.144259438,40,117,42.571428571,2.748322148,3,100,62,2682,84872,0
1024,2,236,32,64,61,1.049180328,2623,82971,0.070105635,2724.062500000,30.458552254,37,114,41.634920635,2.738086161,3,106,61,2623,82971,0
1024,2,237,32,64,62,1.032258065,2586,81790,0.069107759,2627.500000000,31.128449096,41,117,41.047619048,2.850348028,3,87,62,2586,81790,0
1024,2,238,32,64,59,1.084745763,2393,75567,0.063849688,2719.125000000,27.790925390,38,112,37.984126984,2.948600084,3,77,59,2393,75567,0
1024,2,239,32,64,63,1.015873016,2578,81480,0.068845827,2570.375000000,31.699654720,41,116,40.920634921,2.834755625,3,90,63,2578,81480,0
1024,2,240,32,64,62,1.032258065,3050,96607,0.081627256,3106.375000000,31.099593578,43,119,48.412698413,2.458032787,3,93,62,3050,96607,0
1024,2,241,32,64,63,1.015873016,2545,80478,0.067999196,2556.406250000,31.480911925,44,116,40.396825397,2.871512770,4,79,63,2545,80478,0
1024,2,242,32,64,63,1.015873016,2836,89788,0.075865600,2858.093750000,31.415344581,43,115,45.015873016,2.554654443,3,85,63,2836,89788,0
1024,2,243,32,64,61,1.049180328,2598,82114,0.069381520,2756.906250000,29.784835810,43,118,41.238095238,2.861431871,3,83,61,2598,82114,0
1024,2,244,32,64,62,1.032258065,2653,83855,0.070852563,2718.375000000,30.847473215,41,116,42.111111111,2.754617414,4,87,62,2653,83855,0
1024,2,245,32,64,61,1.049180328,2612,82725,0.069897779,2809.375000000,29.446051168,38,115,41.460317460,2.773736600,4,78,61,2612,82725,0
1024,2,246,32,64,59,1.084745763,2412,76279,0.064451287,2541.656250000,30.011532834,38,113,38.285714286,2.951492537,3,85,59,2412,76279,0
1024,2,247,32,64,62,1.032258065,2525,79811,0.067435620,2600.593750000,30.689530035,39,114,40.079365079,2.844356436,4,79,62,2525,79811,0
1024,2,248,32,64,63,1.015873016,2839,89807,0.075881654,2853.562500000,31.471888210,42,113,45.063492063,2.507573089,4,87,63,2839,89807,0
1024,2,249,32,64,60,1.066666667,2834,89799,0.075874895,3040.312500000,29.536108541,38,115,44.984126984,2.556457304,3,93,60,2834,89799,0
1024,2,250,32,64,61,1.049180328,2706,85740,0.072445277,2828.812500000,30.309538013,40,115,42.952380952,2.677383592,3,93,61,2706,85740,0
1024,2,251,32,64,63,1.015873016,2623,82856,0.070008466,2637.343750000,31.416458321,43,111,41.634920635,2.666031262,3,93,63,2623,82856,0
1024,2,252,32,64,62,1.032258065,2632,83258,0.070348133,2729.687500000,30.500927304,40,149,41.777777778,3.566489362,3,106,62,2632,83258,0
1024,2,253,32,64,62,1.032258065,2637,83377,0.070448681,2700.375000000,30.876082026,43,114,41.857142857,2.723549488,3,85,62,2637,83377,0
1024,2,254,32,64,63,1.015873016,2644,83657,0.070685264,2707.093750000,30.902882473,42,121,41.968253968,2.883131619,3,93,63,2644,83657,0
1024,2,255,32,64,62,1.032258065,2904,91834,0.077594350,2947.593750000,31.155582414,42,115,46.095238095,2.494834711,3,93,62,2904,91834,0
1024,2,256,32,64,59,1.084745763,2860,90638,0.076583800,3107.468750000,29.167791309,39,122,45.396825397,2.687412587,3,106,59,2860,90638,0
1024,2,257,32,64,58,1.103448276,2485,78622,0.066430984,2751.750000000,28.571636231,37,115,39.444444444,2.915492958,3,87,58,2485,78622,0
1024,2,258,32,64,63,1.015873016,3045,96258,0.081332371,3058.312500000,31.474219852,45,121,48.333333333,2.503448276,3,106,63,3045,96258,0
1024,2,259,32,64,63,1.015873016,2552,80537,0.068049047,2564.218750000,31.408006825,41,117,40.507936508,2.888322884,3,76,63,2552,80537,0
1024,2,260,32,64,63,1.015873016,2683,84781,0.071634979,2682.687500000,31.603010041,40,114,42.587301587,2.676854268,4,106,63,2683,84781,0
1024,2,261,32,64,63,1.015873016,2433,76825,0.064912625,2446.000000000,31.408421913,38,118,38.619047619,3.055487053,4,79,63,2433,76825,0
1024,2,262,32,64,62,1.032258065,2574,81336,0.068724155,2658.250000000,30.597573592,43,117,40.857142857,2.863636364,3,78,62,2574,81336,0
1024,2,263,32,64,61,1.049180328,2670,84346,0.071267429,2849.812500000,29.597034893,42,114,42.380952381,2.689887640,3,100,61,2670,84346,0
1024,2,264,32,64,61,1.049180328,2515,79529,0.067197346,2659.812500000,29.900227930,40,117,39.920634921,2.930815109,3,83,61,2515,79529,0
1024,2,265,32,64,61,1.049180328,2703,85621,0.072344729,2817.125000000,30.393042552,38,119,42.904761905,2.773584906,5,93,61,2703,85621,0
1024,2,266,32,64,59,1.084745763,2696,85323,0.072092937,2903.187500000,29.389421110,38,120,42.793650794,2.804154303,3,83,59,2696,85323,0
1024,2,267,32,64,62,1.032258065,2774,87817,0.074200221,2844.593750000,30.871543608,40,114,44.031746032,2.589041096,3,85,62,2774,87817,0
1024,2,268,32,64,62,1.032258065,2571,81233,0.068637126,2600.000000000,31.243461538,36,116,40.809523810,2.842473746,3,100,62,2571,81233,0
1024,2,269,32,64,63,1.015873016,2750,86944,0.073462587,2787.375000000,31.192071393,43,117,43.650793651,2.680363636,4,106,63,2750,86944,0
1024,2,270,32,64,61,1.049180328,2460,77726,0.065673917,2533.375000000,30.680811171,36,115,39.047619048,2.945121951,3,79,61,2460,77726,0
1024,2,271,32,64,63,1.015873016,2425,76526,0.064659987,2409.625000000,31.758468641,40,96,38.492063492,2.494020619,3,85,63,2425,76526,0
1024,2,272,32,64,61,1.049180328,2711,85744,0.072448657,2834.593750000,30.249131820,42,110,43.031746032,2.556252305,3,100,61,2711,85744,0
1024,2,273,32,64,58,1.103448276,2593,81966,0.069256468,2944.343750000,27.838461457,41,115,41.158730159,2.794060933,3,93,58,2593,81966,0
1024,2,274,32,64,62,1.032258065,2840,89847,0.075915452,2921.250000000,30.756354300,38,116,45.079365079,2.573239437,3,88,62,2840,89847,0
1024,2,275,32,64,63,1.015873016,2747,86937,0.073456672,2766.062500000,31.429875500,41,120,43.603174603,2.752093193,4,100,63,2747,86937,0
1024,2,276,32,64,63,1.015873016,2763,87505,0.073936599,2782.500000000,31.448337826,41,114,43.857142857,2.599348534,4,106,63,2763,87505,0
1024,2,277,32,64,63,1.015873016,2911,92156,0.077866422,2927.906250000,31.475051498,46,114,46.206349206,2.467193404,3,106,63,2911,92156,0
1024,2,278,32,64,62,1.032258065,2378,75194,0.063534525,2416.562500000,31.116099832,38,113,37.746031746,2.993692178,4,91,62,2378,75194,0
1024,2,279,32,64,60,1.066666667,2474,78227,0.066097232,2652.687500000,29.489715619,39,112,39.269841270,2.852061439,3,79,60,2474,78227,0
1024,2,280,32,64,62,1.032258065,2851,90340,0.076332008,2924.125000000,30.894712093,41,116,45.253968254,2.563311119,3,106,62,2851,90340,0
1024,2,281,32,64,63,1.015873016,2517,79524,0.067193122,2519.906250000,31.558316902,41,110,39.952380952,2.753277712,4,79,63,2517,79524,0
1024,2,282,32,64,59,1.084745763,2559,80982,0.068425046,2807.500000000,28.844879786,36,123,40.619047619,3.028135991,4,106,59,2559,80982,0
1024,2,283,32,64,61,1.049180328,2610,82626,0.069814130,2696.906250000,30.637327493,43,114,41.428571429,2.751724138,4,85,61,2610,82626,0
1024,2,284,32,64,62,1.032258065,2639,83356,0.070430937,2665.125000000,31.276581774,38,116,41.888888889,2.769230769,3,106,62,2639,83356,0
1024,2,285,32,64,62,1.032258065,2586,81813,0.069127192,2721.312500000,30.063801934,37,119,41.047619048,2.899071926,4,88,62,2586,81813,0
1024,2,286,32,64,60,1.066666667,2342,74164,0.062664235,2512.906250000,29.513237909,39,114,37.174603175,3.066609735,4,100,60,2342,74164,0
1024,2,287,32,64,64,1.000000000,2787,88212,0.074533973,2756.625000000,32.000000000,43,121,44.238095238,2.735199139,3,106,64,2787,88212,0
1024,2,288,32,64,60,1.066666667,2742,86901,0.073426254,2952.187500000,29.436138457,43,124,43.523809524,2.849015317,5,88,60,2742,86901,0
1024,2,289,32,64,62,1.032258065,2817,89094,0.075279211,2860.531250000,31.145962835,42,116,44.714285714,2.594249201,3,90,62,2817,89094,0
1024,2,290,32,64,61,1.049180328,2632,83318,0.070398829,2736.250000000,30.449703061,42,115,41.777777778,2.752659574,4,106,61,2632,83318,0
1024,2,291,32,64,62,1.032258065,2479,78466,0.066299173,2566.875000000,30.568687607,39,114,39.349206349,2.897135942,4,91,62,2479,78466,0
1024,2,292,32,64,61,1.049180328,2942,93139,0.078696999,3087.500000000,30.166477733,43,116,46.698412698,2.484024473,3,106,61,2942,93139,0
1024,2,293,32,64,61,1.049180328,2612,82556,0.069754984,2695.781250000,30.624146525,38,114,41.460317460,2.749617152,3,106,61,2612,82556,0
1024,2,294,32,64,61,1.049180328,2639,83576,0.070616824,2770.343750000,30.168097371,40,116,41.888888889,2.769230769,4,85,61,2639,83576,0
1024,2,295,32,64,63,1.015873016,2611,82575,0.069771038,2617.531250000,31.546901303,41,114,41.444444444,2.750670241,3,106,63,2611,82575,0
1024,2,296,32,64,62,1.032258065,2578,81445,0.068816254,2624.843750000,31.028513602,42,116,40.920634921,2.834755625,3,93,62,2578,81445,0
1024,2,297,32,64,60,1.066666667,2758,87405,0.073852105,2993.093750000,29.202225958,41,122,43.777777778,2.786802030,3,93,60,2758,87405,0
1024,2,298,32,64,62,1.032258065,2362,74522,0.062966725,2413.687500000,30.874750770,38,115,37.492063492,3.067315834,3,93,62,2362,74522,0
1024,2,299,32,64,60,1.066666667,2534,80155,0.067726280,2705.937500000,29.621896293,39,116,40.222222222,2.883977901,3,88,60,2534,80155,0
1024,2,300,32,64,62,1.032258065,2829,89591,0.075699147,2939.968750000,30.473453162,40,118,44.904761905,2.627783669,3,91,62,2829,89591,0
1024,2,301,32,64,61,1.049180328,2649,83879,0.070872841,2781.781250000,30.152982015,40,115,42.047619048,2.734994337,4,88,61,2649,83879,0
1024,2,302,32,64,63,1.015873016,2775,87904,0.074273731,2817.906250000,31.194792233,41,117,44.047619048,2.656216216,3,85,63,2775,87904,0
1024,2,303,32,64,61,1.049180328,2372,74945,0.063324135,2509.812500000,29.860796374,37,114,37.650793651,3.027824621,3,90,61,2372,74945,0
1024,2,304,32,64,60,1.066666667,2662,84207,0.071149982,2944.500000000,28.598064187,43,112,42.253968254,2.650638618,3,93,60,2662,84207,0
1024,2,305,32,64,61,1.049180328,2749,86966,0.073481176,2915.843750000,29.825329289,41,115,43.634920635,2.635503820,4,87,61,2749,86966,0
1024,2,306,32,64,63,1.015873016,2682,84778,0.071632444,2697.343750000,31.430180154,39,117,42.571428571,2.748322148,3,106,63,2682,84778,0
1024,2,307,32,64,62,1.032258065,2601,82163,0.069422922,2665.562500000,30.823888016,42,118,41.285714286,2.858131488,3,106,62,2601,82163,0
1024,2,308,32,64,61,1.049180328,2651,83899,0.070889740,2742.562500000,30.591463276,42,114,42.079365079,2.709166352,4,93,61,2651,83899,0
1024,2,309,32,64,61,1.049180328,2520,79678,0.067323242,2601.500000000,30.627714780,41,115,40.000000000,2.875000000,3,87,61,2520,79678,0
1024,2,310,32,64,63,1.015873016,2551,80644,0.068139456,2572.875000000,31.343924598,39,117,40.492063492,2.889455116,3,78,63,2551,80644,0
1024,2,311,32,64,61,1.049180328,2442,77134,0.065173712,2528.687500000,30.503571517,40,116,38.761904762,2.992628993,3,83,61,2442,77134,0
1024,2,312,16,32,32,1.000000000,1460,46163,0.039005031,2885.187500000,16.000000000,27,116,23.920634921,4.849369608,3,87,34,1507,47656,32
1024,4,0,32,128,116,1.103448276,4662,147399,0.124543520,5214.718750000,28.265953940,54,169,74.000000000,2.283783784,4,106,116,4662,147399,0
1024,4,1,32,128,120,1.066666667,5399,170825,0.144337118,5745.343750000,29.732772734,56,169,85.698412698,1.972031858,4,100,120,5399,170825,0
1024,4,2,32,128,124,1.032258065,5613,177649,0.150102998,5758.593750000,30.849371863,53,170,89.095238095,1.908070551,4,106,124,5613,177649,0
1024,4,3,32,128,119,1.075630252,4753,150166,0.126881473,5123.625000000,29.308546195,56,167,75.444444444,2.213549337,5,81,119,4753,150166,0
1024,4,4,32,128,116,1.103448276,5081,160702,0.135783776,5612.406250000,28.633351337,55,167,80.650793651,2.070655383,5,93,116,5081,160702,0
1024,4,5,32,128,114,1.122807018,4710,148871,0.125787274,5251.062500000,28.350643322,50,168,74.761904762,2.247133758,6,106,114,4710,148871,0
1024,4,6,32,128,119,1.075630252,4940,156037,0.131842124,5283.875000000,29.530789430,56,168,78.412698413,2.142510121,5,93,119,4940,156037,0
1024,4,7,32,128,116,1.103448276,5392,170727,0.144254314,5987.281250000,28.514945744,54,173,85.587301587,2.021327893,4,106,116,5392,170727,0
1024,4,8,32,128,125,1.024000000,5591,177062,0.149607018,5704.406250000,31.039514410,60,164,88.746031746,1.847969952,4,106,125,5591,177062,0
1024,4,9,32,128,120,1.066666667,5096,161261,0.136256098,5498.250000000,29.329513936,53,170,80.888888889,2.101648352,6,93,120,5096,161261,0
1024,4,10,32,128,118,1.084745763,4833,152865,0.129161970,5330.281250000,28.678599277,55,171,76.714285714,2.229050279,5,100,118,4833,152865,0
1024,4,11,32,128,127,1.007874016,5312,168144,0.142071830,5298.531250000,31.734077250,56,172,84.317460317,2.039909639,5,93,127,5312,168144,0
1024,4,12,32,128,114,1.122807018,4860,153529,0.129723011,5437.406250000,28.235705213,54,166,77.142857143,2.151851852,5,93,114,4860,153529,0
1024,4,13,32,128,124,1.032258065,4749,150008,0.126747973,4840.156250000,30.992387901,57,171,75.380952381,2.268477574,5,106,124,4749,150008,0
1024,4,14,32,128,117,1.094017094,4647,146769,0.124011207,4990.875000000,29.407468630,58,166,73.761904762,2.250484183,6,106,117,4647,146769,0
1024,4,15,32,128,117,1.094017094,5019,158848,0.134217255,5535.906250000,28.694127542,53,172,79.666666667,2.158995816,4,88,117,5019,158848,0
1024,4,16,32,128,125,1.024000000,5423,171490,0.144899004,5520.843750000,31.062281015,56,175,86.079365079,2.033007560,4,91,125,5423,171490,0
1024,4,17,32,128,119,1.075630252,4990,157699,0.133246417,5337.875000000,29.543404445,57,166,79.206349206,2.095791583,5,85,119,4990,157699,0
1024,4,18,32,128,118,1.084745763,5308,167870,0.141840316,5698.687500000,29.457660207,56,167,84.253968254,1.982102487,3,100,118,5308,167870,0
1024,4,19,32,128,121,1.057851240,5574,176591,0.149209050,5885.531250000,30.004258324,56,171,88.476190476,1.932723358,4,106,121,5574,176591,0
1024,4,20,32,128,116,1.103448276,4698,148542,0.125509288,5302.968750000,28.011102272,57,171,74.571428571,2.293103448,5,88,116,4698,148542,0
1024,4,21,32,128,119,1.075630252,5007,158161,0.133636780,5344.593750000,29.592707584,50,174,79.476190476,2.189334931,5,100,119,5007,158161,0
1024,4,22,32,128,112,1.142857143,4951,156706,0.132407390,5660.375000000,27.684738202,57,167,78.587301587,2.125025247,4,106,112,4951,156706,0
1024,4,23,32,128,118,1.084745763,4989,157767,0.133303873,5366.562500000,29.398148256,61,166,79.190476190,2.096211666,4,106,118,4989,157767,0
1024,4,24,32,128,118,1.084745763,4835,153004,0.129279417,5251.625000000,29.134601195,52,173,76.746031746,2.254188211,5,106,118,4835,153004,0
1024,4,25,32,128,122,1.049180328,4995,157968,0.133473706,5207.187500000,30.336530037,55,171,79.285714286,2.156756757,5,88,122,4995,157968,0
1024,4,26,32,128,122,1.049180328,5515,174549,0.147483680,5772.250000000,30.239334748,57,170,87.539682540,1.941976428,5,106,122,5515,174549,0
1024,4,27,32,128,120,1.066666667,5163,163383,0.138049064,5541.781250000,29.482037026,57,170,81.952380952,2.074375363,4,90,120,5163,163383,0
1024,4,28,32,128,115,1.113043478,5195,164374,0.138886401,5982.562500000,27.475517389,54,173,82.460317460,2.097978826,4,106,115,5195,164374,0
1024,4,29,32,128,122,1.049180328,5205,164638,0.139109466,5456.937500000,30.170402355,53,171,82.619047619,2.069740634,5,93,122,5205,164638,0
1024,4,30,32,128,116,1.103448276,4805,151980,0.128414197,5307.000000000,28.637648389,50,169,76.269841270,2.215816857,4,85,116,4805,151980,0
1024,4,31,32,128,119,1.075630252,4897,154832,0.130823970,5288.812500000,29.275380816,54,170,77.730158730,2.187053298,5,106,119,4897,154832,0
1024,4,32,32,128,121,1.057851240,5178,163768,0.138374367,5394.000000000,30.361142010,57,170,82.190476190,2.068366165,4,88,121,5178,163768,0
1024,4,33,32,128,113,1.132743363,4798,151815,0.128274782,5603.562500000,27.092586190,53,168,76.158730159,2.205919133,4,106,113,4798,151815,0
1024,4,34,32,128,123,1.040650407,5323,168367,0.142260252,5470.062500000,30.779721438,57,164,84.492063492,1.941010708,4,93,123,5323,168367,0
1024,4,35,32,128,120,1.066666667,4761,150360,0.127045392,5032.031250000,29.880577550,59,170,75.571428571,2.249527410,5,87,120,4761,150360,0
1024,4,36,32,128,123,1.040650407,5069,160187,0.135348631,5232.125000000,30.616049884,58,168,80.460317460,2.087985796,4,106,123,5069,160187,0
1024,4,37,32,128,121,1.057851240,4948,156461,0.132200380,5154.750000000,30.352781415,52,166,78.539682540,2.113581245,5,93,121,4948,156461,0
1024,4,38,32,128,116,1.103448276,4985,157630,0.133188116,5529.125000000,28.509031718,51,174,79.126984127,2.198996991,5,93,116,4985,157630,0
1024,4,39,32,128,120,1.066666667,5178,164005,0.138574618,5600.093750000,29.286116862,53,173,82.190476190,2.104866744,4,106,120,5178,164005,0
1024,4,40,32,128,117,1.094017094,4836,152825,0.129128173,5257.750000000,29.066615948,57,171,76.761904762,2.227667494,5,100,117,4836,152825,0
1024,4,41,32,128,121,1.057851240,4628,146329,0.123639433,4845.000000000,30.202063983,53,169,73.460317460,2.300561798,5,106,121,4628,146329,0
1024,4,42,32,128,122,1.049180328,4827,152541,0.128888209,5059.718750000,30.148118411,53,171,76.619047619,2.231821007,5,93,122,4827,152541,0
1024,4,43,32,128,117,1.094017094,5215,165146,0.139538696,5649.218750000,29.233422763,55,171,82.777777778,2.065771812,4,100,117,5215,165146,0
1024,4,44,32,128,118,1.084745763,4980,157535,0.133107847,5584.062500000,28.211539538,53,166,79.047619048,2.100000000,5,100,118,4980,157535,0
1024,4,45,32,128,123,1.040650407,5328,168340,0.142237439,5510.093750000,30.551204324,56,163,84.571428571,1.927364865,4,93,123,5328,168340,0
1024,4,46,32,128,123,1.040650407,5328,168494,0.142367560,5534.000000000,30.447054572,54,169,84.571428571,1.998310811,5,100,123,5328,168494,0
1024,4,47,32,128,120,1.066666667,5155,163006,0.137730521,5509.406250000,29.586854300,54,165,81.825396825,2.016488846,4,100,120,5155,163006,0
1024,4,48,32,128,115,1.113043478,4723,149510,0.126327192,5116.500000000,29.221147269,55,178,74.968253968,2.374338344,4,91,115,4723,149510,0
1024,4,49,32,128,116,1.103448276,4754,150211,0.126919496,5258.656250000,28.564521592,53,171,75.460317460,2.266091712,4,93,116,4754,150211,0
1024,4,50,32,128,122,1.049180328,5278,166966,0.141076489,5483.125000000,30.450883392,58,171,83.777777778,2.041114058,4,106,122,5278,166966,0
1024,4,51,32,128,118,1.084745763,5082,160744,0.135819264,5541.093750000,29.009435186,57,163,80.666666667,2.020661157,4,91,118,5082,160744,0
1024,4,52,32,128,114,1.122807018,4713,149038,0.125928379,5275.906250000,28.248796119,52,170,74.809523810,2.272437938,5,100,114,4713,149038,0
1024,4,53,32,128,119,1.075630252,4919,155535,0.131417964,5330.375000000,29.178997725,56,172,78.079365079,2.202886766,4,100,119,4919,155535,0
1024,4,54,32,128,117,1.094017094,5037,159173,0.134491861,5501.000000000,28.935284494,54,169,79.952380952,2.113758189,4,93,117,5037,159173,0
1024,4,55,32,128,114,1.122807018,4528,143090,0.120902668,5049.687500000,28.336406956,53,170,71.873015873,2.365282686,5,76,114,4528,143090,0
1024,4,56,32,128,121,1.057851240,5362,169727,0.143409372,5639.531250000,30.095941041,58,171,85.111111111,2.009138381,4,106,121,5362,169727,0
1024,4,57,32,128,120,1.066666667,4982,157688,0.133237123,5276.843750000,29.883014823,53,167,79.079365079,2.111802489,5,93,120,4982,157688,0
1024,4,58,32,128,122,1.049180328,4913,155148,0.131090971,5028.968750000,30.850857842,57,168,77.984126984,2.154284551,5,100,122,4913,155148,0
1024,4,59,32,128,125,1.024000000,5188,164022,0.138588982,5295.968750000,30.971104201,57,167,82.349206349,2.027949113,4,93,125,5188,164022,0
1024,4,60,32,128,121,1.057851240,5176,163935,0.138515472,5516.156250000,29.719063886,52,163,82.158730159,1.983964451,5,100,121,5176,163935,0
1024,4,61,32,128,111,1.153153153,4774,150944,0.127538838,5533.093750000,27.280217329,56,167,75.777777778,2.203812317,4,106,111,4774,150944,0
1024,4,62,32,128,118,1.084745763,5183,163912,0.138496038,5595.187500000,29.295175541,54,171,82.269841270,2.078525950,4,87,118,5183,163912,0
1024,4,63,32,128,124,1.032258065,5330,168423,0.142307569,5425.000000000,31.045714286,57,171,84.603174603,2.021200750,5,93,124,5330,168423,0
1024,4,64,32,128,117,1.094017094,5191,164236,0.138769799,5679.250000000,28.918607210,61,170,82.396825397,2.063186284,4,91,117,5191,164236,0
1024,4,65,32,128,116,1.103448276,4837,152841,0.129141692,5360.093750000,28.514613201,54,168,76.777777778,2.188133140,4,87,116,4837,152841,0
1024,4,66,32,128,121,1.057851240,4946,156256,0.132027167,5172.406250000,30.209537389,55,163,78.507936508,2.076223211,5,87,121,4946,156256,0
1024,4,67,32,128,123,1.040650407,5092,161248,0.136245114,5362.531250000,30.069381880,55,169,80.825396825,2.090926944,4,106,123,5092,161248,0
1024,4,68,32,128,113,1.132743363,4799,151725,0.128198737,5363.687500000,28.287442175,55,169,76.174603175,2.218587206,5,106,113,4799,151725,0
1024,4,69,32,128,117,1.094017094,4847,153290,0.129521070,5233.406250000,29.290674692,53,164,76.936507937,2.131627811,5,81,117,4847,153290,0
1024,4,70,32,128,117,1.094017094,4946,156347,0.132104056,5346.750000000,29.241501847,52,173,78.507936508,2.203598868,4,106,117,4946,156347,0
1024,4,71,32,128,115,1.113043478,5001,158123,0.133604672,5607.125000000,28.200370065,57,169,79.380952381,2.128974205,4,93,115,5001,158123,0
1024,4,72,32,128,123,1.040650407,5062,160035,0.135220200,5268.562500000,30.375458201,55,171,80.349206349,2.128210194,6,106,123,5062,160035,0
1024,4,73,32,128,119,1.075630252,5224,165220,0.139601221,5618.781250000,29.404953254,54,173,82.920634921,2.086332312,4,93,119,5224,165220,0
1024,4,74,32,128,114,1.122807018,4934,156171,0.131955347,5604.687500000,27.864354614,57,169,78.317460317,2.157884070,4,93,114,4934,156171,0
1024,4,75,32,128,117,1.094017094,4819,152439,0.128802025,5254.125000000,29.013203911,55,164,76.492063492,2.144013281,5,106,117,4819,152439,0
1024,4,76,32,128,121,1.057851240,5152,162936,0.137671375,5438.875000000,29.957665878,53,173,81.777777778,2.115489130,5,85,121,5152,162936,0
1024,4,77,32,128,119,1.075630252,4977,157358,0.132958292,5354.718750000,29.386790856,54,172,79.000000000,2.177215190,5,100,119,4977,157358,0
1024,4,78,32,128,120,1.066666667,5621,177967,0.150371690,6102.687500000,29.162069990,54,169,89.222222222,1.894146949,5,106,120,5621,177967,0
1024,4,79,32,128,116,1.103448276,4643,146720,0.123969805,5108.031250000,28.723395144,55,158,73.698412698,2.143872496,4,73,116,4643,146720,0
1024,4,80,32,128,120,1.066666667,4764,150407,0.127085104,5122.000000000,29.364896525,59,170,75.619047619,2.248110831,6,91,120,4764,150407,0
1024,4,81,32,128,121,1.057851240,4806,151764,0.128231690,5048.906250000,30.058787485,55,167,76.285714286,2.189138577,5,88,121,4806,151764,0
1024,4,82,32,128,122,1.049180328,5312,168174,0.142097178,5477.781250000,30.701116442,55,171,84.317460317,2.028049699,5,106,122,5312,168174,0
1024,4,83,32,128,118,1.084745763,5228,165293,0.139662902,5617.906250000,29.422527298,55,173,82.984126984,2.084736037,6,106,118,5228,165293,0
1024,4,84,32,128,119,1.075630252,5199,164561,0.139044405,5580.531250000,29.488411162,56,171,82.523809524,2.072129256,5,106,119,5199,164561,0
1024,4,85,32,128,110,1.163636364,5074,160597,0.135695057,6066.625000000,26.472214782,55,170,80.539682540,2.110760741,4,93,110,5074,160597,0
1024,4,86,32,128,120,1.066666667,4920,155548,0.131428948,5259.562500000,29.574322959,54,172,78.095238095,2.202439024,4,93,120,4920,155548,0
1024,4,87,32,128,116,1.103448276,4729,149620,0.126420135,5312.843750000,28.161942463,53,171,75.063492063,2.278071474,5,106,116,4729,149620,0
1024,4,88,32,128,114,1.122807018,4696,148458,0.125438313,5354.750000000,27.724543629,54,167,74.539682540,2.240417376,4,88,114,4696,148458,0
1024,4,89,32,128,119,1.075630252,5127,162175,0.137028375,5413.031250000,29.960107842,56,168,81.380952381,2.064365126,4,106,119,5127,162175,0
1024,4,90,32,128,123,1.040650407,4827,152533,0.128881450,4914.843750000,31.035167700,56,166,76.619047619,2.166563083,5,93,123,4827,152533,0
1024,4,91,32,128,120,1.066666667,4984,157570,0.133137420,5333.656250000,29.542586289,56,170,79.111111111,2.148876404,5,93,120,4984,157570,0
1024,4,92,32,128,118,1.084745763,4834,152754,0.129068182,5168.750000000,29.553373640,55,167,76.730158730,2.176458420,4,81,118,4834,152754,0
1024,4,93,32,128,115,1.113043478,5054,159863,0.135074870,5648.406250000,28.302319792,58,166,80.222222222,2.069252078,4,106,115,5054,159863,0
1024,4,94,32,128,112,1.142857143,4567,144288,0.121914908,5281.156250000,27.321289727,57,167,72.492063492,2.303700460,5,106,112,4567,144288,0
1024,4,95,32,128,121,1.057851240,5306,167799,0.141780325,5673.218750000,29.577389379,59,162,84.222222222,1.923482850,4,106,121,5306,167799,0
1024,4,96,32,128,120,1.066666667,4930,155929,0.131750871,5279.843750000,29.532881537,57,170,78.253968254,2.172413793,5,106,120,4930,155929,0
1024,4,97,32,128,120,1.066666667,5139,162555,0.137349453,5399.937500000,30.103126194,56,169,81.571428571,2.071803853,4,93,120,5139,162555,0
1024,4,98,32,128,115,1.113043478,4708,148723,0.125662223,5207.687500000,28.558357236,55,168,74.730158730,2.248088360,4,79,115,4708,148723,0
1024,4,99,32,128,115,1.113043478,4955,156747,0.132442033,5535.718750000,28.315564262,56,169,78.650793651,2.148738648,5,106,115,4955,156747,0
1024,4,100,32,128,118,1.084745763,4723,149348,0.126190311,5239.937500000,28.501866673,51,170,74.968253968,2.267626509,6,106,118,4723,149348,0
1024,4,101,32,128,115,1.113043478,5016,158740,0.134126001,5686.000000000,27.917692578,52,173,79.619047619,2.172846890,4,106,115,5016,158740,0
1024,4,102,32,128,123,1.040650407,5465,172930,0.146115720,5662.437500000,30.539851433,55,164,86.746031746,1.890576395,5,93,123,5465,172930,0
1024,4,103,32,128,115,1.113043478,5051,159627,0.134875464,5593.375000000,28.538583592,55,169,80.174603175,2.107899426,5,106,115,5051,159627,0
1024,4,104,32,128,122,1.049180328,5158,162994,0.137720382,5465.906250000,29.820123607,53,172,81.873015873,2.100814269,6,106,122,5158,162994,0
1024,4,105,32,128,117,1.094017094,5276,166957,0.141068885,5767.500000000,28.947897703,58,163,83.746031746,1.946360879,4,91,117,5276,166957,0
1024,4,106,32,128,122,1.049180328,5255,166343,0.140550091,5429.312500000,30.637949096,52,170,83.412698413,2.038058991,4,93,122,5255,166343,0
1024,4,107,32,128,121,1.057851240,5282,167069,0.141163518,5450.625000000,30.651347323,57,174,83.841269841,2.075350246,4,106,121,5282,167069,0
1024,4,108,32,128,117,1.094017094,4924,155581,0.131456831,5427.781250000,28.663830179,53,169,78.158730159,2.162266450,5,100,117,4924,155581,0
1024,4,109,32,128,121,1.057851240,4944,156210,0.131988299,5155.500000000,30.299679953,52,171,78.476190476,2.179004854,5,85,121,4944,156210,0
1024,4,110,32,128,120,1.066666667,5272,166708,0.140858494,5769.968750000,28.892357519,60,168,83.682539683,2.007587253,5,106,120,5272,166708,0
1024,4,111,32,128,120,1.066666667,4722,148975,0.125875148,5008.531250000,29.744248875,49,166,74.952380952,2.214739517,5,106,120,4722,148975,0
1024,4,112,32,128,121,1.057851240,5210,165058,0.139464341,5479.968750000,30.120244755,51,172,82.698412698,2.079846449,6,93,121,5210,165058,0
1024,4,113,32,128,125,1.024000000,5086,160831,0.135892774,5169.656250000,31.110579161,54,160,80.730158730,1.981911129,4,81,125,5086,160831,0
1024,4,114,32,128,117,1.094017094,5398,170834,0.144344723,5915.906250000,28.877063425,55,171,85.682539683,1.995739163,4,93,117,5398,170834,0
1024,4,115,32,128,117,1.094017094,4778,150970,0.127560806,5314.687500000,28.406185688,55,169,75.841269841,2.228338217,5,93,117,4778,150970,0
1024,4,116,32,128,122,1.049180328,4651,146867,0.124094012,4866.875000000,30.176858867,55,167,73.825396825,2.262094173,6,106,122,4651,146867,0
1024,4,117,32,128,118,1.084745763,4720,149061,0.125947813,5079.812500000,29.343799599,56,168,74.920634921,2.242372881,5,106,118,4720,149061,0
1024,4,118,32,128,119,1.075630252,5243,165929,0.140200285,5665.156250000,29.289395151,55,175,83.222222222,2.102803738,4,91,119,5243,165929,0
1024,4,119,32,128,121,1.057851240,5353,169442,0.143168564,5645.843750000,30.011811786,58,165,84.968253968,1.941901737,4,93,121,5353,169442,0
1024,4,120,32,128,121,1.057851240,5289,167343,0.141395032,5608.406250000,29.837888438,53,171,83.952380952,2.036868973,4,88,121,5289,167343,0
1024,4,121,32,128,119,1.075630252,4753,150256,0.126957518,4985.468750000,30.138790861,52,170,75.444444444,2.253313697,5,79,119,4753,150256,0
1024,4,122,32,128,119,1.075630252,4630,146331,0.123641123,4942.781250000,29.604992129,55,166,73.492063492,2.258747300,5,81,119,4630,146331,0
1024,4,123,32,128,115,1.113043478,5004,158301,0.133755072,5578.937500000,28.374757738,53,167,79.428571429,2.102517986,4,106,115,5004,158301,0
1024,4,124,32,128,118,1.084745763,4928,155774,0.131619905,5404.656250000,28.822184575,55,170,78.222222222,2.173295455,5,106,118,4928,155774,0
1024,4,125,32,128,119,1.075630252,5002,158169,0.133643539,5429.468750000,29.131579402,52,168,79.396825397,2.115953619,5,83,119,5002,158169,0
1024,4,126,32,128,123,1.040650407,5172,163657,0.138280578,5416.312500000,30.215575634,57,170,82.095238095,2.070765661,4,93,123,5172,163657,0
1024,4,127,32,128,117,1.094017094,4499,142202,0.120152360,4853.250000000,29.300365734,56,169,71.412698413,2.366525895,5,88,117,4499,142202,0
1024,4,128,32,128,121,1.057851240,4985,157586,0.133150939,5269.593750000,29.904772071,51,164,79.126984127,2.072617854,5,90,121,4985,157586,0
1024,4,129,32,128,117,1.094017094,5295,167749,0.141738078,5749.062500000,29.178496494,56,170,84.047619048,2.022662890,5,106,117,5295,167749,0
1024,4,130,32,128,121,1.057851240,5345,169292,0.143041823,5672.843750000,29.842528273,56,170,84.841269841,2.003741815,5,93,121,5345,169292,0
1024,4,131,32,128,119,1.075630252,4921,155443,0.131340229,5384.500000000,28.868604327,53,175,78.111111111,2.240398293,4,93,119,4921,155443,0
1024,4,132,32,128,122,1.049180328,5122,162044,0.136917687,5342.500000000,30.331118390,56,171,81.301587302,2.103279969,5,106,122,5122,162044,0
1024,4,133,32,128,120,1.066666667,5003,158192,0.133662973,5298.375000000,29.856701347,55,167,79.412698413,2.102938237,5,100,120,5003,158192,0
1024,4,134,32,128,120,1.066666667,5101,161191,0.136196952,5437.625000000,29.643640376,53,169,80.968253968,2.087237797,5,91,120,5101,161191,0
1024,4,135,32,128,118,1.084745763,5134,162310,0.137142442,5512.000000000,29.446661829,55,173,81.492063492,2.122906116,5,106,118,5134,162310,0
1024,4,136,32,128,117,1.094017094,4998,158230,0.133695081,5502.750000000,28.754713552,57,167,79.333333333,2.105042017,4,106,117,4998,158230,0
1024,4,137,32,128,116,1.103448276,5042,159444,0.134720840,5574.875000000,28.600461894,55,166,80.031746032,2.074176914,5,93,116,5042,159444,0
1024,4,138,32,128,116,1.103448276,5141,162781,0.137540409,5690.468750000,28.605903512,58,167,81.603174603,2.046489010,4,93,116,5141,162781,0
1024,4,139,32,128,116,1.103448276,4944,156374,0.132126870,5444.312500000,28.722451182,55,166,78.476190476,2.115291262,4,106,116,4944,156374,0
1024,4,140,32,128,117,1.094017094,5379,170254,0.143854657,5819.093750000,29.257820430,58,171,85.380952381,2.002788622,4,93,117,5379,170254,0
1024,4,141,32,128,123,1.040650407,5387,170262,0.143861416,5552.000000000,30.666786744,58,170,85.507936508,1.988119547,5,93,123,5387,170262,0
1024,4,142,32,128,121,1.057851240,5151,162825,0.137577587,5468.156250000,29.776947211,52,169,81.761904762,2.066977286,4,85,121,5151,162825,0
1024,4,143,32,128,116,1.103448276,4803,151910,0.128355051,5514.593750000,27.546906787,56,171,76.238095238,2.242973142,4,93,116,4803,151910,0
1024,4,144,32,128,120,1.066666667,4654,147188,0.124365238,4956.000000000,29.698950767,55,171,73.873015873,2.314782982,5,100,120,4654,147188,0
1024,4,145,32,128,120,1.066666667,4862,153592,0.129776243,5079.875000000,30.235389650,55,165,77.174603175,2.138009050,5,85,120,4862,153592,0
1024,4,146,32,128,118,1.084745763,5049,159620,0.134869549,5465.812500000,29.203343510,54,171,80.142857143,2.133689840,5,93,118,5049,159620,0
1024,4,147,32,128,125,1.024000000,5828,184705,0.156064905,5996.718750000,30.801010970,54,175,92.507936508,1.891729581,4,106,125,5828,184705,0
1024,4,148,32,128,122,1.049180328,5369,170002,0.143641731,5646.343750000,30.108333379,54,165,85.222222222,1.936114733,4,93,122,5369,170002,0
1024,4,149,32,128,121,1.057851240,4920,155405,0.131308121,5162.937500000,30.100112581,58,170,78.095238095,2.176829268,5,85,121,4920,155405,0
1024,4,150,32,128,124,1.032258065,5056,159842,0.135057126,5163.468750000,30.956321756,55,170,80.253968254,2.118275316,5,106,124,5056,159842,0
1024,4,151,32,128,118,1.084745763,4830,152688,0.129012416,5135.656250000,29.730961842,55,167,76.666666667,2.178260870,4,93,118,4830,152688,0
1024,4,152,32,128,120,1.066666667,5136,162391,0.137210882,5475.406250000,29.658255951,52,168,81.523809524,2.060747664,4,106,120,5136,162391,0
1024,4,153,32,128,123,1.040650407,5377,170057,0.143688203,5634.000000000,30.184061058,55,168,85.349206349,1.968383857,4,106,123,5377,170057,0
1024,4,154,32,128,116,1.103448276,4994,157955,0.133462722,5502.531250000,28.705879680,55,171,79.269841270,2.157188626,4,106,116,4994,157955,0
1024,4,155,32,128,120,1.066666667,5246,165938,0.140207889,5577.468750000,29.751488971,56,155,83.269841270,1.861418223,5,106,120,5246,165938,0
1024,4,156,32,128,124,1.032258065,4942,155984,0.131797342,5041.125000000,30.942299586,53,170,78.444444444,2.167138810,5,106,124,4942,155984,0
1024,4,157,32,128,116,1.103448276,5134,162509,0.137310585,5910.593750000,27.494530478,55,170,81.492063492,2.086092715,4,106,116,5134,162509,0
1024,4,158,32,128,121,1.057851240,5180,163761,0.138368452,5431.062500000,30.152663498,53,165,82.222222222,2.006756757,5,91,121,5180,163761,0
1024,4,159,32,128,113,1.132743363,4981,157691,0.133239657,5766.812500000,27.344568598,53,171,79.063492063,2.162818711,4,93,113,4981,157691,0
1024,4,160,32,128,121,1.057851240,5149,162846,0.137595331,5465.937500000,29.792876336,57,171,81.730158730,2.092250923,5,93,121,5149,162846,0
1024,4,161,32,128,121,1.057851240,4847,153320,0.129546419,5017.218750000,30.558763259,56,171,76.936507937,2.222611925,5,85,121,4847,153320,0
1024,4,162,32,128,112,1.142857143,5155,163162,0.137862332,5927.593750000,27.525840481,54,171,81.825396825,2.089815713,5,106,112,5155,163162,0
1024,4,163,32,128,117,1.094017094,5469,173124,0.146279638,6057.562500000,28.579812425,54,171,86.809523810,1.969829951,4,106,117,5469,173124,0
1024,4,164,32,128,119,1.075630252,4894,154625,0.130649067,5286.281250000,29.250240895,55,165,77.682539683,2.124029424,4,90,119,4894,154625,0
1024,4,165,32,128,121,1.057851240,5175,163552,0.138191859,5476.843750000,29.862454995,55,169,82.142857143,2.057391304,4,87,121,5175,163552,0
1024,4,166,32,128,120,1.066666667,5262,166549,0.140724149,5616.093750000,29.655665915,58,173,83.523809524,2.071265678,5,106,120,5262,166549,0
1024,4,167,32,128,117,1.094017094,5134,162480,0.137286082,5562.031250000,29.212349355,55,163,81.492063492,2.000194780,4,106,117,5134,162480,0
1024,4,168,32,128,121,1.057851240,5492,173807,0.146856733,5740.343750000,30.278151896,57,169,87.174603175,1.938638019,5,106,121,5492,173807,0
1024,4,169,32,128,113,1.132743363,4784,151324,0.127859915,5458.968750000,27.720253940,52,167,75.936507937,2.199205686,4,93,113,4784,151324,0
1024,4,170,32,128,117,1.094017094,4929,155902,0.131728057,5352.468750000,29.127120079,55,171,78.238095238,2.185636032,4,81,117,4929,155902,0
1024,4,171,32,128,119,1.075630252,5245,165836,0.140121705,5513.500000000,30.078171760,53,169,83.253968254,2.029933270,4,93,119,5245,165836,0
1024,4,172,32,128,124,1.032258065,5104,161307,0.136294966,5259.500000000,30.669645404,53,169,81.015873016,2.086010972,5,91,124,5104,161307,0
1024,4,173,32,128,123,1.040650407,5277,166830,0.140961577,5463.656250000,30.534497847,56,169,83.761904762,2.017623650,5,81,123,5277,166830,0
1024,4,174,32,128,120,1.066666667,4738,149720,0.126504629,4978.812500000,30.071427675,53,171,75.206349206,2.273744196,5,93,120,4738,149720,0
1024,4,175,32,128,121,1.057851240,4926,155813,0.131652858,5292.250000000,29.441730833,53,171,78.190476190,2.186967113,5,93,121,4926,155813,0
1024,4,176,32,128,118,1.084745763,5189,164216,0.138752900,5669.687500000,28.963853828,53,170,82.365079365,2.063981499,4,106,118,5189,164216,0
1024,4,177,32,128,122,1.049180328,4823,152395,0.128764848,5038.125000000,30.248356283,55,168,76.555555556,2.194484761,4,90,122,4823,152395,0
1024,4,178,32,128,114,1.122807018,4626,146180,0.123513537,5172.281250000,28.262190885,53,171,73.428571429,2.328793774,5,88,114,4626,146180,0
1024,4,179,32,128,120,1.066666667,5344,168925,0.142731729,5747.156250000,29.392797525,54,167,84.825396825,1.968750000,4,106,120,5344,168925,0
1024,4,180,32,128,116,1.103448276,5149,162959,0.137690809,5699.000000000,28.594314792,54,171,81.730158730,2.092250923,5,106,116,5149,162959,0
1024,4,181,32,128,120,1.066666667,5391,170640,0.144180804,5722.187500000,29.820763476,57,172,85.571428571,2.010016694,4,106,120,5391,170640,0
1024,4,182,32,128,122,1.049180328,5024,158858,0.134225704,5271.281250000,30.136506186,57,163,79.746031746,2.043988854,4,93,122,5024,158858,0
1024,4,183,32,128,120,1.066666667,5107,161387,0.136362561,5364.937500000,30.081804308,55,170,81.063492063,2.097121598,6,106,120,5107,161387,0
1024,4,184,32,128,118,1.084745763,4813,152215,0.128612758,5211.812500000,29.205770545,56,169,76.396825397,2.212133804,5,87,118,4813,152215,0
1024,4,185,32,128,123,1.040650407,5521,174827,0.147718574,5650.375000000,30.940778267,53,170,87.634920635,1.939865966,4,93,123,5521,174827,0
1024,4,186,32,128,116,1.103448276,5106,161501,0.136458884,5630.093750000,28.685312745,57,165,81.047619048,2.035840188,4,93,116,5106,161501,0
1024,4,187,32,128,120,1.066666667,5131,162399,0.137217642,5543.312500000,29.296381902,57,163,81.444444444,2.001364256,5,93,120,5131,162399,0
1024,4,188,32,128,125,1.024000000,5591,176878,0.149451549,5662.000000000,31.239491346,56,171,88.746031746,1.926846718,4,106,125,5591,176878,0
1024,4,189,32,128,123,1.040650407,5091,160913,0.135962059,5218.531250000,30.834921224,60,165,80.809523810,2.041838539,4,90,123,5091,160913,0
1024,4,190,32,128,119,1.075630252,5114,161639,0.136575486,5501.500000000,29.380896119,57,163,81.174603175,2.008017208,4,93,119,5114,161639,0
1024,4,191,32,128,117,1.094017094,4830,152665,0.128992982,5391.312500000,28.316852343,56,170,76.666666667,2.217391304,4,93,117,4830,152665,0
1024,4,192,32,128,121,1.057851240,4935,156005,0.131815086,5101.781250000,30.578535683,53,167,78.333333333,2.131914894,5,93,121,4935,156005,0
1024,4,193,32,128,119,1.075630252,4773,150820,0.127434065,5118.406250000,29.466203469,54,170,75.761904762,2.243871779,5,87,119,4773,150820,0
1024,4,194,32,128,113,1.132743363,4752,150319,0.127010749,5277.468750000,28.483162501,49,167,75.428571429,2.214015152,5,85,113,4752,150319,0
1024,4,195,32,128,116,1.103448276,4993,157963,0.133469482,5456.250000000,28.950836197,56,166,79.253968254,2.094532345,4,91,116,4993,157963,0
1024,4,196,32,128,117,1.094017094,5068,160152,0.135319058,5625.937500000,28.466722213,58,171,80.444444444,2.125690608,5,106,117,5068,160152,0
1024,4,197,32,128,121,1.057851240,5315,168173,0.142096333,5617.250000000,29.938671058,58,172,84.365079365,2.038758231,4,93,121,5315,168173,0
1024,4,198,32,128,119,1.075630252,5282,166933,0.141048606,5566.250000000,29.990208848,58,170,83.841269841,2.027641045,5,106,119,5282,166933,0
1024,4,199,32,128,121,1.057851240,5281,166987,0.141094233,5587.718750000,29.884646574,60,172,83.825396825,2.051884113,4,106,121,5281,166987,0
1024,4,200,32,128,122,1.049180328,5336,169042,0.142830588,5635.281250000,29.997083109,60,175,84.698412698,2.066154423,4,106,122,5336,169042,0
1024,4,201,32,128,118,1.084745763,5148,162875,0.137619834,5605.250000000,29.057579947,58,170,81.714285714,2.080419580,4,88,118,5148,162875,0
1024,4,202,32,128,113,1.132743363,4615,145678,0.123089376,5273.843750000,27.622737211,51,169,73.253968254,2.307042254,6,100,113,4615,145678,0
1024,4,203,32,128,119,1.075630252,4714,148950,0.125854025,5169.218750000,28.814799142,58,167,74.825396825,2.231862537,6,93,119,4714,148950,0
1024,4,204,32,128,110,1.163636364,4625,146157,0.123494103,5316.375000000,27.491853001,53,170,73.412698413,2.315675676,4,106,110,4625,146157,0
1024,4,205,32,128,121,1.057851240,5324,168318,0.142218850,5599.781250000,30.057959853,57,169,84.507936508,1.999812171,4,106,121,5324,168318,0
1024,4,206,32,128,117,1.094017094,4630,146131,0.123472135,5057.593750000,28.893384329,56,172,73.492063492,2.340388769,5,106,117,4630,146131,0
1024,4,207,32,128,117,1.094017094,5054,159857,0.135069801,5584.437500000,28.625443476,53,171,80.222222222,2.131578947,4,93,117,5054,159857,0
1024,4,208,32,128,115,1.113043478,4787,151276,0.127819358,5318.687500000,28.442355374,56,169,75.984126984,2.224148736,5,106,115,4787,151276,0
1024,4,209,32,128,117,1.094017094,5303,167864,0.141835247,5866.375000000,28.614604419,56,168,84.174603175,1.995851405,5,106,117,5303,167864,0
1024,4,210,32,128,122,1.049180328,5149,162827,0.137579277,5348.062500000,30.445979268,54,160,81.730158730,1.957661682,5,106,122,5149,162827,0
1024,4,211,32,128,122,1.049180328,5450,172479,0.145734651,5681.812500000,30.356334356,57,171,86.507936508,1.976697248,4,88,122,5450,172479,0
1024,4,212,32,128,124,1.032258065,5080,160527,0.135635911,5233.312500000,30.674071155,56,171,80.634920635,2.120669291,5,87,124,5080,160527,0
1024,4,213,32,128,112,1.142857143,4880,154356,0.130421778,5621.343750000,27.458914961,53,166,77.460317460,2.143032787,4,85,112,4880,154356,0
1024,4,214,32,128,122,1.049180328,4741,149584,0.126389717,4996.531250000,29.937569189,57,165,75.253968254,2.192575406,5,79,122,4741,149584,0
1024,4,215,32,128,124,1.032258065,5180,163783,0.138387041,5320.500000000,30.783385020,54,173,82.222222222,2.104054054,4,106,124,5180,163783,0
1024,4,216,32,128,110,1.163636364,5041,159622,0.134871239,6205.093750000,25.724349451,57,173,80.015873016,2.162071018,4,106,110,5041,159622,0
1024,4,217,32,128,118,1.084745763,5185,163902,0.138487589,5553.781250000,29.511785326,54,166,82.301587302,2.016972035,5,93,118,5185,163902,0
1024,4,218,32,128,121,1.057851240,5047,159448,0.134724220,5406.031250000,29.494465094,57,171,80.111111111,2.134535368,4,93,121,5047,159448,0
1024,4,219,32,128,116,1.103448276,4936,156224,0.132000128,5513.937500000,28.332566338,55,171,78.349206349,2.182536467,4,106,116,4936,156224,0
1024,4,220,32,128,120,1.066666667,5219,165116,0.139513348,5724.781250000,28.842324761,56,171,82.841269841,2.064188542,5,106,120,5219,165116,0
1024,4,221,32,128,121,1.057851240,4760,150409,0.127086794,4931.968750000,30.496746355,51,168,75.555555556,2.223529412,5,100,121,4760,150409,0
1024,4,222,32,128,118,1.084745763,4753,150175,0.126889078,5109.656250000,29.390431108,54,169,75.444444444,2.240058910,5,79,118,4753,150175,0
1024,4,223,32,128,119,1.075630252,4729,149451,0.126277340,5157.281250000,28.978640636,55,164,75.063492063,2.184817086,5,100,119,4729,149451,0
1024,4,224,32,128,117,1.094017094,4982,157682,0.133232053,5483.000000000,28.758343972,50,171,79.079365079,2.162384585,5,106,117,4982,157682,0
1024,4,225,32,128,114,1.122807018,4755,150437,0.127110452,5407.687500000,27.819100124,51,165,75.476190476,2.186119874,4,106,114,4755,150437,0
1024,4,226,32,128,119,1.075630252,5368,169873,0.143532734,5740.937500000,29.589766480,56,170,85.206349206,1.995156483,4,93,119,5368,169873,0
1024,4,227,32,128,122,1.049180328,5116,161801,0.136712367,5269.343750000,30.706100736,55,165,81.206349206,2.031860829,4,88,122,5116,161801,0
1024,4,228,32,128,119,1.075630252,4806,151895,0.128342377,5168.093750000,29.390914203,54,172,76.285714286,2.254681648,5,106,119,4806,151895,0
1024,4,229,32,128,117,1.094017094,5213,164942,0.139366328,5876.843750000,28.066425962,55,170,82.746031746,2.054479187,4,106,117,5213,164942,0
1024,4,230,32,128,118,1.084745763,4742,149779,0.126554481,5079.718750000,29.485687569,54,169,75.269841270,2.245255167,5,106,118,4742,149779,0
1024,4,231,32,128,121,1.057851240,5619,177940,0.150348876,6003.343750000,29.640148459,58,168,89.190476190,1.883609183,5,106,121,5619,177940,0
1024,4,232,32,128,120,1.066666667,4930,155903,0.131728902,5260.437500000,29.636888567,50,171,78.253968254,2.185192698,4,106,120,4930,155903,0
1024,4,233,32,128,120,1.066666667,4661,147132,0.124317921,4902.937500000,30.008948717,56,163,73.984126984,2.203175284,6,83,120,4661,147132,0
1024,4,234,32,128,119,1.075630252,4848,153094,0.129355462,5147.843750000,29.739441878,58,167,76.952380952,2.170173267,6,88,119,4848,153094,0
1024,4,235,32,128,116,1.103448276,5047,159599,0.134851806,5590.218750000,28.549687792,53,168,80.111111111,2.097087379,5,106,116,5047,159599,0
1024,4,236,32,128,119,1.075630252,4930,155833,0.131669756,5265.625000000,29.594397626,53,171,78.253968254,2.185192698,5,106,119,4930,155833,0
1024,4,237,32,128,116,1.103448276,4879,154351,0.130417553,5373.062500000,28.726820133,57,164,77.444444444,2.117647059,4,93,116,4879,154351,0
1024,4,238,32,128,114,1.122807018,4500,142014,0.119993511,5125.750000000,27.705994245,55,166,71.428571429,2.324000000,5,78,114,4500,142014,0
1024,4,239,32,128,124,1.032258065,5008,158286,0.133742398,5154.937500000,30.705706907,54,173,79.492063492,2.176317891,5,90,124,5008,158286,0
1024,4,240,32,128,117,1.094017094,5580,176759,0.149351000,6094.187500000,29.004522752,56,171,88.571428571,1.930645161,4,93,117,5580,176759,0
1024,4,241,32,128,121,1.057851240,4879,154272,0.130350803,5094.531250000,30.281883147,53,169,77.444444444,2.182209469,4,100,121,4879,154272,0
1024,4,242,32,128,119,1.075630252,5158,163192,0.137887680,5476.625000000,29.797913861,53,178,81.873015873,2.174098488,5,106,119,5158,163192,0
1024,4,243,32,128,123,1.040650407,4890,154476,0.130523171,5093.000000000,30.331042608,55,174,77.619047619,2.241717791,5,83,123,4890,154476,0
1024,4,244,32,128,118,1.084745763,4719,149017,0.125910636,5096.812500000,29.237292916,52,170,74.904761905,2.269548633,5,93,118,4719,149017,0
1024,4,245,32,128,120,1.066666667,5048,159754,0.134982772,5417.875000000,29.486468403,53,171,80.126984127,2.134112520,5,81,120,5048,159754,0
1024,4,246,32,128,120,1.066666667,4988,157762,0.133299648,5243.625000000,30.086438294,55,169,79.174603175,2.134522855,5,90,120,4988,157762,0
1024,4,247,32,128,121,1.057851240,4915,155451,0.131346989,5167.843750000,30.080437320,54,171,78.015873016,2.191861648,5,91,121,4915,155451,0
1024,4,248,32,128,120,1.066666667,5174,163577,0.138212983,5497.875000000,29.752768115,55,170,82.126984127,2.069965211,5,87,120,5174,163577,0
1024,4,249,32,128,111,1.153153153,5019,158884,0.134247673,5960.312500000,26.656991559,53,168,79.666666667,2.108786611,4,93,111,5019,158884,0
1024,4,250,32,128,117,1.094017094,5036,159364,0.134653244,5566.625000000,28.628477758,53,170,79.936507937,2.126687847,4,93,117,5036,159364,0
1024,4,251,32,128,123,1.040650407,5076,160461,0.135580145,5233.812500000,30.658530469,54,169,80.571428571,2.097517730,5,93,123,5076,160461,0
1024,4,252,32,128,121,1.057851240,4858,153599,0.129782157,5161.343750000,29.759498193,53,170,77.111111111,2.204610951,4,106,121,4858,153599,0
1024,4,253,32,128,122,1.049180328,5054,159866,0.135077405,5255.593750000,30.418256738,58,169,80.222222222,2.106648199,4,87,122,5054,159866,0
1024,4,254,32,128,121,1.057851240,4782,151178,0.127736554,5060.218750000,29.875783532,51,169,75.904761905,2.226474279,5,93,121,4782,151178,0
1024,4,255,32,128,116,1.103448276,5320,168235,0.142148720,5804.718750000,28.982455007,54,167,84.444444444,1.977631579,4,93,116,5320,168235,0
1024,4,256,32,128,117,1.094017094,5394,170883,0.144386125,5796.687500000,29.479422515,52,171,85.619047619,1.997219132,6,106,117,5394,170883,0
1024,4,257,32,128,119,1.075630252,4854,153597,0.129780467,5222.187500000,29.412387050,55,169,77.047619048,2.193448702,5,106,119,4854,153597,0
1024,4,258,32,128,120,1.066666667,5369,169653,0.143346847,5681.843750000,29.858793635,56,171,85.222222222,2.006518905,4,106,120,5369,169653,0
1024,4,259,32,128,123,1.040650407,4951,156352,0.132108281,5155.093750000,30.329613307,57,172,78.587301587,2.188648758,4,81,123,4951,156352,0
1024,4,260,32,128,122,1.049180328,4900,154752,0.130756375,5059.875000000,30.584154747,53,172,77.777777778,2.211428571,4,106,122,4900,154752,0
1024,4,261,32,128,124,1.032258065,4721,149083,0.125966402,4788.031250000,31.136597114,52,168,74.936507937,2.241897903,5,85,124,4721,149083,0
1024,4,262,32,128,121,1.057851240,4811,151944,0.128383779,5089.937500000,29.851840028,53,164,76.365079365,2.147578466,5,93,121,4811,151944,0
1024,4,263,32,128,119,1.075630252,5155,162897,0.137638423,5607.937500000,29.047577652,58,173,81.825396825,2.114258002,4,106,119,5155,162897,0
1024,4,264,32,128,118,1.084745763,5084,160755,0.135828558,5489.875000000,29.282087479,56,170,80.698412698,2.106608969,4,83,118,5084,160755,0
1024,4,265,32,128,116,1.103448276,5212,165031,0.139441528,5784.187500000,28.531405664,55,172,82.730158730,2.079048350,4,93,116,5212,165031,0
1024,4,266,32,128,119,1.075630252,5043,159398,0.134681972,5398.875000000,29.524299044,57,171,80.047619048,2.136228435,5,83,119,5043,159398,0
1024,4,267,32,128,115,1.113043478,4962,156883,0.132556945,5460.843750000,28.728710650,52,169,78.761904762,2.145707376,4,85,115,4962,156883,0
1024,4,268,32,128,119,1.075630252,4927,155743,0.131593712,5220.437500000,29.833323357,52,172,78.206349206,2.199309925,5,100,119,4927,155743,0
1024,4,269,32,128,124,1.032258065,5288,167200,0.141274205,5445.718750000,30.703017852,59,163,83.936507937,1.941944024,5,106,124,5288,167200,0
1024,4,270,32,128,114,1.122807018,4591,145114,0.122612829,5179.437500000,28.017328137,53,166,72.873015873,2.277935090,4,91,114,4591,145114,0
1024,4,271,32,128,125,1.024000000,4782,150925,0.127522784,4814.593750000,31.347400806,54,173,75.904761905,2.279171895,5,85,125,4782,150925,0
1024,4,272,32,128,119,1.075630252,5172,163521,0.138165666,5696.406250000,28.705993362,56,166,82.095238095,2.022041763,5,106,119,5172,163521,0
1024,4,273,32,128,114,1.122807018,5023,158969,0.134319493,5759.781250000,27.599832893,55,164,79.730158730,2.056938085,5,93,114,5023,158969,0
1024,4,274,32,128,121,1.057851240,5368,169871,0.143531044,5644.656250000,30.094126635,54,170,85.206349206,1.995156483,5,91,121,5368,169871,0
1024,4,275,32,128,123,1.040650407,5269,166739,0.140884687,5446.281250000,30.615201887,52,170,83.634920635,2.032643765,5,100,123,5269,166739,0
1024,4,276,32,128,118,1.084745763,5164,163417,0.138077792,5636.343750000,28.993441005,56,163,81.968253968,1.988574748,5,106,118,5164,163417,0
1024,4,277,32,128,120,1.066666667,5162,163315,0.137991608,5408.843750000,30.194068742,48,176,81.936507937,2.148004649,4,106,120,5162,163315,0
1024,4,278,32,128,124,1.032258065,4957,156761,0.132453862,5019.906250000,31.227874027,49,170,78.682539683,2.160580997,5,91,124,4957,156761,0
1024,4,279,32,128,114,1.122807018,4722,149342,0.126185242,5325.906250000,28.040673829,56,167,74.952380952,2.228081321,5,93,114,4722,149342,0
1024,4,280,32,128,119,1.075630252,5256,166306,0.140518828,5546.718750000,29.982771346,52,170,83.428571429,2.037671233,4,106,119,5256,166306,0
1024,4,281,32,128,114,1.122807018,4678,147790,0.124873892,5253.968750000,28.129211846,50,165,74.253968254,2.222103463,4,88,114,4678,147790,0
1024,4,282,32,128,116,1.103448276,4961,156827,0.132509628,5551.468750000,28.249641142,55,167,78.746031746,2.120741786,5,106,116,4961,156827,0
1024,4,283,32,128,117,1.094017094,4845,153206,0.129450095,5210.093750000,29.405612903,55,169,76.904761905,2.197523220,5,93,117,4845,153206,0
1024,4,284,32,128,118,1.084745763,4954,156566,0.132289098,5375.625000000,29.125171492,59,166,78.634920635,2.111021397,5,106,118,4954,156566,0
1024,4,285,32,128,120,1.066666667,5038,159247,0.134554386,5373.406250000,29.636136296,53,172,79.968253968,2.150853513,5,93,120,5038,159247,0
1024,4,286,32,128,120,1.066666667,5060,160090,0.135266672,5366.531250000,29.831187511,57,171,80.317460317,2.129051383,5,106,120,5060,160090,0
1024,4,287,32,128,123,1.040650407,5165,163377,0.138043994,5348.937500000,30.543822955,58,173,81.984126984,2.110164569,4,106,123,5165,163377,0
1024,4,288,32,128,118,1.084745763,5064,160338,0.135476217,5556.687500000,28.854960802,53,164,80.380952381,2.040284360,5,93,118,5064,160338,0
1024,4,289,32,128,122,1.049180328,5308,167949,0.141907067,5523.187500000,30.407984520,56,170,84.253968254,2.017709118,4,100,122,5308,167949,0
1024,4,290,32,128,121,1.057851240,5164,163539,0.138180875,5509.218750000,29.684608185,53,166,81.968253968,2.025174284,5,106,121,5164,163539,0
1024,4,291,32,128,121,1.057851240,4841,153178,0.129426437,5092.593750000,30.078582255,60,172,76.841269841,2.238380500,5,93,121,4841,153178,0
1024,4,292,32,128,118,1.084745763,5301,167699,0.141695831,5870.593750000,28.565935090,57,170,84.142857143,2.020373514,4,106,118,5301,167699,0
1024,4,293,32,128,118,1.084745763,4923,155631,0.131499078,5287.875000000,29.431671513,54,166,78.142857143,2.124314442,5,106,118,4923,155631,0
1024,4,294,32,128,121,1.057851240,4861,153682,0.129852287,5121.812500000,30.005393598,53,170,77.158730159,2.203250360,5,88,121,4861,153682,0
1024,4,295,32,128,118,1.084745763,4824,152525,0.128874690,5222.093750000,29.207633432,53,167,76.571428571,2.180970149,4,106,118,4824,152525,0
1024,4,296,32,128,116,1.103448276,4762,150560,0.127214380,5302.906250000,28.391978455,57,173,75.587301587,2.288744225,4,93,116,4762,150560,0
1024,4,297,32,128,117,1.094017094,5269,166953,0.141065505,5838.750000000,28.593962749,52,171,83.634920635,2.044600493,5,93,117,5269,166953,0
1024,4,298,32,128,116,1.103448276,4686,148053,0.125096112,5127.750000000,28.872897470,50,175,74.380952381,2.352752881,4,93,116,4686,148053,0
1024,4,299,32,128,111,1.153153153,4541,143515,0.121261768,5282.187500000,27.169614861,56,164,72.079365079,2.275269764,5,88,111,4541,143515,0
1024,4,300,32,128,116,1.103448276,5188,164296,0.138820496,5870.125000000,27.988501097,56,168,82.349206349,2.040092521,5,93,116,5188,164296,0
1024,4,301,32,128,119,1.075630252,5126,162242,0.137084986,5432.718750000,29.863868804,52,175,81.365079365,2.150799844,4,88,119,5126,162242,0
1024,4,302,32,128,119,1.075630252,5164,163414,0.138075257,5604.625000000,29.156990878,55,172,81.968253968,2.098373354,4,93,119,5164,163414,0
1024,4,303,32,128,119,1.075630252,4597,145231,0.122711687,5003.343750000,29.026788335,52,169,72.968253968,2.316075702,6,90,119,4597,145231,0
1024,4,304,32,128,120,1.066666667,5475,173344,0.146465526,5919.031250000,29.285873427,58,166,86.904761905,1.910136986,5,106,120,5475,173344,0
1024,4,305,32,128,117,1.094017094,5219,165183,0.139569959,5854.500000000,28.214706636,58,172,82.841269841,2.076259820,5,100,117,5219,165183,0
1024,4,306,32,128,124,1.032258065,5076,160313,0.135455094,5156.437500000,31.089875520,49,158,80.571428571,1.960992908,5,106,124,5076,160313,0
1024,4,307,32,128,120,1.066666667,5040,159292,0.134592409,5406.750000000,29.461691404,53,170,80.000000000,2.125000000,4,106,120,5040,159292,0
1024,4,308,32,128,115,1.113043478,4815,152301,0.128685423,5436.312500000,28.015497637,53,171,76.428571429,2.237383178,4,93,115,4815,152301,0
1024,4,309,32,128,118,1.084745763,4932,155923,0.131745801,5272.718750000,29.571651247,53,172,78.285714286,2.197080292,5,106,118,4932,155923,0
1024,4,310,32,128,122,1.049180328,4871,153988,0.130110839,5048.781250000,30.500034043,58,167,77.317460317,2.159926093,4,78,122,4871,153988,0
1024,4,311,32,128,117,1.094017094,4798,151619,0.128109173,5167.093750000,29.343187357,53,168,76.158730159,2.205919133,4,106,117,4798,151619,0
1024,4,312,16,64,62,1.032258065,2593,81900,0.069200702,5313.187500000,15.414475774,42,144,43.126984127,3.338976813,4,93,65,2717,85827,64
1024,8,0,32,256,226,1.132743363,8956,282993,0.239112507,10168.750000000,27.829674247,63,254,142.158730159,1.786735150,7,106,226,8956,282993,0
1024,8,1,32,256,216,1.185185185,9633,304741,0.257488293,11548.500000000,26.387929168,62,249,152.904761905,1.628464653,6,106,216,9633,304741,0
1024,8,2,32,256,228,1.122807018,9768,309100,0.261171393,11039.812500000,27.998663927,62,253,155.047619048,1.631756757,6,106,228,9768,309100,0
1024,8,3,32,256,220,1.163636364,8595,271522,0.229420184,9955.093750000,27.274680361,63,253,136.428571429,1.854450262,7,81,220,8595,271522,0
1024,8,4,32,256,222,1.153153153,9488,300041,0.253517069,10975.062500000,27.338432013,62,256,150.603174603,1.699831366,7,93,222,9488,300041,0
1024,8,5,32,256,207,1.236714976,7980,252128,0.213033390,9817.625000000,25.681160158,61,255,126.666666667,2.013157895,6,106,207,7980,252128,0
1024,8,6,32,256,220,1.163636364,8984,283745,0.239747903,10525.937500000,26.956743758,62,256,142.603174603,1.795191451,7,106,220,8984,283745,0
1024,8,7,32,256,208,1.230769231,9242,292470,0.247120017,11654.250000000,25.095565995,63,259,146.698412698,1.765526942,5,106,208,9242,292470,0
1024,8,8,32,256,226,1.132743363,9885,312893,0.264376256,11360.625000000,27.541882599,60,253,156.904761905,1.612443096,6,106,226,9885,312893,0
1024,8,9,32,256,220,1.163636364,9063,286641,0.242194854,10689.781250000,26.814486966,63,255,143.857142857,1.772591857,6,93,220,9063,286641,0
1024,8,10,32,256,221,1.158371041,9191,290631,0.245566170,10993.281250000,26.437147690,63,244,145.888888889,1.672505712,6,106,221,9191,290631,0
1024,8,11,32,256,237,1.080168776,9580,302828,0.255871920,10325.593750000,29.327901846,63,255,152.063492063,1.676931106,8,93,237,9580,302828,0
1024,8,12,32,256,220,1.163636364,9178,290138,0.245149614,10790.906250000,26.887269084,61,247,145.682539683,1.695467422,6,93,220,9178,290138,0
1024,8,13,32,256,232,1.103448276,8993,284033,0.239991246,9848.125000000,28.841327664,62,255,142.746031746,1.786389414,7,106,232,8993,284033,0
1024,8,14,32,256,214,1.196261682,8288,261899,0.221289313,9967.031250000,26.276530436,61,250,131.555555556,1.900337838,8,106,214,8288,261899,0
1024,8,15,32,256,218,1.174311927,8760,276983,0.234034409,10478.875000000,26.432513032,62,258,139.047619048,1.855479452,7,93,218,8760,276983,0
1024,8,16,32,256,220,1.163636364,9179,290283,0.245272130,10894.781250000,26.644224729,60,253,145.698412698,1.736463667,7,93,220,9179,290283,0
1024,8,17,32,256,228,1.122807018,9417,297654,0.251500193,10649.437500000,27.950208638,62,252,149.476190476,1.685887225,7,93,228,9417,297654,0
1024,8,18,32,256,216,1.185185185,9301,294049,0.248454180,11107.968750000,26.471896583,62,249,147.634920635,1.686592839,7,106,216,9301,294049,0
1024,8,19,32,256,228,1.122807018,9820,310902,0.262693977,11065.343750000,28.096912940,61,257,155.873015873,1.648778004,7,106,228,9820,310902,0
1024,8,20,32,256,220,1.163636364,8778,277403,0.234389285,10483.187500000,26.461703561,62,249,139.333333333,1.787081340,7,93,220,8778,277403,0
1024,8,21,32,256,219,1.168949772,9066,286487,0.242064733,10471.593750000,27.358490679,61,247,143.904761905,1.716412972,6,106,219,9066,286487,0
1024,8,22,32,256,208,1.230769231,8816,278780,0.235552769,10960.000000000,25.436131387,60,251,139.936507937,1.793670599,6,106,208,8816,278780,0
1024,8,23,32,256,222,1.153153153,9165,289716,0.244793048,10689.218750000,27.103571063,63,255,145.476190476,1.752864157,7,106,222,9165,289716,0
1024,8,24,32,256,224,1.142857143,9059,286409,0.241998827,10293.937500000,27.823075475,61,259,143.793650794,1.801192185,8,106,224,9059,286409,0
1024,8,25,32,256,230,1.113043478,9481,299697,0.253226409,10408.000000000,28.794869331,61,256,150.492063492,1.701086383,6,106,230,9481,299697,0
1024,8,26,32,256,227,1.127753304,9958,315150,0.266283289,11113.437500000,28.357562635,60,256,158.063492063,1.619602330,8,106,227,9958,315150,0
1024,8,27,32,256,221,1.158371041,9139,289035,0.244217643,10706.937500000,26.995114149,63,260,145.063492063,1.792318634,7,90,221,9139,289035,0
1024,8,28,32,256,210,1.219047619,9002,284667,0.240526939,11471.343750000,24.815488595,63,255,142.888888889,1.784603421,7,106,210,9002,284667,0
1024,8,29,32,256,225,1.137777778,9139,288868,0.244076538,10392.843750000,27.794894925,62,258,145.063492063,1.778531568,7,93,225,9139,288868,0
1024,8,30,32,256,223,1.147982063,8855,280008,0.236590357,10050.437500000,27.860279714,62,243,140.555555556,1.728853755,7,85,223,8855,280008,0
1024,8,31,32,256,219,1.168949772,8770,277092,0.234126508,10411.781250000,26.613313644,63,247,139.206349206,1.774344356,7,106,219,8770,277092,0
1024,8,32,32,256,221,1.158371041,9035,285506,0.241235845,10575.406250000,26.997166185,63,257,143.412698413,1.792030991,7,91,221,9035,285506,0
1024,8,33,32,256,207,1.236714976,8538,269921,0.228067433,11006.781250000,24.523154760,63,246,135.523809524,1.815179199,6,106,207,8538,269921,0
1024,8,34,32,256,227,1.127753304,9435,298386,0.252118691,10669.750000000,27.965603693,63,254,149.761904762,1.696025437,6,100,227,9435,298386,0
1024,8,35,32,256,229,1.117903930,8810,278074,0.234956240,9694.750000000,28.682946956,62,254,139.841269841,1.816345062,8,87,229,8810,278074,0
1024,8,36,32,256,224,1.142857143,9167,289676,0.244759251,10400.937500000,27.850950936,62,261,145.507936508,1.793716592,7,106,224,9167,289676,0
1024,8,37,32,256,230,1.113043478,9478,299675,0.253207820,10714.875000000,27.968128420,63,252,150.444444444,1.675036928,8,93,230,9478,299675,0
1024,8,38,32,256,216,1.185185185,8780,277544,0.234508422,10548.343750000,26.311618826,63,256,139.365079365,1.836902050,7,100,216,8780,277544,0
1024,8,39,32,256,218,1.174311927,9254,292910,0.247491791,10948.656250000,26.753054741,62,253,146.888888889,1.722390318,7,106,218,9254,292910,0
1024,8,40,32,256,212,1.207547170,8932,282338,0.238559071,10685.968750000,26.421376162,62,257,141.777777778,1.812695925,7,100,212,8932,282338,0
1024,8,41,32,256,232,1.103448276,8869,280230,0.236777934,9620.781250000,29.127572150,62,239,140.777777778,1.697711129,7,106,232,8869,280230,0
1024,8,42,32,256,237,1.080168776,9211,290856,0.245756282,9915.000000000,29.334947050,63,255,146.206349206,1.744110303,8,93,237,9211,290856,0
1024,8,43,32,256,225,1.137777778,9744,308195,0.260406721,11089.968750000,27.790429978,63,253,154.666666667,1.635775862,7,106,225,9744,308195,0
1024,8,44,32,256,208,1.230769231,8733,276063,0.233257063,11026.781250000,25.035683010,60,242,138.619047619,1.745791824,6,106,208,8733,276063,0
1024,8,45,32,256,230,1.113043478,9746,308188,0.260400806,10793.062500000,28.554268077,63,256,154.698412698,1.654832752,7,100,230,9746,308188,0
1024,8,46,32,256,221,1.158371041,9459,299093,0.252716064,11085.125000000,26.981472920,62,255,150.142857143,1.698382493,7,106,221,9459,299093,0
1024,8,47,32,256,229,1.117903930,9689,306300,0.258805557,10960.812500000,27.945008639,62,257,153.793650794,1.671070286,7,100,229,9689,306300,0
1024,8,48,32,256,210,1.219047619,8196,259132,0.218951360,9956.625000000,26.026088157,63,246,130.095238095,1.890922401,7,91,210,8196,259132,0
1024,8,49,32,256,222,1.153153153,9268,292990,0.247559387,10628.187500000,27.567259234,62,250,147.111111111,1.699395770,6,93,222,9268,292990,0
1024,8,50,32,256,222,1.153153153,9379,296601,0.250610470,10812.625000000,27.430989237,62,261,148.873015873,1.753171980,7,106,222,9379,296601,0
1024,8,51,32,256,224,1.142857143,9479,299775,0.253292314,10861.218750000,27.600493729,61,257,150.460317460,1.708091571,7,93,224,9479,299775,0
1024,8,52,32,256,218,1.174311927,9281,293749,0.248200697,10922.468750000,26.894011484,63,255,147.317460317,1.730955716,6,106,218,9281,293749,0
1024,8,53,32,256,228,1.122807018,9476,299478,0.253041367,10790.218750000,27.754580972,63,254,150.412698413,1.688687210,7,106,228,9476,299478,0
1024,8,54,32,256,221,1.158371041,9281,293426,0.247927781,10744.000000000,27.310685034,62,252,147.317460317,1.710591531,7,100,221,9281,293426,0
1024,8,55,32,256,217,1.179723502,8477,267838,0.226307420,10014.750000000,26.744352081,63,256,134.555555556,1.902559868,7,81,217,8477,267838,0
1024,8,56,32,256,226,1.132743363,9897,313183,0.264621289,11242.281250000,27.857602299,63,256,157.095238095,1.629584723,6,106,226,9897,313183,0
1024,8,57,32,256,213,1.201877934,8664,274088,0.231588304,10354.875000000,26.469464866,61,257,137.523809524,1.868767313,7,93,213,8664,274088,0
1024,8,58,32,256,226,1.132743363,9068,286493,0.242069802,10033.562500000,28.553467425,61,259,143.936507937,1.799404499,7,100,226,9068,286493,0
1024,8,59,32,256,234,1.094017094,9631,304561,0.257336204,10418.406250000,29.232974093,62,251,152.873015873,1.641885578,7,93,234,9631,304561,0
1024,8,60,32,256,220,1.163636364,9112,288308,0.243603371,10793.406250000,26.711493418,62,257,144.634920635,1.776887621,7,100,220,9112,288308,0
1024,8,61,32,256,217,1.179723502,9374,296410,0.250449086,11094.500000000,26.716841678,61,254,148.793650794,1.707062087,6,106,217,9374,296410,0
1024,8,62,32,256,216,1.185185185,9357,296042,0.250138148,11293.812500000,26.212760306,62,249,148.523809524,1.676498878,6,91,216,9357,296042,0
1024,8,63,32,256,230,1.113043478,9422,297729,0.251563564,10343.500000000,28.784163968,62,251,149.555555556,1.678306092,6,93,230,9422,297729,0
1024,8,64,32,256,221,1.158371041,9488,300189,0.253642120,10972.406250000,27.358538607,63,252,150.603174603,1.673271501,6,93,221,9488,300189,0
1024,8,65,32,256,213,1.201877934,8861,280099,0.236667247,10618.187500000,26.379172528,63,254,140.650793651,1.805890983,6,93,213,8861,280099,0
1024,8,66,32,256,222,1.153153153,9170,289849,0.244905426,10595.312500000,27.356342722,62,245,145.555555556,1.683206107,7,93,222,9170,289849,0
1024,8,67,32,256,221,1.158371041,9009,284947,0.240763523,10846.312500000,26.271324932,60,258,143.000000000,1.804195804,8,106,221,9009,284947,0
1024,8,68,32,256,218,1.174311927,8658,273583,0.231161609,10238.218750000,26.721738095,61,255,137.428571429,1.855509356,7,106,218,8658,273583,0
1024,8,69,32,256,216,1.185185185,8697,274761,0.232156950,10259.156250000,26.782027031,63,257,138.047619048,1.861676440,8,93,216,8697,274761,0
1024,8,70,32,256,216,1.185185185,8714,275233,0.232555762,10485.281250000,26.249462789,61,256,138.317460317,1.850814781,7,106,216,8714,275233,0
1024,8,71,32,256,222,1.153153153,9107,287776,0.243153862,10630.687500000,27.070309423,62,250,144.555555556,1.729438893,6,93,222,9107,287776,0
1024,8,72,32,256,222,1.153153153,8834,279196,0.235904265,10204.125000000,27.361091715,60,256,140.222222222,1.825673534,7,106,222,8834,279196,0
1024,8,73,32,256,216,1.185185185,9009,284607,0.240476243,10890.187500000,26.134260774,61,258,143.000000000,1.804195804,6,93,216,9009,284607,0
1024,8,74,32,256,222,1.153153153,9271,293301,0.247822163,10905.531250000,26.894700797,60,258,147.158730159,1.753208931,6,93,222,9271,293301,0
1024,8,75,32,256,213,1.201877934,8463,267528,0.226045488,10407.843750000,25.704459677,63,248,134.333333333,1.846153846,8,106,213,8463,267528,0
1024,8,76,32,256,229,1.117903930,9359,295859,0.249983524,10583.468750000,27.954823413,60,251,148.555555556,1.689603590,6,87,229,9359,295859,0
1024,8,77,32,256,216,1.185185185,8658,273599,0.231175128,10413.000000000,26.274752713,62,253,137.428571429,1.840956341,6,106,216,8658,273599,0
1024,8,78,32,256,225,1.137777778,10076,318890,0.269443369,11826.656250000,26.963665237,63,256,159.936507937,1.600635173,6,106,225,10076,318890,0
1024,8,79,32,256,227,1.127753304,9123,288517,0.243779964,10271.000000000,28.090448837,61,254,144.809523810,1.754028280,7,90,227,9123,288517,0
1024,8,80,32,256,227,1.127753304,8845,279224,0.235927923,10073.218750000,27.719441713,63,258,140.396825397,1.837648389,7,91,227,8845,279224,0
1024,8,81,32,256,220,1.163636364,8845,279398,0.236074943,10433.656250000,26.778532214,63,244,140.396825397,1.737931034,7,93,220,8845,279398,0
1024,8,82,32,256,224,1.142857143,9396,297219,0.251132644,10887.625000000,27.298791059,62,257,149.142857143,1.723180077,6,106,224,9396,297219,0
1024,8,83,32,256,220,1.163636364,9509,300736,0.254104303,11096.687500000,27.101421032,63,250,150.936507937,1.656325586,6,106,220,9509,300736,0
1024,8,84,32,256,221,1.158371041,9005,284898,0.240722121,10476.812500000,27.193194495,61,255,142.936507937,1.784008884,7,106,221,9005,284898,0
1024,8,85,32,256,210,1.219047619,8846,279574,0.236223653,11152.562500000,25.068140170,63,250,140.412698413,1.780465747,7,93,210,8846,279574,0
1024,8,86,32,256,227,1.127753304,9061,286519,0.242091771,10416.968750000,27.505026354,61,251,143.825396825,1.745171615,7,93,227,9061,286519,0
1024,8,87,32,256,212,1.207547170,8600,271964,0.229793648,10526.187500000,25.836894887,59,255,136.507936508,1.868023256,7,106,212,8600,271964,0
1024,8,88,32,256,209,1.224880383,8572,270999,0.228978280,10924.656250000,24.806180973,62,255,136.063492063,1.874125058,6,93,209,8572,270999,0
1024,8,89,32,256,215,1.190697674,8982,284020,0.239980262,10591.250000000,26.816475865,61,252,142.571428571,1.767535070,6,106,215,8982,284020,0
1024,8,90,32,256,220,1.163636364,8822,278824,0.235589947,9981.531250000,27.933990589,63,252,140.031746032,1.799591929,6,93,220,8822,278824,0
1024,8,91,32,256,215,1.190697674,8754,276650,0.233753044,10584.093750000,26.138279435,63,254,138.952380952,1.827964359,6,93,215,8754,276650,0
1024,8,92,32,256,225,1.137777778,8961,283093,0.239197001,10139.687500000,27.919302247,63,257,142.238095238,1.806829595,8,81,225,8961,283093,0
1024,8,93,32,256,208,1.230769231,8934,282388,0.238601318,10910.062500000,25.883261439,62,256,141.809523810,1.805238415,7,106,208,8934,282388,0
1024,8,94,32,256,211,1.213270142,8294,261918,0.221305367,10217.937500000,25.633157376,63,245,131.650793651,1.860983844,6,106,211,8294,261918,0
1024,8,95,32,256,222,1.153153153,9506,300590,0.253980942,11064.593750000,27.166835655,62,255,150.888888889,1.689985272,6,106,222,9506,300590,0
1024,8,96,32,256,220,1.163636364,8861,280066,0.236639364,10616.843750000,26.379403012,60,256,140.650793651,1.820110597,7,106,220,8861,280066,0
1024,8,97,32,256,223,1.147982063,9291,293781,0.248227735,10735.218750000,27.366093495,61,249,147.476190476,1.688408137,6,93,223,9291,293781,0
1024,8,98,32,256,219,1.168949772,8733,275829,0.233059347,10251.500000000,26.906208847,61,248,138.619047619,1.789075919,7,81,219,8733,275829,0
1024,8,99,32,256,212,1.207547170,8885,280907,0.237349960,10868.875000000,25.845085163,62,254,141.031746032,1.801012943,6,106,212,8885,280907,0
1024,8,100,32,256,222,1.153153153,8789,277836,0.234755144,10293.250000000,26.992057902,61,254,139.507936508,1.820684947,7,106,222,8789,277836,0
1024,8,101,32,256,216,1.185185185,8893,281233,0.237625410,10701.093750000,26.280771533,61,258,141.158730159,1.827729675,7,106,216,8893,281233,0
1024,8,102,32,256,217,1.179723502,9409,297687,0.251528077,11278.375000000,26.394493888,61,257,149.349206349,1.720799235,6,93,217,9409,297687,0
1024,8,103,32,256,219,1.168949772,9357,295752,0.249893115,11012.187500000,26.856789353,63,259,148.523809524,1.743828150,6,106,219,9357,295752,0
1024,8,104,32,256,230,1.113043478,9464,299325,0.252912091,10632.468750000,28.151975523,63,254,150.222222222,1.690828402,6,106,230,9464,299325,0
1024,8,105,32,256,217,1.179723502,9169,290027,0.245055825,10823.968750000,26.794885194,63,256,145.539682540,1.758970444,7,91,217,9169,290027,0
1024,8,106,32,256,226,1.132743363,9402,297496,0.251366693,10570.656250000,28.143569610,63,254,149.238095238,1.701978302,6,93,226,9402,297496,0
1024,8,107,32,256,226,1.132743363,9409,297342,0.251236572,10392.437500000,28.611382075,63,255,149.349206349,1.707407801,6,106,226,9409,297342,0
1024,8,108,32,256,215,1.190697674,8765,276911,0.233973574,10594.750000000,26.136624271,62,243,139.126984127,1.746605819,6,106,215,8765,276911,0
1024,8,109,32,256,221,1.158371041,8938,282314,0.238538792,10311.250000000,27.379221724,63,256,141.873015873,1.804430521,7,93,221,8938,282314,0
1024,8,110,32,256,220,1.163636364,9079,286772,0.242305541,10868.062500000,26.386671957,62,254,144.111111111,1.762528913,7,106,220,9079,286772,0
1024,8,111,32,256,231,1.108225108,9039,285455,0.241192753,9937.937500000,28.723766878,62,255,143.476190476,1.777298374,8,106,231,9039,285455,0
1024,8,112,32,256,218,1.174311927,9136,289087,0.244261580,10801.125000000,26.764526843,61,256,145.015873016,1.765323993,7,100,218,9136,289087,0
1024,8,113,32,256,232,1.103448276,9233,291796,0.246550527,10341.593750000,28.215767033,62,255,146.555555556,1.739954511,7,90,232,9233,291796,0
1024,8,114,32,256,211,1.213270142,8987,284202,0.240134042,11145.312500000,25.499688771,63,255,142.650793651,1.787582063,7,93,211,8987,284202,0
1024,8,115,32,256,213,1.201877934,8514,268937,0.227236011,10256.093750000,26.222166700,63,257,135.142857143,1.901691332,7,106,213,8514,268937,0
1024,8,116,32,256,231,1.108225108,8775,277272,0.234278597,9727.843750000,28.502924916,63,253,139.285714286,1.816410256,7,106,231,8775,277272,0
1024,8,117,32,256,222,1.153153153,8703,274912,0.232284536,10017.531250000,27.443088835,61,260,138.142857143,1.882109617,8,106,222,8703,274912,0
1024,8,118,32,256,216,1.185185185,9341,295423,0.249615129,11195.593750000,26.387434789,63,260,148.269841270,1.753559576,6,93,216,9341,295423,0
1024,8,119,32,256,219,1.168949772,9313,294629,0.248944246,11067.375000000,26.621398480,63,259,147.825396825,1.752067003,7,93,219,9313,294629,0
1024,8,120,32,256,213,1.201877934,9247,292498,0.247143676,11401.625000000,25.654062469,63,251,146.777777778,1.710068130,6,93,213,9247,292498,0
1024,8,121,32,256,228,1.122807018,8998,284399,0.240300495,9792.625000000,29.042161831,63,254,142.825396825,1.778395199,7,93,228,8998,284399,0
1024,8,122,32,256,231,1.108225108,8769,276958,0.234013286,9740.750000000,28.432923543,62,248,139.190476190,1.781731098,7,91,231,8769,276958,0
1024,8,123,32,256,213,1.201877934,9004,284563,0.240439065,11064.937500000,25.717542462,63,250,142.920634921,1.749222568,6,106,213,9004,284563,0
1024,8,124,32,256,220,1.163636364,8967,283535,0.239570466,10494.343750000,27.017887612,63,251,142.333333333,1.763466042,7,106,220,8967,283535,0
1024,8,125,32,256,215,1.190697674,9052,286246,0.241861102,10938.906250000,26.167698439,62,250,143.682539683,1.739946973,7,87,215,9052,286246,0
1024,8,126,32,256,227,1.127753304,9380,296705,0.250698344,10726.875000000,27.659966206,61,262,148.888888889,1.759701493,7,106,227,9380,296705,0
1024,8,127,32,256,213,1.201877934,8250,260627,0.220214548,9920.656250000,26.271145117,61,252,130.952380952,1.924363636,9,88,213,8250,260627,0
1024,8,128,32,256,228,1.122807018,9336,295071,0.249317710,10293.125000000,28.666804299,63,254,148.190476190,1.714010283,7,93,228,9336,295071,0
1024,8,129,32,256,224,1.142857143,10100,319687,0.270116788,11556.062500000,27.664007529,63,256,160.317460317,1.596831683,7,106,224,10100,319687,0
1024,8,130,32,256,219,1.168949772,9067,286810,0.242337649,10926.000000000,26.250228812,62,254,143.920634921,1.764861586,7,93,219,9067,286810,0
1024,8,131,32,256,213,1.201877934,8238,260099,0.219768418,10464.156250000,24.856184654,60,252,130.761904762,1.927166788,7,93,213,8238,260099,0
1024,8,132,32,256,225,1.137777778,9177,290294,0.245281425,10291.406250000,28.207418204,63,250,145.666666667,1.716247140,7,106,225,9177,290294,0
1024,8,133,32,256,224,1.142857143,8991,284211,0.240141646,10423.937500000,27.265224873,62,257,142.714285714,1.800800801,7,106,224,8991,284211,0
1024,8,134,32,256,225,1.137777778,9192,290537,0.245486745,10556.937500000,27.520954822,61,255,145.904761905,1.747715405,6,91,225,9192,290537,0
1024,8,135,32,256,224,1.142857143,9503,300483,0.253890533,10974.875000000,27.379172884,63,259,150.841269841,1.717036725,7,106,224,9503,300483,0
1024,8,136,32,256,226,1.132743363,9066,286725,0.242265829,10343.218750000,27.721061203,62,244,143.904761905,1.695565850,7,106,226,9066,286725,0
1024,8,137,32,256,224,1.142857143,9352,295494,0.249675120,10770.625000000,27.435176696,63,255,148.444444444,1.717814371,6,93,224,9352,295494,0
1024,8,138,32,256,207,1.236714976,8927,282559,0.238745803,11105.343750000,25.443516775,63,254,141.698412698,1.792539487,6,93,207,8927,282559,0
1024,8,139,32,256,219,1.168949772,8922,282100,0.238357975,10653.593750000,26.479327692,62,249,141.619047619,1.758238063,7,106,219,8922,282100,0
1024,8,140,32,256,212,1.207547170,9545,302167,0.255313414,11606.625000000,26.034010748,62,254,151.507936508,1.676479832,6,100,212,9545,302167,0
1024,8,141,32,256,222,1.153153153,9325,294779,0.249070987,10827.343750000,27.225421748,62,257,148.015873016,1.736300268,7,93,222,9325,294779,0
1024,8,142,32,256,222,1.153153153,9187,290143,0.245153838,10733.156250000,27.032402514,62,253,145.825396825,1.734951562,6,93,222,9187,290143,0
1024,8,143,32,256,221,1.158371041,9182,290329,0.245310998,10697.343750000,27.140288915,61,251,145.746031746,1.722173818,6,93,221,9182,290329,0
1024,8,144,32,256,230,1.113043478,9256,292729,0.247338857,10170.562500000,28.781987230,62,251,146.920634921,1.708405359,7,106,230,9256,292729,0
1024,8,145,32,256,228,1.122807018,9190,290282,0.245271285,10184.218750000,28.503119103,63,250,145.873015873,1.713819369,6,100,228,9190,290282,0
1024,8,146,32,256,223,1.147982063,9362,295917,0.250032530,10801.406250000,27.396155015,63,251,148.603174603,1.689062166,7,93,223,9362,295917,0
1024,8,147,32,256,232,1.103448276,10239,324249,0.273971411,11430.281250000,28.367543450,63,259,162.523809524,1.593612657,7,106,232,10239,324249,0
1024,8,148,32,256,227,1.127753304,9534,301574,0.254812364,10816.625000000,27.880600465,62,249,151.333333333,1.645374449,7,100,227,9534,301574,0
1024,8,149,32,256,224,1.142857143,8731,275789,0.233025549,9967.781250000,27.668042976,62,258,138.587301587,1.861642424,6,85,224,8731,275789,0
1024,8,150,32,256,241,1.062240664,9914,313565,0.264944056,10513.343750000,29.825430182,62,258,157.365079365,1.639499697,6,106,241,9914,313565,0
1024,8,151,32,256,227,1.127753304,9055,286242,0.241857722,10292.312500000,27.811242614,61,247,143.730158730,1.718498067,6,93,227,9055,286242,0
1024,8,152,32,256,210,1.219047619,9131,288753,0.243979370,11455.687500000,25.206082132,62,251,144.936507937,1.731792794,6,106,210,9131,288753,0
1024,8,153,32,256,225,1.137777778,9380,296481,0.250509077,10801.281250000,27.448688090,63,255,148.888888889,1.712686567,7,106,225,9380,296481,0
1024,8,154,32,256,222,1.153153153,9037,285775,0.241463134,10341.000000000,27.635141669,63,254,143.444444444,1.770720372,7,106,222,9037,285775,0
1024,8,155,32,256,222,1.153153153,9139,288892,0.244096817,10531.593750000,27.430985932,62,256,145.063492063,1.764744502,7,106,222,9139,288892,0
1024,8,156,32,256,234,1.094017094,9394,296578,0.250591037,10173.000000000,29.153445395,62,255,149.111111111,1.710134128,7,106,234,9394,296578,0
1024,8,157,32,256,212,1.207547170,9217,291655,0.246431390,11530.468750000,25.294288231,61,251,146.301587302,1.715634154,6,106,212,9217,291655,0
1024,8,158,32,256,224,1.142857143,9235,291754,0.246515039,10455.031250000,27.905607647,62,256,146.587301587,1.746399567,7,106,224,9235,291754,0
1024,8,159,32,256,208,1.230769231,8650,273582,0.231160764,11159.906250000,24.514722066,60,254,137.301587302,1.849942197,6,106,208,8650,273582,0
1024,8,160,32,256,223,1.147982063,9497,300391,0.253812798,10763.000000000,27.909597696,62,255,150.746031746,1.691586817,7,93,223,9497,300391,0
1024,8,161,32,256,221,1.158371041,8925,282157,0.238406136,10300.000000000,27.393883495,61,262,141.666666667,1.849411765,8,91,221,8925,282157,0
1024,8,162,32,256,216,1.185185185,9468,299691,0.253221339,11383.656250000,26.326427416,61,255,150.285714286,1.696768061,7,106,216,9468,299691,0
1024,8,163,32,256,223,1.147982063,10098,319680,0.270110873,11833.875000000,27.013974712,63,259,160.285714286,1.615864528,7,106,223,10098,319680,0
1024,8,164,32,256,223,1.147982063,8996,284331,0.240243039,10391.562500000,27.361717740,63,253,142.793650794,1.771787461,7,93,223,8996,284331,0
1024,8,165,32,256,220,1.163636364,9272,292975,0.247546713,10765.968750000,27.213064314,62,251,147.174603175,1.705457291,7,93,220,9272,292975,0
1024,8,166,32,256,232,1.103448276,9991,315972,0.266977830,11022.562500000,28.665929542,62,251,158.587301587,1.582724452,6,106,232,9991,315972,0
1024,8,167,32,256,213,1.201877934,9087,287361,0.242803211,10924.343750000,26.304646446,61,248,144.238095238,1.719379333,6,106,213,9087,287361,0
1024,8,168,32,256,228,1.122807018,9848,311305,0.263034489,11018.375000000,28.253258761,62,244,156.317460317,1.560926076,6,106,228,9848,311305,0
1024,8,169,32,256,213,1.201877934,9147,289279,0.244423809,10992.437500000,26.316183285,61,254,145.190476190,1.749426041,6,93,213,9147,289279,0
1024,8,170,32,256,220,1.163636364,9091,287392,0.242829405,10603.218750000,27.104222480,62,254,144.301587302,1.760202398,7,91,220,9091,287392,0
1024,8,171,32,256,213,1.201877934,9049,286110,0.241746190,10977.031250000,26.064424295,62,248,143.634920635,1.726599624,5,93,213,9049,286110,0
1024,8,172,32,256,227,1.127753304,9279,293396,0.247902433,10583.031250000,27.723248006,63,254,147.285714286,1.724539282,7,91,227,9279,293396,0
1024,8,173,32,256,224,1.142857143,9350,295452,0.249639632,10778.906250000,27.410202218,63,253,148.412698413,1.704705882,6,81,224,9350,295452,0
1024,8,174,32,256,222,1.153153153,8537,269661,0.227847748,9781.968750000,27.567150018,63,249,135.507936508,1.837530749,7,93,222,8537,269661,0
1024,8,175,32,256,220,1.163636364,8879,280776,0.237239272,10428.250000000,26.924555894,60,257,140.936507937,1.823516162,8,93,220,8879,280776,0
1024,8,176,32,256,220,1.163636364,9314,294569,0.248893549,11032.218750000,26.700793981,62,256,147.841269841,1.731586858,6,106,220,9314,294569,0
1024,8,177,32,256,228,1.122807018,9070,286701,0.242245550,10042.843750000,28.547790560,62,250,143.968253968,1.736493936,7,93,228,9070,286701,0
1024,8,178,32,256,223,1.147982063,8927,282002,0.238275170,10191.562500000,27.670143808,62,251,141.698412698,1.771367761,7,88,223,8927,282002,0
1024,8,179,32,256,217,1.179723502,8918,281790,0.238096043,10661.250000000,26.431234611,62,246,141.555555556,1.737833595,7,106,217,8918,281790,0
1024,8,180,32,256,223,1.147982063,9541,301733,0.254946710,11054.812500000,27.294266637,61,248,151.444444444,1.637564197,6,106,223,9541,301733,0
1024,8,181,32,256,225,1.137777778,9590,303357,0.256318894,10914.937500000,27.792829780,63,258,152.222222222,1.694890511,6,106,225,9590,303357,0
1024,8,182,32,256,225,1.137777778,9379,296449,0.250482039,10690.218750000,27.730863786,63,245,148.873015873,1.645697836,6,93,225,9379,296449,0
1024,8,183,32,256,223,1.147982063,9344,295271,0.249486698,10585.906250000,27.892841012,63,255,148.317460317,1.719285103,7,106,223,9344,295271,0
1024,8,184,32,256,229,1.117903930,9451,298777,0.252449063,10534.500000000,28.361763729,61,254,150.015873016,1.693154164,7,93,229,9451,298777,0
1024,8,185,32,256,223,1.147982063,9685,306535,0.259004118,11005.625000000,27.852575388,63,247,153.730158730,1.606711409,6,93,223,9685,306535,0
1024,8,186,32,256,222,1.153153153,9248,292482,0.247130156,10653.312500000,27.454559321,63,255,146.793650794,1.737132353,7,93,222,9248,292482,0
1024,8,187,32,256,220,1.163636364,8978,283910,0.239887319,10588.843750000,26.812181453,60,257,142.507936508,1.803408331,7,93,220,8978,283910,0
1024,8,188,32,256,229,1.117903930,9722,307303,0.259653033,10831.718750000,28.370659089,63,257,154.317460317,1.665398066,7,106,229,9722,307303,0
1024,8,189,32,256,238,1.075630252,9785,309322,0.261358970,10467.125000000,29.551763259,63,259,155.317460317,1.667552376,6,93,238,9785,309322,0
1024,8,190,32,256,213,1.201877934,9012,284961,0.240775352,10738.750000000,26.535769992,63,249,143.047619048,1.740679095,6,100,213,9012,284961,0
1024,8,191,32,256,217,1.179723502,8766,277081,0.234117214,10728.875000000,25.825727301,63,254,139.142857143,1.825462012,6,93,217,8766,277081,0
1024,8,192,32,256,223,1.147982063,9221,291555,0.246346896,10514.843750000,27.727944127,61,258,146.365079365,1.762715541,7,93,223,9221,291555,0
1024,8,193,32,256,226,1.132743363,9063,286270,0.241881380,10257.062500000,27.909550127,61,253,143.857142857,1.758689176,7,106,226,9063,286270,0
1024,8,194,32,256,216,1.185185185,8557,270500,0.228556654,10281.843750000,26.308511059,62,256,135.825396825,1.884772701,8,91,216,8557,270500,0
1024,8,195,32,256,212,1.207547170,8728,275993,0.233197917,10587.656250000,26.067431118,62,244,138.539682540,1.761228231,7,100,212,8728,275993,0
1024,8,196,32,256,216,1.185185185,9176,289974,0.245011043,11064.468750000,26.207674905,62,251,145.650793651,1.723299913,6,106,216,9176,289974,0
1024,8,197,32,256,224,1.142857143,9650,305132,0.257818665,11034.500000000,27.652544293,62,245,153.174603175,1.599481865,7,93,224,9650,305132,0
1024,8,198,32,256,213,1.201877934,9110,288040,0.243376927,10904.468750000,26.414858587,62,246,144.603174603,1.701207464,6,106,213,9110,288040,0
1024,8,199,32,256,227,1.127753304,9845,311220,0.262962669,11137.156250000,27.944296822,63,250,156.269841270,1.599796851,7,106,227,9845,311220,0
1024,8,200,32,256,228,1.122807018,9514,301102,0.254413552,10907.437500000,27.605200580,62,258,151.015873016,1.708429683,7,106,228,9514,301102,0
1024,8,201,32,256,218,1.174311927,9240,292228,0.246915541,10960.312500000,26.662378468,60,261,146.666666667,1.779545455,7,88,218,9240,292228,0
1024,8,202,32,256,207,1.236714976,8054,254184,0.214770590,10109.375000000,25.143394127,61,253,127.841269841,1.979016638,8,106,207,8054,254184,0
1024,8,203,32,256,225,1.137777778,8906,281535,0.237880583,10292.468750000,27.353495730,61,256,141.365079365,1.810913991,8,93,225,8906,281535,0
1024,8,204,32,256,203,1.261083744,8352,263871,0.222955537,10475.156250000,25.190173178,61,256,132.571428571,1.931034483,7,106,203,8352,263871,0
1024,8,205,32,256,214,1.196261682,8680,274216,0.231696456,10538.750000000,26.019784130,60,257,137.777777778,1.865322581,6,106,214,8680,274216,0
1024,8,206,32,256,224,1.142857143,8741,275904,0.233122718,10105.562500000,27.302191244,63,260,138.746031746,1.873927468,7,106,224,8741,275904,0
1024,8,207,32,256,212,1.207547170,8717,275584,0.232852336,10759.281250000,25.613606857,63,252,138.365079365,1.821268785,8,106,212,8717,275584,0
1024,8,208,32,256,217,1.179723502,9045,285866,0.241540024,10722.687500000,26.659920845,61,252,143.571428571,1.755223881,7,106,217,9045,285866,0
1024,8,209,32,256,229,1.117903930,9825,310791,0.262600189,11002.968750000,28.246104034,62,258,155.952380952,1.654351145,6,106,229,9825,310791,0
1024,8,210,32,256,228,1.122807018,9383,296544,0.250562309,10544.562500000,28.122930657,63,255,148.936507937,1.712138975,7,106,228,9383,296544,0
1024,8,211,32,256,221,1.158371041,9190,290572,0.245516318,10678.593750000,27.210698974,63,254,145.873015873,1.741240479,6,106,221,9190,290572,0
1024,8,212,32,256,225,1.137777778,9123,288357,0.243644773,10497.687500000,27.468621065,61,251,144.809523810,1.733311411,6,87,225,9123,288357,0
1024,8,213,32,256,214,1.196261682,8745,276369,0.233515615,10733.218750000,25.748939478,60,249,138.809523810,1.793825043,6,85,214,8745,276369,0
1024,8,214,32,256,223,1.147982063,8842,279296,0.235988759,10235.093750000,27.288074425,63,251,140.349206349,1.788396290,7,93,223,8842,279296,0
1024,8,215,32,256,223,1.147982063,9548,301909,0.255095419,11067.187500000,27.279649866,61,257,151.555555556,1.695747801,6,106,223,9548,301909,0
1024,8,216,32,256,201,1.273631841,8573,271163,0.229116850,11589.968750000,23.396352988,61,253,136.079365079,1.859209145,5,106,201,8573,271163,0
1024,8,217,32,256,218,1.174311927,9150,289245,0.244395081,10839.625000000,26.684041191,63,256,145.238095238,1.762622951,7,93,218,9150,289245,0
1024,8,218,32,256,214,1.196261682,8965,283356,0.239419221,10909.937500000,25.972284443,61,241,142.301587302,1.693586168,6,93,214,8965,283356,0
1024,8,219,32,256,213,1.201877934,8839,279475,0.236140003,10732.375000000,26.040368511,59,253,140.301587302,1.803258287,7,106,213,8839,279475,0
1024,8,220,32,256,227,1.127753304,9524,301237,0.254527619,10973.125000000,27.452252663,61,256,151.174603175,1.693406132,7,106,227,9524,301237,0
1024,8,221,32,256,227,1.127753304,8643,272910,0.230592963,9648.343750000,28.285683748,63,258,137.190476190,1.880597015,7,100,227,8643,272910,0
1024,8,222,32,256,218,1.174311927,8900,281349,0.237723424,10364.593750000,27.145202869,63,255,141.269841270,1.805056180,6,88,218,8900,281349,0
1024,8,223,32,256,223,1.147982063,9074,286920,0.242430592,10524.937500000,27.260969483,61,257,144.031746032,1.784328852,6,100,223,9074,286920,0
1024,8,224,32,256,218,1.174311927,9019,285260,0.241027990,10782.875000000,26.454911144,60,254,143.158730159,1.774254352,7,106,218,9019,285260,0
1024,8,225,32,256,208,1.230769231,8289,262103,0.221461681,10339.062500000,25.350751096,60,246,131.571428571,1.869706840,8,106,208,8289,262103,0
1024,8,226,32,256,219,1.168949772,9387,296882,0.250847899,11007.500000000,26.970883489,62,259,149.000000000,1.738255034,7,93,219,9387,296882,0
1024,8,227,32,256,230,1.113043478,9335,295214,0.249438536,10389.000000000,28.416016941,62,254,148.174603175,1.714193894,7,93,230,9335,295214,0
1024,8,228,32,256,233,1.098712446,9066,286344,0.241943906,9984.718750000,28.678223911,61,258,143.904761905,1.792852416,7,106,233,9066,286344,0
1024,8,229,32,256,215,1.190697674,9177,290121,0.245135250,11399.375000000,25.450605845,61,254,145.666666667,1.743707094,6,106,215,9177,290121,0
1024,8,230,32,256,220,1.163636364,8605,272026,0.229846035,9961.625000000,27.307392117,59,247,136.587301587,1.808367228,6,106,220,8605,272026,0
1024,8,231,32,256,226,1.132743363,9837,311021,0.262794525,11219.156250000,27.722316462,62,249,156.142857143,1.594693504,6,106,226,9837,311021,0
1024,8,232,32,256,225,1.137777778,9024,285291,0.241054183,10183.000000000,28.016399882,62,249,143.238095238,1.738364362,8,106,225,9024,285291,0
1024,8,233,32,256,233,1.098712446,8691,274370,0.231826577,9390.281250000,29.218507167,63,255,137.952380952,1.848463928,7,106,233,8691,274370,0
1024,8,234,32,256,229,1.117903930,9335,294759,0.249054088,10260.312500000,28.728072366,62,252,148.174603175,1.700696304,7,93,229,9335,294759,0
1024,8,235,32,256,222,1.153153153,9388,296783,0.250764250,10910.875000000,27.200659892,63,260,149.015873016,1.744780571,6,106,222,9388,296783,0
1024,8,236,32,256,221,1.158371041,8885,280667,0.237147174,10331.906250000,27.165074209,62,254,141.031746032,1.801012943,8,106,221,8885,280667,0
1024,8,237,32,256,219,1.168949772,9025,285378,0.241127693,10699.062500000,26.673178141,63,262,143.253968254,1.828919668,7,93,219,9025,285378,0
1024,8,238,32,256,213,1.201877934,8387,264829,0.223764991,10239.500000000,25.863469896,62,256,133.126984127,1.922976034,8,93,213,8387,264829,0
1024,8,239,32,256,227,1.127753304,8807,278358,0.235196204,9938.656250000,28.007609178,62,251,139.793650794,1.795503577,7,90,227,8807,278358,0
1024,8,240,32,256,216,1.185185185,9756,308842,0.260953398,11700.781250000,26.394989651,59,251,154.857142857,1.620848708,7,93,216,9756,308842,0
1024,8,241,32,256,226,1.132743363,9109,287899,0.243257790,10245.531250000,28.099958213,61,254,144.587301587,1.756724119,6,106,226,9109,287899,0
1024,8,242,32,256,217,1.179723502,8843,279656,0.236292938,10457.562500000,26.741986959,62,252,140.365079365,1.795318331,7,106,217,8843,279656,0
1024,8,243,32,256,223,1.147982063,8938,282458,0.238660464,10224.625000000,27.625267430,63,256,141.873015873,1.804430521,7,106,223,8938,282458,0
1024,8,244,32,256,224,1.142857143,8823,278614,0.235412509,10073.500000000,27.658112870,63,255,140.047619048,1.820809249,7,93,224,8823,278614,0
1024,8,245,32,256,219,1.168949772,9082,287256,0.242714493,10834.906250000,26.512089110,62,255,144.158730159,1.768883506,7,88,219,9082,287256,0
1024,8,246,32,256,223,1.147982063,9341,295410,0.249604145,10683.562500000,27.650888924,62,253,148.269841270,1.706348357,7,93,223,9341,295410,0
1024,8,247,32,256,226,1.132743363,9124,288464,0.243735182,10376.250000000,27.800409589,63,252,144.825396825,1.740026304,6,93,226,9124,288464,0
1024,8,248,32,256,219,1.168949772,9095,287522,0.242939247,10724.093750000,26.810843574,61,251,144.365079365,1.738647609,6,91,219,9095,287522,0
1024,8,249,32,256,200,1.280000000,8554,270691,0.228718038,11633.875000000,23.267483964,59,249,135.777777778,1.833878887,7,93,200,8554,270691,0
1024,8,250,32,256,222,1.153153153,9341,295457,0.249643857,10997.281250000,26.866367540,63,254,148.269841270,1.713092817,6,93,222,9341,295457,0
1024,8,251,32,256,224,1.142857143,9068,286489,0.242066423,10409.312500000,27.522374797,63,252,143.936507937,1.750771945,7,106,224,9068,286489,0
1024,8,252,32,256,220,1.163636364,8569,270764,0.228779719,10003.187500000,27.067772148,58,256,136.015873016,1.882133271,8,106,220,8569,270764,0
1024,8,253,32,256,237,1.080168776,9689,306408,0.258896811,10323.343750000,29.681080803,60,255,153.793650794,1.658065848,6,87,237,9689,306408,0
1024,8,254,32,256,221,1.158371041,8363,264160,0.223199726,9617.375000000,27.466954340,62,250,132.746031746,1.883295468,8,93,221,8363,264160,0
1024,8,255,32,256,221,1.158371041,9390,296833,0.250806497,10935.031250000,27.145144190,62,259,149.047619048,1.737699681,8,93,221,9390,296833,0
1024,8,256,32,256,215,1.190697674,9219,291709,0.246477017,10971.125000000,26.588795588,62,250,146.333333333,1.708428246,6,106,215,9219,291709,0
1024,8,257,32,256,219,1.168949772,9094,287660,0.243055849,10649.406250000,27.011834580,60,256,144.349206349,1.773477018,7,106,219,9094,287660,0
1024,8,258,32,256,226,1.132743363,9823,310444,0.262306994,11324.406250000,27.413710984,61,255,155.920634921,1.635447419,7,106,226,9823,310444,0
1024,8,259,32,256,228,1.122807018,9318,294495,0.248831024,10425.968750000,28.246296058,63,247,147.904761905,1.669993561,7,106,228,9318,294495,0
1024,8,260,32,256,221,1.158371041,8906,281327,0.237704835,10187.906250000,27.613819081,62,250,141.365079365,1.768470694,7,106,221,8906,281327,0
1024,8,261,32,256,236,1.084745763,8841,279240,0.235941442,9541.250000000,29.266605529,63,253,140.333333333,1.802850356,7,85,236,8841,279240,0
1024,8,262,32,256,233,1.098712446,9020,284764,0.240608899,9996.062500000,28.487616999,63,257,143.174603175,1.795011086,7,93,233,9020,284764,0
1024,8,263,32,256,217,1.179723502,9235,291897,0.246635866,11032.625000000,26.457620013,61,254,146.587301587,1.732755820,6,106,217,9235,291897,0
1024,8,264,32,256,214,1.196261682,8921,281971,0.238248977,10717.500000000,26.309400513,63,253,141.603174603,1.786683107,8,83,214,8921,281971,0
1024,8,265,32,256,212,1.207547170,8930,282389,0.238602163,11177.062500000,25.265046160,63,248,141.746031746,1.749608063,6,93,212,8930,282389,0
1024,8,266,32,256,213,1.201877934,8713,275392,0.232690108,10575.531250000,26.040488510,63,262,138.301587302,1.894410651,6,93,213,8713,275392,0
1024,8,267,32,256,219,1.168949772,9590,303401,0.256356072,11292.406250000,26.867701470,61,251,152.222222222,1.648905109,6,93,219,9590,303401,0
1024,8,268,32,256,215,1.190697674,8615,272273,0.230054735,10234.000000000,26.604748876,61,243,136.746031746,1.777016831,6,100,215,8615,272273,0
1024,8,269,32,256,226,1.132743363,9249,292263,0.246945114,10555.437500000,27.688383357,63,250,146.809523810,1.702886799,7,106,226,9249,292263,0
1024,8,270,32,256,226,1.132743363,9265,292868,0.247456304,10431.968750000,28.074087166,60,256,147.063492063,1.740744738,7,93,226,9265,292868,0
1024,8,271,32,256,229,1.117903930,8769,276852,0.233923722,9699.406250000,28.543190466,63,252,139.190476190,1.810468697,6,100,229,8769,276852,0
1024,8,272,32,256,214,1.196261682,8983,284004,0.239966743,11206.593750000,25.342580122,62,252,142.587301587,1.767338306,6,106,214,8983,284004,0
1024,8,273,32,256,217,1.179723502,9016,285270,0.241036439,11036.812500000,25.847136571,59,254,143.111111111,1.774844720,7,93,217,9016,285270,0
1024,8,274,32,256,227,1.127753304,9566,302499,0.255593935,10855.968750000,27.864763336,63,256,151.841269841,1.685971148,7,93,227,9566,302499,0
1024,8,275,32,256,223,1.147982063,9098,287787,0.243163156,10418.062500000,27.623850404,61,251,144.412698413,1.738074302,6,106,223,9098,287787,0
1024,8,276,32,256,221,1.158371041,9029,285496,0.241227396,10712.968750000,26.649569010,62,246,143.317460317,1.716469155,6,106,221,9029,285496,0
1024,8,277,32,256,223,1.147982063,9122,288431,0.243707299,10378.312500000,27.791705058,61,246,144.793650794,1.698969524,7,106,223,9122,288431,0
1024,8,278,32,256,234,1.094017094,9651,305188,0.257865982,10276.875000000,29.696576051,62,254,153.190476190,1.658066522,7,100,234,9651,305188,0
1024,8,279,32,256,215,1.190697674,8670,273959,0.231479307,10473.406250000,26.157583642,62,251,137.619047619,1.823875433,6,93,215,8670,273959,0
1024,8,280,32,256,226,1.132743363,9570,302654,0.255724901,10924.968750000,27.702962537,63,255,151.904761905,1.678683386,6,106,226,9570,302654,0
1024,8,281,32,256,215,1.190697674,8543,269878,0.228031101,10313.250000000,26.168084745,62,250,135.603174603,1.843614655,7,93,215,8543,269878,0
1024,8,282,32,256,218,1.174311927,9069,286756,0.242292022,10786.375000000,26.585020454,62,252,143.952380952,1.750578895,6,106,218,9069,286756,0
1024,8,283,32,256,216,1.185185185,8745,276326,0.233479283,10314.437500000,26.790215172,62,256,138.809523810,1.844253859,7,106,216,8745,276326,0
1024,8,284,32,256,221,1.158371041,9505,300541,0.253939539,11192.031250000,26.853123735,62,254,150.873015873,1.683534982,8,106,221,9505,300541,0
1024,8,285,32,256,226,1.132743363,8987,283957,0.239927031,10352.062500000,27.429992815,60,259,142.650793651,1.815622566,7,106,226,8987,283957,0
1024,8,286,32,256,224,1.142857143,9107,287933,0.243286518,10210.500000000,28.199696391,63,254,144.555555556,1.757109915,7,106,224,9107,287933,0
1024,8,287,32,256,226,1.132743363,9031,285520,0.241247674,10335.031250000,27.626428319,62,256,143.349206349,1.785848743,8,106,226,9031,285520,0
1024,8,288,32,256,213,1.201877934,8865,280540,0.237039866,10830.281250000,25.903297756,61,256,140.714285714,1.819289340,7,93,213,8865,280540,0
1024,8,289,32,256,232,1.103448276,10006,316501,0.267424804,10972.812500000,28.844109019,63,253,158.825396825,1.592944233,7,106,232,10006,316501,0
1024,8,290,32,256,224,1.142857143,9293,293847,0.248283502,10542.125000000,27.873602333,61,248,147.507936508,1.681265469,8,106,224,9293,293847,0
1024,8,291,32,256,225,1.137777778,9145,289168,0.244330021,10259.593750000,28.185131599,60,255,145.158730159,1.756697649,6,93,225,9145,289168,0
1024,8,292,32,256,224,1.142857143,9427,298262,0.252013918,11121.625000000,26.818203275,61,251,149.634920635,1.677415933,7,106,224,9427,298262,0
1024,8,293,32,256,217,1.179723502,8968,283501,0.239541738,10677.031250000,26.552418304,63,253,142.349206349,1.777319358,7,106,217,8968,283501,0
1024,8,294,32,256,225,1.137777778,9125,288474,0.243743631,10360.531250000,27.843552907,62,257,144.841269841,1.774356164,7,93,225,9125,288474,0
1024,8,295,32,256,213,1.201877934,8770,277383,0.234372386,10791.593750000,25.703617689,63,243,139.206349206,1.745610034,7,106,213,8770,277383,0
1024,8,296,32,256,214,1.196261682,8362,264227,0.223256337,10240.500000000,25.802158098,61,258,132.730158730,1.943793351,7,93,214,8362,264227,0
1024,8,297,32,256,213,1.201877934,9229,292205,0.246896108,11433.031250000,25.557963904,62,252,146.492063492,1.720229711,7,93,213,9229,292205,0
1024,8,298,32,256,213,1.201877934,8290,261947,0.221329870,10124.000000000,25.873864085,62,257,131.587301587,1.953075995,7,93,213,8290,261947,0
1024,8,299,32,256,207,1.236714976,8478,268023,0.226463734,10552.562500000,25.398854544,61,254,134.571428571,1.887473461,7,93,207,8478,268023,0
1024,8,300,32,256,213,1.201877934,8992,284451,0.240344432,11351.218750000,25.059071300,62,253,142.730158730,1.772575623,7,93,213,8992,284451,0
1024,8,301,32,256,223,1.147982063,9461,299335,0.252920540,10841.875000000,27.609154321,61,259,150.174603175,1.724659127,6,93,223,9461,299335,0
1024,8,302,32,256,218,1.174311927,8953,283175,0.239266287,10865.187500000,26.062596711,61,255,142.111111111,1.794370602,7,93,218,8953,283175,0
1024,8,303,32,256,224,1.142857143,8978,283721,0.239727625,10199.437500000,27.817318357,63,249,142.507936508,1.747271107,7,90,224,8978,283721,0
1024,8,304,32,256,222,1.153153153,9498,300440,0.253854200,11316.843750000,26.548038184,63,255,150.761904762,1.691408718,7,106,222,9498,300440,0
1024,8,305,32,256,223,1.147982063,9571,302703,0.255766303,11237.093750000,26.937837019,63,243,151.920634921,1.599519381,6,106,223,9571,302703,0
1024,8,306,32,256,238,1.075630252,9727,307286,0.259638669,10489.343750000,29.295064336,62,255,154.396825397,1.651588362,7,106,238,9727,307286,0
1024,8,307,32,256,217,1.179723502,8870,280410,0.236930024,10518.093750000,26.659773783,63,251,140.793650794,1.782750846,7,106,217,8870,280410,0
1024,8,308,32,256,219,1.168949772,8867,280320,0.236853979,10471.062500000,26.770922244,60,254,140.746031746,1.804668997,7,106,219,8867,280320,0
1024,8,309,32,256,222,1.153153153,9248,292278,0.246957788,10493.250000000,27.853906082,63,249,146.793650794,1.696258651,6,106,222,9248,292278,0
1024,8,310,32,256,230,1.113043478,9124,288372,0.243657447,10097.187500000,28.559636037,63,249,144.825396825,1.719311705,6,87,230,9124,288372,0
1024,8,311,32,256,230,1.113043478,8987,284038,0.239995471,9903.562500000,28.680386477,63,253,142.650793651,1.773561812,6,106,230,8987,284038,0
1024,8,312,16,128,122,1.049180328,5110,161505,0.136462264,10604.375000000,15.230034773,58,194,84.301587302,2.301261533,5,100,128,5311,167844,128
1024,16,0,32,512,382,1.340314136,15034,474808,0.401184946,20192.843750000,23.513676720,63,363,238.634920635,1.521152055,9,106,382,15034,474808,0
1024,16,1,32,512,366,1.398907104,15340,485080,0.409864184,22084.250000000,21.964975039,63,365,243.492063492,1.499022164,10,106,366,15340,485080,0
1024,16,2,32,512,401,1.276807980,16121,509589,0.430572853,21271.218750000,23.956737317,63,365,255.888888889,1.426400347,10,106,401,16121,509589,0
1024,16,3,32,512,380,1.347368421,14656,463043,0.391244210,20090.531250000,23.047822591,63,367,232.634920635,1.577579148,9,106,380,14656,463043,0
1024,16,4,32,512,393,1.302798982,15987,505511,0.427127182,21333.312500000,23.695851265,63,377,253.761904762,1.485644586,10,93,393,15987,505511,0
1024,16,5,32,512,356,1.438202247,13607,429785,0.363143148,19682.812500000,21.835548146,62,374,215.984126984,1.731608731,10,106,356,13607,429785,0
1024,16,6,32,512,383,1.336814621,15102,476999,0.403036212,20523.218750000,23.241919594,63,372,239.714285714,1.551847437,10,106,383,15102,476999,0
1024,16,7,32,512,357,1.434173669,15204,480923,0.406351763,22783.718750000,21.108187179,63,364,241.333333333,1.508287293,9,106,357,15204,480923,0
1024,16,8,32,512,397,1.289672544,16506,522131,0.441170109,21896.468750000,23.845443115,63,363,262.000000000,1.385496183,9,106,397,16506,522131,0
1024,16,9,32,512,377,1.358090186,14866,469809,0.396961084,20762.031250000,22.628277279,63,373,235.968253968,1.580721109,10,93,377,14866,469809,0
1024,16,10,32,512,378,1.354497354,15227,481328,0.406693964,21588.437500000,22.295638580,63,377,241.698412698,1.559795101,10,106,378,15227,481328,0
1024,16,11,32,512,417,1.227817746,16413,518651,0.438229713,20010.156250000,25.919387811,63,368,260.523809524,1.412538841,10,106,417,16413,518651,0
1024,16,12,32,512,377,1.358090186,14980,473234,0.399855008,20739.156250000,22.818382498,63,361,237.777777778,1.518224299,10,106,377,14980,473234,0
1024,16,13,32,512,399,1.283208020,15324,483979,0.408933904,19872.500000000,24.354208076,63,372,243.238095238,1.529365701,11,106,399,15324,483979,0
1024,16,14,32,512,389,1.316195373,14981,473402,0.399996958,19585.375000000,24.171199173,63,362,237.793650794,1.522328282,10,106,389,14981,473402,0
1024,16,15,32,512,375,1.365333333,14763,466420,0.394097577,20710.593750000,22.520841538,63,357,234.333333333,1.523470839,9,106,375,14763,466420,0
1024,16,16,32,512,388,1.319587629,15634,494274,0.417632576,21039.062500000,23.493157074,63,365,248.158730159,1.470832800,9,93,388,15634,494274,0
1024,16,17,32,512,399,1.283208020,15929,503233,0.425202406,21109.718750000,23.838924903,63,371,252.841269841,1.467323749,10,93,399,15929,503233,0
1024,16,18,32,512,379,1.350923483,15648,494686,0.417980691,21787.906250000,22.704613942,63,367,248.380952381,1.477569018,10,106,379,15648,494686,0
1024,16,19,32,512,404,1.267326733,16232,513265,0.433678858,21198.312500000,24.212540503,63,370,257.650793651,1.436052242,11,106,404,16232,513265,0
1024,16,20,32,512,383,1.336814621,15144,478651,0.404432056,21022.156250000,22.768882236,63,363,240.380952381,1.510103011,9,93,383,15144,478651,0
1024,16,21,32,512,393,1.302798982,15809,499559,0.422098091,20620.281250000,24.226585173,63,368,250.936507937,1.466506420,10,106,393,15809,499559,0
1024,16,22,32,512,344,1.488372093,13960,441141,0.372738303,21728.562500000,20.302355483,63,363,221.587301587,1.638180516,10,106,344,13960,441141,0
1024,16,23,32,512,394,1.299492386,15647,494444,0.417776216,20716.562500000,23.867087023,63,371,248.365079365,1.493768774,10,106,394,15647,494444,0
1024,16,24,32,512,396,1.292929293,15432,487586,0.411981607,19890.500000000,24.513511475,63,372,244.952380952,1.518662519,10,106,396,15432,487586,0
1024,16,25,32,512,395,1.296202532,15974,504803,0.426528964,20799.937500000,24.269447925,63,374,253.555555556,1.475021911,12,106,395,15974,504803,0
1024,16,26,32,512,394,1.299492386,16308,515650,0.435694043,21440.468750000,24.050313732,63,375,258.857142857,1.448675497,9,106,394,16308,515650,0
1024,16,27,32,512,394,1.299492386,15801,499617,0.422147098,20586.812500000,24.268788575,63,363,250.809523810,1.447313461,9,100,394,15801,499617,0
1024,16,28,32,512,375,1.365333333,15404,486907,0.411407892,22070.593750000,22.061345767,63,372,244.507936508,1.521423007,10,106,375,15404,486907,0
1024,16,29,32,512,401,1.276807980,15742,497217,0.420119238,20323.906250000,24.464637550,63,362,249.873015873,1.448735866,11,93,401,15742,497217,0
1024,16,30,32,512,378,1.354497354,14630,462212,0.390542064,19949.031250000,23.169646396,63,362,232.222222222,1.558851675,10,93,378,14630,462212,0
1024,16,31,32,512,386,1.326424870,14584,460519,0.389111578,20184.968750000,22.814947385,63,371,231.492063492,1.602646736,10,106,386,14584,460519,0
1024,16,32,32,512,373,1.372654155,15002,474077,0.400567294,20937.750000000,22.642213227,63,376,238.126984127,1.578989468,9,106,373,15002,474077,0
1024,16,33,32,512,374,1.368983957,14873,469989,0.397113173,21182.656250000,22.187444032,63,369,236.079365079,1.563033685,9,106,374,14873,469989,0
1024,16,34,32,512,387,1.322997416,15915,503112,0.425100168,21212.343750000,23.717888317,63,368,252.619047619,1.456738926,9,100,387,15915,503112,0
1024,16,35,32,512,413,1.239709443,15995,505145,0.426817934,19468.031250000,25.947410579,63,370,253.888888889,1.457330416,10,93,413,15995,505145,0
1024,16,36,32,512,406,1.261083744,16232,512676,0.433181188,20638.093750000,24.841247753,63,374,257.650793651,1.451577132,10,106,406,16232,512676,0
1024,16,37,32,512,397,1.289672544,16035,506738,0.428163925,20879.781250000,24.269315561,63,377,254.523809524,1.481197381,10,93,397,16035,506738,0
1024,16,38,32,512,376,1.361702128,14743,465646,0.393443593,20698.125000000,22.497013618,63,370,234.015873016,1.581089331,10,100,376,14743,465646,0
1024,16,39,32,512,388,1.319587629,15997,505799,0.427370525,21340.875000000,23.700949469,63,368,253.920634921,1.449271738,10,106,388,15997,505799,0
1024,16,40,32,512,377,1.358090186,15494,489735,0.413797386,21292.000000000,23.000892354,63,367,245.936507937,1.492255066,10,106,377,15494,489735,0
1024,16,41,32,512,418,1.224880383,15970,504378,0.426169864,19239.125000000,26.216265033,63,376,253.492063492,1.483281152,10,106,418,15970,504378,0
1024,16,42,32,512,413,1.239709443,15733,496810,0.419775347,19702.750000000,25.215261829,63,370,249.730158730,1.481599186,10,93,413,15733,496810,0
1024,16,43,32,512,390,1.312820513,16071,507913,0.429156732,21450.218750000,23.678686260,63,375,255.095238095,1.470039201,9,106,390,16071,507913,0
1024,16,44,32,512,378,1.354497354,14947,472316,0.399079352,21172.750000000,22.307730455,63,374,237.253968254,1.576369840,9,106,378,14947,472316,0
1024,16,45,32,512,403,1.270471464,16253,513796,0.434127522,20752.187500000,24.758642914,63,370,257.984126984,1.434196764,11,106,403,16253,513796,0
1024,16,46,32,512,381,1.343832021,15624,493748,0.417188136,21463.406250000,23.004177168,63,368,248.000000000,1.483870968,10,106,381,15624,493748,0
1024,16,47,32,512,404,1.267326733,16586,524282,0.442987578,21378.250000000,24.524084057,63,375,263.269841270,1.424394067,9,106,404,16586,524282,0
1024,16,48,32,512,370,1.383783784,14158,447244,0.377894981,19846.593750000,22.535050882,63,372,224.730158730,1.655318548,10,106,370,14158,447244,0
1024,16,49,32,512,402,1.273631841,16159,510784,0.431582558,21009.562500000,24.311976987,63,373,256.492063492,1.454236029,10,93,402,16159,510784,0
1024,16,50,32,512,392,1.306122449,15602,493029,0.416580623,20696.906250000,23.821386349,63,364,247.650793651,1.469811563,10,106,392,15602,493029,0
1024,16,51,32,512,389,1.316195373,15555,491636,0.415403620,21026.437500000,23.381802077,63,374,246.904761905,1.514754098,10,93,389,15555,491636,0
1024,16,52,32,512,388,1.319587629,15608,493425,0.416915220,21026.031250000,23.467338849,63,372,247.746031746,1.501537673,9,106,388,15608,493425,0
1024,16,53,32,512,402,1.273631841,15976,504702,0.426443625,20583.000000000,24.520332313,63,372,253.587301587,1.466950426,10,106,402,15976,504702,0
1024,16,54,32,512,380,1.347368421,15340,484723,0.409562540,21018.093750000,23.062177083,63,370,243.492063492,1.519556714,11,106,380,15340,484723,0
1024,16,55,32,512,378,1.354497354,14828,468502,0.395856745,20397.437500000,22.968669471,63,373,235.365079365,1.584772053,10,106,378,14828,468502,0
1024,16,56,32,512,405,1.264197531,16810,531455,0.449048342,21884.562500000,24.284469932,63,376,266.825396825,1.409161214,10,106,405,16810,531455,0
1024,16,57,32,512,361,1.418282548,14373,454517,0.384040239,20296.312500000,22.394067888,63,368,228.142857143,1.613024421,10,93,361,14373,454517,0
1024,16,58,32,512,385,1.329870130,15284,482889,0.408012917,19997.656250000,24.147279759,63,376,242.603174603,1.549856059,10,106,385,15284,482889,0
1024,16,59,32,512,397,1.289672544,15876,501821,0.424009348,20353.343750000,24.655457411,63,373,252.000000000,1.480158730,9,93,397,15876,501821,0
1024,16,60,32,512,384,1.333333333,15443,488304,0.412588275,21175.062500000,23.060333352,63,365,245.126984127,1.489024153,9,100,384,15443,488304,0
1024,16,61,32,512,386,1.326424870,16019,506393,0.427872421,21482.593750000,23.572246717,63,365,254.269841270,1.435482864,9,106,386,16019,506393,0
1024,16,62,32,512,384,1.333333333,15555,491508,0.415295468,21527.968750000,22.831136821,63,371,246.904761905,1.502603664,9,93,384,15555,491508,0
1024,16,63,32,512,395,1.296202532,15539,490911,0.414791038,20272.718750000,24.215350987,63,368,246.650793651,1.491987901,10,93,395,15539,490911,0
1024,16,64,32,512,363,1.410468320,15037,475678,0.401920045,21657.718750000,21.963439709,63,358,238.682539683,1.499900246,10,106,363,15037,475678,0
1024,16,65,32,512,385,1.329870130,15536,490986,0.414854408,20627.312500000,23.802713029,63,373,246.603174603,1.512551493,9,93,385,15536,490986,0
1024,16,66,32,512,388,1.319587629,15297,483563,0.408582408,20536.031250000,23.547052209,63,374,242.809523810,1.540302020,10,93,388,15297,483563,0
1024,16,67,32,512,375,1.365333333,14932,472028,0.398836009,21372.187500000,22.086087351,63,374,237.015873016,1.577953389,9,106,375,14932,472028,0
1024,16,68,32,512,387,1.322997416,14984,473106,0.399746856,19806.375000000,23.886551678,63,372,237.841269841,1.564068340,10,106,387,14984,473106,0
1024,16,69,32,512,380,1.347368421,14779,466773,0.394395842,19744.187500000,23.641033595,63,370,234.587301587,1.577237973,9,93,380,14779,466773,0
1024,16,70,32,512,370,1.383783784,14434,455912,0.385218933,20612.687500000,22.118028035,63,371,229.111111111,1.619301649,10,106,370,14434,455912,0
1024,16,71,32,512,392,1.306122449,15940,503725,0.425618117,21314.593750000,23.632868912,63,369,253.015873016,1.458406524,9,93,392,15940,503725,0
1024,16,72,32,512,383,1.336814621,14994,473681,0.400232697,20310.000000000,23.322550468,63,372,238.000000000,1.563025210,11,106,383,14994,473681,0
1024,16,73,32,512,379,1.350923483,15011,474196,0.400667842,21040.281250000,22.537531432,63,366,238.269841270,1.536073546,10,93,379,15011,474196,0
1024,16,74,32,512,386,1.326424870,15652,494731,0.418018714,21288.843750000,23.238979336,63,370,248.444444444,1.489266547,10,93,386,15652,494731,0
1024,16,75,32,512,378,1.354497354,14815,468087,0.395506095,20475.687500000,22.860624338,63,363,235.158730159,1.543638205,9,106,378,14815,468087,0
1024,16,76,32,512,383,1.336814621,15315,483937,0.408898416,20943.250000000,23.107063135,62,361,243.095238095,1.485014691,10,106,383,15315,483937,0
1024,16,77,32,512,384,1.333333333,14753,465924,0.393678486,19902.750000000,23.410031277,63,373,234.174603175,1.592828577,10,106,384,14753,465924,0
1024,16,78,32,512,394,1.299492386,16198,512109,0.432702106,22051.687500000,23.223120680,63,368,257.111111111,1.431287813,9,106,394,16198,512109,0
1024,16,79,32,512,395,1.296202532,15714,496762,0.419734790,20685.812500000,24.014623549,63,371,249.428571429,1.487399771,10,93,395,15714,496762,0
1024,16,80,32,512,400,1.280000000,15372,485439,0.410167518,19868.906250000,24.432094746,63,370,244.000000000,1.516393443,10,93,400,15372,485439,0
1024,16,81,32,512,399,1.283208020,15768,498096,0.420861942,20398.125000000,24.418714955,63,363,250.285714286,1.450342466,9,106,399,15768,498096,0
1024,16,82,32,512,401,1.276807980,16064,507785,0.429048579,20871.718750000,24.328854086,63,374,254.984126984,1.466757968,10,106,401,16064,507785,0
1024,16,83,32,512,396,1.292929293,16108,508863,0.429959426,21051.000000000,24.172865897,63,374,255.682539683,1.462751428,9,106,396,16108,508863,0
1024,16,84,32,512,393,1.302798982,15521,490742,0.414648242,20608.437500000,23.812673814,63,365,246.365079365,1.481541138,9,106,393,15521,490742,0
1024,16,85,32,512,370,1.383783784,15127,478108,0.403973253,21535.031250000,22.201407300,63,370,240.111111111,1.540953262,10,93,370,15127,478108,0
1024,16,86,32,512,402,1.273631841,15589,492577,0.416198710,20276.812500000,24.292624889,63,374,247.444444444,1.511450382,10,93,402,15589,492577,0
1024,16,87,32,512,385,1.329870130,15261,482299,0.407514402,20362.843750000,23.685247794,63,372,242.238095238,1.535679182,10,106,385,15261,482299,0
1024,16,88,32,512,346,1.479768786,13659,431667,0.364733328,21185.593750000,20.375496910,63,368,216.809523810,1.697342412,11,93,346,13659,431667,0
1024,16,89,32,512,374,1.368983957,15041,475329,0.401625160,20911.375000000,22.730643011,63,370,238.746031746,1.549763978,10,106,374,15041,475329,0
1024,16,90,32,512,381,1.343832021,14958,472566,0.399290587,19625.750000000,24.078875967,63,368,237.428571429,1.549939832,10,106,381,14958,472566,0
1024,16,91,32,512,374,1.368983957,15169,479571,0.405209402,21337.656250000,22.475336297,63,373,240.777777778,1.549146285,9,93,374,15169,479571,0
1024,16,92,32,512,373,1.372654155,14728,465211,0.393076043,20274.062500000,22.946116497,63,361,233.777777778,1.544201521,9,87,373,14728,465211,0
1024,16,93,32,512,365,1.402739726,14823,468527,0.395877869,20809.218750000,22.515357526,63,372,235.285714286,1.581056466,10,106,365,14823,468527,0
1024,16,94,32,512,366,1.398907104,14241,449906,0.380144215,20361.062500000,22.096391090,63,375,226.047619048,1.658942490,11,106,366,14241,449906,0
1024,16,95,32,512,383,1.336814621,15663,495102,0.418332187,21465.750000000,23.064742671,63,369,248.619047619,1.484198429,10,106,383,15663,495102,0
1024,16,96,32,512,364,1.406593407,14543,459382,0.388150879,21320.687500000,21.546303326,63,366,230.841269841,1.585505054,10,106,364,14543,459382,0
1024,16,97,32,512,373,1.372654155,15011,474234,0.400699949,20857.875000000,22.736448464,63,363,238.269841270,1.523482779,9,93,373,15011,474234,0
1024,16,98,32,512,382,1.340314136,15088,476616,0.402712600,20561.781250000,23.179703850,63,364,239.492063492,1.519883351,9,100,382,15088,476616,0
1024,16,99,32,512,376,1.361702128,15628,494188,0.417559911,21629.125000000,22.848265938,63,372,248.063492063,1.499616074,10,106,376,15628,494188,0
1024,16,100,32,512,388,1.319587629,15085,476582,0.402683872,20446.718750000,23.308483177,63,368,239.444444444,1.536890951,10,106,388,15085,476582,0
1024,16,101,32,512,387,1.322997416,15486,489484,0.413585306,20773.843750000,23.562514761,63,373,245.809523810,1.517435103,10,106,387,15486,489484,0
1024,16,102,32,512,377,1.358090186,15453,488452,0.412713327,21567.468750000,22.647627576,63,359,245.285714286,1.463599301,10,93,377,15453,488452,0
1024,16,103,32,512,388,1.319587629,15923,503285,0.425246343,21365.281250000,23.556207574,63,350,252.746031746,1.384789298,9,106,388,15923,503285,0
1024,16,104,32,512,421,1.216152019,17048,539084,0.455494401,21005.812500000,25.663563359,63,371,270.603174603,1.371011262,10,106,421,17048,539084,0
1024,16,105,32,512,381,1.343832021,15255,482105,0.407350483,20981.062500000,22.978102277,63,372,242.142857143,1.536283186,10,106,381,15255,482105,0
1024,16,106,32,512,388,1.319587629,15752,497971,0.420756324,21031.937500000,23.676896149,63,371,250.031746032,1.483811579,9,93,388,15752,497971,0
1024,16,107,32,512,400,1.280000000,16036,506623,0.428066757,20328.593750000,24.921694350,63,376,254.539682540,1.477176353,10,106,400,16036,506623,0
1024,16,108,32,512,374,1.368983957,14896,470748,0.397754484,20433.781250000,23.037733166,63,364,236.444444444,1.539473684,9,106,374,14896,470748,0
1024,16,109,32,512,401,1.276807980,16145,510157,0.431052780,20822.937500000,24.499761381,63,374,256.269841270,1.459399195,10,106,401,16145,510157,0
1024,16,110,32,512,381,1.343832021,15106,477207,0.403211960,20705.093750000,23.047806775,63,376,239.777777778,1.568118628,10,106,381,15106,477207,0
1024,16,111,32,512,411,1.245742092,15768,498004,0.420784207,19334.250000000,25.757606320,63,376,250.285714286,1.502283105,11,106,411,15768,498004,0
1024,16,112,32,512,367,1.395095368,15162,479586,0.405222076,21771.937500000,22.027713427,63,375,240.666666667,1.558171745,10,106,367,15162,479586,0
1024,16,113,32,512,406,1.261083744,15944,503793,0.425675573,20476.406250000,24.603584919,63,374,253.079365079,1.477797291,9,106,406,15944,503793,0
1024,16,114,32,512,367,1.395095368,15092,477130,0.403146900,21547.750000000,22.142915154,63,364,239.555555556,1.519480519,9,106,367,15092,477130,0
1024,16,115,32,512,374,1.368983957,14861,469479,0.396682253,20451.187500000,22.956075289,63,372,235.888888889,1.577013660,9,106,374,14861,469479,0
1024,16,116,32,512,412,1.242718447,15671,495106,0.418335567,19683.250000000,25.153671269,63,375,248.746031746,1.507561738,11,106,412,15671,495106,0
1024,16,117,32,512,399,1.283208020,15181,479375,0.405043793,19288.781250000,24.852529239,63,373,240.968253968,1.547921744,10,106,399,15181,479375,0
1024,16,118,32,512,351,1.458689459,14796,467736,0.395209520,22558.500000000,20.734357338,63,374,234.857142857,1.592457421,9,106,351,14796,467736,0
1024,16,119,32,512,366,1.398907104,14871,470045,0.397160490,21584.875000000,21.776591247,63,372,236.047619048,1.575953197,10,106,366,14871,470045,0
1024,16,120,32,512,359,1.426183844,14731,465751,0.393532311,21876.531250000,21.289983987,63,374,233.825396825,1.599484081,10,93,359,14731,465751,0
1024,16,121,32,512,400,1.280000000,15447,488095,0.412411682,19356.062500000,25.216647239,63,364,245.190476190,1.484560109,10,106,400,15447,488095,0
1024,16,122,32,512,385,1.329870130,14195,448171,0.378678241,19300.875000000,23.220242606,63,362,225.317460317,1.606622050,11,91,385,14195,448171,0
1024,16,123,32,512,367,1.395095368,15164,479378,0.405046328,21955.031250000,21.834539634,63,368,240.698412698,1.528884199,11,106,367,15164,479378,0
1024,16,124,32,512,388,1.319587629,15382,486096,0.410722645,20525.437500000,23.682613343,63,372,244.158730159,1.523599012,10,106,388,15382,486096,0
1024,16,125,32,512,386,1.326424870,15613,493386,0.416882268,20928.343750000,23.575014148,63,366,247.825396825,1.476846218,10,93,386,15613,493386,0
1024,16,126,32,512,401,1.276807980,16081,508167,0.429371347,21266.750000000,23.894906368,63,374,255.253968254,1.465207388,10,106,401,16081,508167,0
1024,16,127,32,512,366,1.398907104,14053,443794,0.374979933,19941.062500000,22.255283539,63,365,223.063492063,1.636305415,10,106,366,14053,443794,0
1024,16,128,32,512,400,1.280000000,15439,487661,0.412044978,19707.093750000,24.745454920,63,379,245.063492063,1.546537988,10,93,400,15439,487661,0
1024,16,129,32,512,395,1.296202532,16567,523849,0.442621718,22125.593750000,23.676155583,63,365,262.968253968,1.388000241,9,106,395,16567,523849,0
1024,16,130,32,512,360,1.422222222,14759,466575,0.394228543,21346.625000000,21.857085136,63,358,234.269841270,1.528152314,9,93,360,14759,466575,0
1024,16,131,32,512,365,1.402739726,14398,454639,0.384143322,21548.937500000,21.097977568,63,360,228.539682540,1.575218780,9,106,365,14398,454639,0
1024,16,132,32,512,382,1.340314136,15284,483200,0.408275694,20291.968750000,23.812376510,63,366,242.603174603,1.508636483,10,106,382,15284,483200,0
1024,16,133,32,512,393,1.302798982,15220,480855,0.406294307,20236.625000000,23.761620329,63,371,241.587301587,1.535676741,9,106,393,15220,480855,0
1024,16,134,32,512,391,1.309462916,16034,506812,0.428226451,21343.000000000,23.746052570,63,371,254.507936508,1.457714856,10,106,391,16034,506812,0
1024,16,135,32,512,382,1.340314136,15786,499020,0.421642668,21384.250000000,23.335866350,63,369,250.571428571,1.472633979,9,106,382,15786,499020,0
1024,16,136,32,512,396,1.292929293,15595,492833,0.416415015,20054.000000000,24.575296699,63,365,247.539682540,1.474511061,9,106,396,15595,492833,0
1024,16,137,32,512,390,1.312820513,15706,496306,0.419349496,21362.437500000,23.232648428,63,371,249.301587302,1.488157392,10,106,390,15706,496306,0
1024,16,138,32,512,355,1.442253521,14731,465843,0.393610046,22066.843750000,21.110540559,63,342,233.825396825,1.462629828,9,93,355,14731,465843,0
1024,16,139,32,512,404,1.267326733,16278,514316,0.434566891,20813.781250000,24.710358672,63,373,258.380952381,1.443604865,10,106,404,16278,514316,0
1024,16,140,32,512,364,1.406593407,15526,491213,0.415046210,22409.156250000,21.920191663,63,364,246.444444444,1.477006312,9,100,364,15526,491213,0
1024,16,141,32,512,377,1.358090186,14945,472237,0.399012601,20544.968750000,22.985530216,63,365,237.222222222,1.538641686,9,106,377,14945,472237,0
1024,16,142,32,512,390,1.312820513,15735,497184,0.420091355,21104.718750000,23.557954308,63,372,249.761904762,1.489418494,10,93,390,15735,497184,0
1024,16,143,32,512,384,1.333333333,15531,490965,0.414836664,20963.937500000,23.419503135,63,368,246.523809524,1.492756423,10,93,384,15531,490965,0
1024,16,144,32,512,408,1.254901961,16006,505685,0.427274202,19905.750000000,25.403966191,63,370,254.063492063,1.456328877,9,106,408,16006,505685,0
1024,16,145,32,512,392,1.306122449,15405,486546,0.411102868,20420.000000000,23.826934378,63,370,244.523809524,1.513145083,9,106,392,15405,486546,0
1024,16,146,32,512,391,1.309462916,15417,487113,0.411581950,20737.781250000,23.489157019,63,364,244.714285714,1.487448920,10,93,391,15417,487113,0
1024,16,147,32,512,394,1.299492386,16323,516073,0.436051454,21986.406250000,23.472367159,63,373,259.095238095,1.439625069,10,106,394,16323,516073,0
1024,16,148,32,512,406,1.261083744,16285,514622,0.434825444,20793.125000000,24.749622772,63,373,258.492063492,1.442984341,10,106,406,16285,514622,0
1024,16,149,32,512,384,1.333333333,15387,486327,0.410917826,20521.937500000,23.697908640,63,367,244.238095238,1.502632092,9,87,384,15387,486327,0
1024,16,150,32,512,416,1.230769231,16649,526358,0.444741676,20666.437500000,25.469217905,63,376,264.269841270,1.422788155,10,106,416,16649,526358,0
1024,16,151,32,512,389,1.316195373,15588,492919,0.416487680,20845.562500000,23.646231662,63,374,247.428571429,1.511547344,10,100,389,15588,492919,0
1024,16,152,32,512,361,1.418282548,15268,482629,0.407793233,22411.656250000,21.534731508,63,376,242.349206349,1.551480220,9,106,361,15268,482629,0
1024,16,153,32,512,393,1.302798982,15507,490037,0.414052559,20593.781250000,23.795387260,63,375,246.142857143,1.523505514,11,106,393,15507,490037,0
1024,16,154,32,512,391,1.309462916,15672,495297,0.418496951,20626.968750000,24.012107935,63,369,248.761904762,1.483346095,9,106,391,15672,495297,0
1024,16,155,32,512,395,1.296202532,15886,501971,0.424136090,21103.156250000,23.786536670,63,368,252.158730159,1.459398212,9,106,395,15886,501971,0
1024,16,156,32,512,407,1.257985258,16036,506410,0.427886785,20175.937500000,25.099701067,63,357,254.539682540,1.402531803,11,106,407,16036,506410,0
1024,16,157,32,512,373,1.372654155,15478,489070,0.413235500,22150.250000000,22.079660500,63,377,245.682539683,1.534500581,10,106,373,15478,489070,0
1024,16,158,32,512,391,1.309462916,15843,500507,0.422899095,20741.625000000,24.130558719,63,366,251.476190476,1.455406173,10,106,391,15843,500507,0
1024,16,159,32,512,375,1.365333333,15253,482220,0.407447652,21821.031250000,22.098863911,63,369,242.111111111,1.524093621,9,106,375,15253,482220,0
1024,16,160,32,512,379,1.350923483,15162,479282,0.404965214,20800.687500000,23.041642253,63,379,240.666666667,1.574792244,10,93,379,15162,479282,0
1024,16,161,32,512,383,1.336814621,14702,464416,0.392404315,19844.218750000,23.403088116,63,362,233.365079365,1.551217521,10,91,383,14702,464416,0
1024,16,162,32,512,368,1.391304348,15303,483898,0.408865463,21912.812500000,22.082879594,63,374,242.904761905,1.539698098,9,106,368,15303,483898,0
1024,16,163,32,512,387,1.322997416,16534,523018,0.441919572,22682.437500000,23.058280222,63,373,262.444444444,1.421253175,10,106,387,16534,523018,0
1024,16,164,32,512,382,1.340314136,15082,476614,0.402710910,20462.812500000,23.291715154,63,367,239.396825397,1.533019493,11,93,382,15082,476614,0
1024,16,165,32,512,378,1.354497354,15409,486789,0.411308189,21209.562500000,22.951392797,62,364,244.587301587,1.488221169,10,106,378,15409,486789,0
1024,16,166,32,512,397,1.289672544,16290,514970,0.435119483,21266.906250000,24.214617488,63,377,258.571428571,1.458011050,9,106,397,16290,514970,0
1024,16,167,32,512,362,1.414364641,15100,477366,0.403346306,21494.062500000,22.209203123,63,364,239.682539683,1.518675497,10,106,362,15100,477366,0
1024,16,168,32,512,388,1.319587629,15692,495724,0.418857741,20634.062500000,24.024546790,63,373,249.079365079,1.497514657,10,106,388,15692,495724,0
1024,16,169,32,512,373,1.372654155,15401,486869,0.411375784,21514.062500000,22.630267993,63,373,244.460317460,1.525810012,10,93,373,15401,486869,0
1024,16,170,32,512,384,1.333333333,14997,473729,0.400273254,20336.718750000,23.294269141,63,374,238.047619048,1.571114223,10,91,384,14997,473729,0
1024,16,171,32,512,365,1.402739726,14682,464076,0.392117035,21125.812500000,21.967249780,63,365,233.047619048,1.566203515,10,93,365,14682,464076,0
1024,16,172,32,512,387,1.322997416,15585,492803,0.416389667,21189.531250000,23.256908998,63,373,247.380952381,1.507795958,10,100,387,15585,492803,0
1024,16,173,32,512,394,1.299492386,15638,493887,0.417305583,20784.843750000,23.761881780,63,365,248.222222222,1.470456580,9,85,394,15638,493887,0
1024,16,174,32,512,394,1.299492386,15254,481714,0.407020111,19736.843750000,24.406840633,63,369,242.126984127,1.523993707,10,93,394,15254,481714,0
1024,16,175,32,512,388,1.319587629,15279,482842,0.407973205,20382.843750000,23.688647469,63,362,242.523809524,1.492636953,11,93,388,15279,482842,0
1024,16,176,32,512,388,1.319587629,16062,507838,0.429093361,21637.531250000,23.470237622,63,369,254.952380952,1.447329100,9,106,388,16062,507838,0
1024,16,177,32,512,392,1.306122449,15259,482153,0.407391041,19849.906250000,24.289938397,63,376,242.206349206,1.552395308,10,93,392,15259,482153,0
1024,16,178,32,512,390,1.312820513,15034,474897,0.401260146,19820.187500000,23.960267783,63,366,238.634920635,1.533723560,10,100,390,15034,474897,0
1024,16,179,32,512,395,1.296202532,15606,493145,0.416678637,20058.656250000,24.585146375,63,374,247.714285714,1.509803922,10,106,395,15606,493145,0
1024,16,180,32,512,381,1.343832021,15437,488083,0.412401543,21234.062500000,22.985851153,63,365,245.031746032,1.489602902,9,106,381,15437,488083,0
1024,16,181,32,512,382,1.340314136,15536,490928,0.414805402,21192.906250000,23.164732303,63,373,246.603174603,1.512551493,10,106,382,15536,490928,0
1024,16,182,32,512,387,1.322997416,15836,500594,0.422972605,21344.968750000,23.452552490,63,368,251.365079365,1.464006062,10,106,387,15836,500594,0
1024,16,183,32,512,394,1.299492386,15968,504638,0.426389548,20551.406250000,24.554913365,63,366,253.460317460,1.444013026,10,106,394,15968,504638,0
1024,16,184,32,512,396,1.292929293,15410,486812,0.411327623,20673.843750000,23.547241910,63,373,244.603174603,1.524918884,10,93,396,15410,486812,0
1024,16,185,32,512,388,1.319587629,15884,502394,0.424493500,21277.625000000,23.611375800,63,371,252.126984127,1.471480735,9,93,388,15884,502394,0
1024,16,186,32,512,386,1.326424870,15700,496073,0.419152625,20920.937500000,23.711795898,63,371,249.206349206,1.488726115,9,100,386,15700,496073,0
1024,16,187,32,512,380,1.347368421,15351,485318,0.410065280,21175.062500000,22.919318420,63,365,243.666666667,1.497948016,10,106,380,15351,485318,0
1024,16,188,32,512,398,1.286432161,16275,514436,0.434668284,20997.406250000,24.499978420,63,367,258.333333333,1.420645161,10,106,398,16275,514436,0
1024,16,189,32,512,405,1.264197531,15991,505306,0.426953969,20346.843750000,24.834613477,63,373,253.825396825,1.469514102,10,93,405,15991,505306,0
1024,16,190,32,512,384,1.333333333,15560,491743,0.415494029,20928.812500000,23.495981915,63,373,246.984126984,1.510218509,11,106,384,15560,491743,0
1024,16,191,32,512,371,1.380053908,14439,456104,0.385381162,20561.062500000,22.182900324,63,369,229.190476190,1.610014544,9,93,371,14439,456104,0
1024,16,192,32,512,379,1.350923483,15150,478504,0.404307849,20728.625000000,23.084213256,63,371,240.476190476,1.542772277,10,93,379,15150,478504,0
1024,16,193,32,512,388,1.319587629,15305,483420,0.408461581,20382.593750000,23.717295548,63,373,242.936507937,1.535380595,10,106,388,15305,483420,0
1024,16,194,32,512,387,1.322997416,14980,473349,0.399952176,20029.375000000,23.632739414,63,339,237.777777778,1.425700935,10,100,387,14980,473349,0
1024,16,195,32,512,360,1.422222222,14403,455181,0.384601281,21291.093750000,21.378939257,63,361,228.619047619,1.579046032,10,106,360,14403,455181,0
1024,16,196,32,512,387,1.322997416,15473,488881,0.413075806,20957.281250000,23.327501033,63,373,245.603174603,1.518710011,9,106,387,15473,488881,0
1024,16,197,32,512,371,1.380053908,15473,489213,0.413356327,21854.500000000,22.385000801,63,362,245.603174603,1.473922316,9,93,371,15473,489213,0
1024,16,198,32,512,369,1.387533875,15204,480608,0.406085606,21562.843750000,22.288711339,63,343,241.333333333,1.421270718,9,106,369,15204,480608,0
1024,16,199,32,512,384,1.333333333,15704,496121,0.419193182,21587.218750000,22.982163925,63,368,249.269841270,1.476311768,9,106,384,15704,496121,0
1024,16,200,32,512,388,1.319587629,15496,489907,0.413942716,20948.750000000,23.385977684,63,371,245.968253968,1.508324729,11,106,388,15496,489907,0
1024,16,201,32,512,383,1.336814621,15617,493554,0.417024218,21199.187500000,23.281741340,63,366,247.888888889,1.476467952,10,106,383,15617,493554,0
1024,16,202,32,512,381,1.343832021,14744,465650,0.393446972,19879.687500000,23.423406429,63,370,234.031746032,1.580982094,11,106,381,14744,465650,0
1024,16,203,32,512,389,1.316195373,15331,484403,0.409292159,20825.062500000,23.260578450,63,364,243.349206349,1.495792838,10,93,389,15331,484403,0
1024,16,204,32,512,355,1.442253521,13967,441289,0.372863354,20822.187500000,21.193210368,63,345,221.698412698,1.556168111,9,106,355,13967,441289,0
1024,16,205,32,512,367,1.395095368,14439,456210,0.385470725,20676.375000000,22.064312531,63,367,229.190476190,1.601288178,9,106,367,14439,456210,0
1024,16,206,32,512,395,1.296202532,14990,473047,0.399697004,19654.593750000,24.068012090,63,368,237.936507937,1.546631087,9,106,395,14990,473047,0
1024,16,207,32,512,365,1.402739726,14667,463542,0.391665836,21280.625000000,21.782348968,63,372,232.809523810,1.597872776,10,106,365,14667,463542,0
1024,16,208,32,512,385,1.329870130,15500,489809,0.413859912,21007.000000000,23.316465940,63,371,246.031746032,1.507935484,10,106,385,15500,489809,0
1024,16,209,32,512,402,1.273631841,16518,522095,0.441139691,21358.875000000,24.443937239,63,373,262.190476190,1.422629858,10,106,402,16518,522095,0
1024,16,210,32,512,382,1.340314136,15346,484917,0.409726459,21121.031250000,22.958964184,63,371,243.587301587,1.523067900,10,106,382,15346,484917,0
1024,16,211,32,512,387,1.322997416,15678,495550,0.418710721,20879.562500000,23.733734842,63,371,248.857142857,1.490815155,9,106,387,15678,495550,0
1024,16,212,32,512,379,1.350923483,14716,464851,0.392771864,20236.437500000,22.970989830,63,375,233.587301587,1.605395488,9,87,379,14716,464851,0
1024,16,213,32,512,371,1.380053908,14737,465693,0.393483305,21199.656250000,21.967007130,63,371,233.920634921,1.586008007,10,106,371,14737,465693,0
1024,16,214,32,512,384,1.333333333,14795,467471,0.394985611,20308.312500000,23.018702317,63,364,234.841269841,1.549983102,10,93,384,14795,467471,0
1024,16,215,32,512,374,1.368983957,15417,487483,0.411894578,21781.406250000,22.380694543,63,365,244.714285714,1.491535318,10,106,374,15417,487483,0
1024,16,216,32,512,352,1.454545455,14031,443387,0.374636041,21929.687500000,20.218573566,63,364,222.714285714,1.634381013,9,106,352,14031,443387,0
1024,16,217,32,512,385,1.329870130,15473,488842,0.413042854,20845.093750000,23.451177810,63,374,245.603174603,1.522781620,10,106,385,15473,488842,0
1024,16,218,32,512,361,1.418282548,14496,458102,0.387069354,21450.625000000,21.356114332,63,359,230.095238095,1.560223510,9,93,361,14496,458102,0
1024,16,219,32,512,375,1.365333333,15059,475994,0.402187046,20880.750000000,22.795828694,63,371,239.031746032,1.552095093,10,106,375,15059,475994,0
1024,16,220,32,512,391,1.309462916,15530,490793,0.414691334,20965.656250000,23.409379327,63,374,246.507936508,1.517192531,9,106,391,15530,490793,0
1024,16,221,32,512,389,1.316195373,14594,460550,0.389137771,19145.562500000,24.055182500,63,370,231.650793651,1.597231739,10,106,389,14594,460550,0
1024,16,222,32,512,369,1.387533875,14289,451279,0.381304319,20186.468750000,22.355519709,63,371,226.809523810,1.635733781,10,91,369,14289,451279,0
1024,16,223,32,512,404,1.267326733,16129,509745,0.430704664,20649.468750000,24.685622965,63,371,256.015873016,1.449128898,10,106,404,16129,509745,0
1024,16,224,32,512,376,1.361702128,14990,473605,0.400168481,20800.468750000,22.768958031,63,374,237.936507937,1.571847899,10,106,376,14990,473605,0
1024,16,225,32,512,366,1.398907104,14453,456867,0.386025852,20668.250000000,22.104774231,63,371,229.412698413,1.617172905,10,106,366,14453,456867,0
1024,16,226,32,512,375,1.365333333,15318,484229,0.409145139,21408.468750000,22.618572382,63,366,243.142857143,1.505287897,10,93,375,15318,484229,0
1024,16,227,32,512,392,1.306122449,15394,486312,0.410905152,20640.625000000,23.560914459,63,375,244.349206349,1.534688840,10,93,392,15394,486312,0
1024,16,228,32,512,410,1.248780488,15854,500785,0.423133989,20040.062500000,24.989193522,63,374,251.650793651,1.486186451,10,106,410,15854,500785,0
1024,16,229,32,512,369,1.387533875,15103,477365,0.403345461,21995.000000000,21.703341669,63,373,239.730158730,1.555916043,9,106,369,15103,477365,0
1024,16,230,32,512,396,1.292929293,15151,478597,0.404386429,19551.343750000,24.478982423,63,370,240.492063492,1.538512309,10,106,396,15151,478597,0
1024,16,231,32,512,388,1.319587629,16317,515871,0.435880775,22197.468750000,23.240082273,63,374,259.000000000,1.444015444,10,106,388,16317,515871,0
1024,16,232,32,512,386,1.326424870,14894,470717,0.397728290,19727.093750000,23.861446900,63,376,236.412698413,1.590439103,10,106,386,14894,470717,0
1024,16,233,32,512,391,1.309462916,15028,474479,0.400906960,19396.062500000,24.462645447,63,375,238.539682540,1.572065478,11,106,391,15028,474479,0
1024,16,234,32,512,402,1.273631841,15844,500320,0.422741091,20178.062500000,24.795244836,63,365,251.492063492,1.451338046,10,93,402,15844,500320,0
1024,16,235,32,512,378,1.354497354,15626,493999,0.417400217,21405.000000000,23.078673207,63,366,248.031746032,1.475617560,10,106,378,15626,493999,0
1024,16,236,32,512,390,1.312820513,15115,477362,0.403342926,20131.187500000,23.712560424,63,368,239.920634921,1.533840556,11,106,390,15115,477362,0
1024,16,237,32,512,387,1.322997416,15338,484518,0.409389327,20913.375000000,23.167853108,63,370,243.460317460,1.519754857,9,93,387,15338,484518,0
1024,16,238,32,512,376,1.361702128,14791,467313,0.394852110,20499.125000000,22.796729129,63,373,234.777777778,1.588736394,10,106,376,14791,467313,0
1024,16,239,32,512,392,1.306122449,15092,476779,0.402850325,19517.750000000,24.427969412,63,370,239.555555556,1.544526902,10,91,392,15092,476779,0
1024,16,240,32,512,373,1.372654155,15790,499213,0.421805741,22480.687500000,22.206304856,62,368,250.634920635,1.468271058,10,93,373,15790,499213,0
1024,16,241,32,512,402,1.273631841,15856,501095,0.423395921,20257.625000000,24.736117882,63,373,251.682539683,1.482025732,11,106,402,15856,501095,0
1024,16,242,32,512,390,1.312820513,15732,497287,0.420178384,20523.468750000,24.230163334,63,366,249.714285714,1.465675057,9,106,390,15732,497287,0
1024,16,243,32,512,389,1.316195373,15286,482953,0.408066994,19987.406250000,24.162865054,63,371,242.634920635,1.529046186,10,106,389,15286,482953,0
1024,16,244,32,512,386,1.326424870,14934,471875,0.398706733,19702.343750000,23.950196281,62,373,237.047619048,1.573523503,10,106,386,14934,471875,0
1024,16,245,32,512,386,1.326424870,15359,485394,0.410129496,21041.093750000,23.068857815,63,376,243.793650794,1.542287909,10,100,386,15359,485394,0
1024,16,246,32,512,372,1.376344086,15121,477932,0.403824543,21050.531250000,22.704035082,63,372,240.015873016,1.549897494,10,93,372,15121,477932,0
1024,16,247,32,512,396,1.292929293,15611,493145,0.416678637,20127.562500000,24.500979689,63,375,247.793650794,1.513355967,10,106,396,15611,493145,0
1024,16,248,32,512,355,1.442253521,14365,454057,0.383651566,20984.781250000,21.637442611,63,372,228.015873016,1.631465367,10,93,355,14365,454057,0
1024,16,249,32,512,343,1.492711370,13986,442249,0.373674498,22670.375000000,19.507793762,63,368,222.000000000,1.657657658,9,93,343,13986,442249,0
1024,16,250,32,512,394,1.299492386,15830,500341,0.422758835,21304.031250000,23.485742869,63,372,251.269841270,1.480480101,9,106,394,15830,500341,0
1024,16,251,32,512,398,1.286432161,16005,505613,0.427213366,20556.312500000,24.596483440,63,374,254.047619048,1.472164948,10,106,398,16005,505613,0
1024,16,252,32,512,381,1.343832021,14289,451402,0.381408247,19714.062500000,22.897462154,63,368,226.809523810,1.622506823,9,106,381,14289,451402,0
1024,16,253,32,512,403,1.270471464,15727,496981,0.419919832,19967.218750000,24.889846013,63,365,249.634920635,1.462135182,10,100,403,15727,496981,0
1024,16,254,32,512,371,1.380053908,14076,444616,0.375674474,19468.562500000,22.837638886,63,368,223.428571429,1.647058824,10,93,371,14076,444616,0
1024,16,255,32,512,382,1.340314136,15908,502752,0.424795989,21456.187500000,23.431562574,63,367,252.507936508,1.453419663,9,106,382,15908,502752,0
1024,16,256,32,512,360,1.422222222,14708,464971,0.392873257,21378.750000000,21.749213588,63,360,233.460317460,1.542017949,9,106,360,14708,464971,0
1024,16,257,32,512,382,1.340314136,15118,477946,0.403836372,20904.218750000,22.863614551,63,368,239.968253968,1.533536182,9,106,382,15118,477946,0
1024,16,258,32,512,382,1.340314136,16210,512428,0.432971642,22136.531250000,23.148522874,63,377,257.301587302,1.465206663,10,106,382,16210,512428,0
1024,16,259,32,512,374,1.368983957,14797,467552,0.395054051,20441.531250000,22.872650502,63,370,234.873015873,1.575319321,10,106,374,14797,467552,0
1024,16,260,32,512,391,1.309462916,15475,488771,0.412982863,20237.875000000,24.151300470,63,371,245.634920635,1.510371567,10,106,391,15475,488771,0
1024,16,261,32,512,420,1.219047619,15977,504722,0.426460523,19661.031250000,25.671186500,63,371,253.603174603,1.462915441,10,106,420,15977,504722,0
1024,16,262,32,512,418,1.224880383,15712,496100,0.419175439,19265.375000000,25.750861325,63,370,249.396825397,1.483579430,10,93,418,15712,496100,0
1024,16,263,32,512,371,1.380053908,15350,485176,0.409945298,21507.375000000,22.558587461,63,365,243.650793651,1.498045603,9,106,371,15350,485176,0
1024,16,264,32,512,378,1.354497354,15062,475927,0.402130435,20836.562500000,22.840955652,63,362,239.079365079,1.514141548,10,106,378,15062,475927,0
1024,16,265,32,512,375,1.365333333,15706,496608,0.419604669,21908.093750000,22.667786877,63,366,249.301587302,1.468101363,9,106,375,15706,496608,0
1024,16,266,32,512,377,1.358090186,14931,471905,0.398732081,20680.812500000,22.818494196,63,370,237.000000000,1.561181435,11,100,377,14931,471905,0
1024,16,267,32,512,378,1.354497354,15504,490106,0.414110860,21301.750000000,23.007781051,63,367,246.095238095,1.491292570,9,93,378,15504,490106,0
1024,16,268,32,512,383,1.336814621,14652,462680,0.390937496,20101.218750000,23.017509821,63,368,232.571428571,1.582309582,10,106,383,14652,462680,0
1024,16,269,32,512,402,1.273631841,16009,505854,0.427416997,20443.593750000,24.743888290,63,372,254.111111111,1.463926541,10,106,402,16009,505854,0
1024,16,270,32,512,407,1.257985258,16130,509700,0.430666642,20457.156250000,24.915486482,63,366,256.031746032,1.429510229,10,106,407,16130,509700,0
1024,16,271,32,512,376,1.361702128,14176,447748,0.378320831,19401.875000000,23.077563380,63,370,225.015873016,1.644328442,10,106,376,14176,447748,0
1024,16,272,32,512,365,1.402739726,14660,463480,0.391613449,22063.812500000,21.006342399,63,367,232.698412698,1.577148704,9,106,365,14660,463480,0
1024,16,273,32,512,371,1.380053908,14902,470999,0.397966564,21399.750000000,22.009556186,63,367,236.539682540,1.551536706,10,93,371,14902,470999,0
1024,16,274,32,512,380,1.347368421,15698,496178,0.419241344,21529.343750000,23.046591933,63,379,249.174603175,1.521021786,10,93,380,15698,496178,0
1024,16,275,32,512,394,1.299492386,15527,490775,0.414676126,20379.656250000,24.081613251,63,365,246.460317460,1.480968635,9,106,394,15527,490775,0
1024,16,276,32,512,372,1.376344086,14868,470039,0.397155420,21165.750000000,22.207528673,63,355,236.000000000,1.504237288,10,106,372,14868,470039,0
1024,16,277,32,512,399,1.283208020,15471,488896,0.413088481,19989.156250000,24.458060855,63,368,245.571428571,1.498545666,11,106,399,15471,488896,0
1024,16,278,32,512,401,1.276807980,16250,513707,0.434052322,20670.687500000,24.851955214,63,371,257.936507937,1.438338462,9,106,401,16250,513707,0
1024,16,279,32,512,360,1.422222222,13983,441675,0.373189502,20622.656250000,21.416979202,63,357,221.952380952,1.608453122,10,93,360,13983,441675,0
1024,16,280,32,512,406,1.261083744,16574,523656,0.442458644,21125.031250000,24.788413035,63,367,263.079365079,1.395016291,10,106,406,16574,523656,0
1024,16,281,32,512,383,1.336814621,15203,480247,0.405780582,20624.093750000,23.285726191,63,368,241.317460317,1.524962179,9,106,383,15203,480247,0
1024,16,282,32,512,384,1.333333333,15412,486980,0.411469573,20823.937500000,23.385586900,63,364,244.634920635,1.487931482,11,106,384,15412,486980,0
1024,16,283,32,512,383,1.336814621,15300,483476,0.408508898,20337.187500000,23.773002044,63,376,242.857142857,1.548235294,11,106,383,15300,483476,0
1024,16,284,32,512,387,1.322997416,16074,507908,0.429152507,21880.031250000,23.213312367,63,375,255.142857143,1.469764838,9,106,387,16074,507908,0
1024,16,285,32,512,386,1.326424870,15250,481942,0.407212758,21178.562500000,22.756124265,63,363,242.063492063,1.499606557,9,106,386,15250,481942,0
1024,16,286,32,512,393,1.302798982,15600,493028,0.416579779,20216.375000000,24.387557116,63,369,247.619047619,1.490192308,10,106,393,15600,493028,0
1024,16,287,32,512,398,1.286432161,15753,497958,0.420745340,20518.031250000,24.269287532,63,372,250.047619048,1.487716625,11,106,398,15753,497958,0
1024,16,288,32,512,378,1.354497354,15515,490497,0.414441232,21426.312500000,22.892273227,63,364,246.269841270,1.478053497,9,106,378,15515,490497,0
1024,16,289,32,512,402,1.273631841,16471,520674,0.439939029,21327.062500000,24.413770063,63,371,261.444444444,1.419039524,9,106,402,16471,520674,0
1024,16,290,32,512,406,1.261083744,16154,510605,0.431431314,20348.031250000,25.093582457,63,368,256.412698413,1.435186332,10,106,406,16154,510605,0
1024,16,291,32,512,409,1.251833741,16235,513103,0.433541978,20457.718750000,25.081144495,63,374,257.698412698,1.451308901,10,93,409,16235,513103,0
1024,16,292,32,512,403,1.270471464,16523,522525,0.441503016,21511.031250000,24.291025099,63,372,262.269841270,1.418386492,10,106,403,16523,522525,0
1024,16,293,32,512,365,1.402739726,14742,466076,0.393806917,21195.937500000,21.988930662,63,369,234.000000000,1.576923077,10,106,365,14742,466076,0
1024,16,294,32,512,382,1.340314136,15311,483822,0.408801248,20801.000000000,23.259554829,63,373,243.031746032,1.534778917,10,93,382,15311,483822,0
1024,16,295,32,512,377,1.358090186,14999,473879,0.400399995,20899.062500000,22.674653468,63,364,238.079365079,1.528901927,10,106,377,14999,473879,0
1024,16,296,32,512,362,1.414364641,13884,438606,0.370596377,20133.343750000,21.785054954,63,360,220.380952381,1.633535004,9,93,362,13884,438606,0
1024,16,297,32,512,359,1.426183844,14853,469609,0.396792095,22407.500000000,20.957670423,63,372,235.761904762,1.577863058,10,93,359,14853,469609,0
1024,16,298,32,512,364,1.406593407,14150,447191,0.377850199,20186.375000000,22.153110700,63,374,224.603174603,1.665159011,11,93,364,14150,447191,0
1024,16,299,32,512,371,1.380053908,15006,474256,0.400718538,21041.437500000,22.539144486,63,347,238.190476190,1.456817273,9,93,371,15006,474256,0
1024,16,300,32,512,376,1.361702128,14897,470964,0.397936991,21337.343750000,22.072288168,63,374,236.460317460,1.581660737,10,93,376,14897,470964,0
1024,16,301,32,512,377,1.358090186,15590,492940,0.416505424,21678.156250000,22.739018684,63,372,247.460317460,1.503271328,9,106,377,15590,492940,0
1024,16,302,32,512,374,1.368983957,15105,477465,0.403429955,21151.250000000,22.573843153,63,375,239.761904762,1.564051639,10,93,374,15105,477465,0
1024,16,303,32,512,387,1.322997416,15382,486030,0.410666878,20747.125000000,23.426378354,63,372,244.158730159,1.523599012,10,106,387,15382,486030,0
1024,16,304,32,512,405,1.264197531,16388,518017,0.437694020,21461.906250000,24.136579201,63,368,260.126984127,1.414693678,10,106,405,16388,518017,0
1024,16,305,32,512,392,1.306122449,15997,505658,0.427251389,21496.750000000,23.522532476,63,361,253.920634921,1.421704070,9,106,392,15997,505658,0
1024,16,306,32,512,401,1.276807980,15984,504855,0.426572901,21000.562500000,24.040070355,63,370,253.714285714,1.458333333,10,106,401,15984,504855,0
1024,16,307,32,512,375,1.365333333,14852,469367,0.396587620,20668.312500000,22.709497933,63,368,235.746031746,1.561001885,10,106,375,14852,469367,0
1024,16,308,32,512,380,1.347368421,15197,480265,0.405795791,21297.781250000,22.550001541,63,372,241.222222222,1.542146476,10,106,380,15197,480265,0
1024,16,309,32,512,383,1.336814621,15201,480255,0.405787342,20454.218750000,23.479508353,63,369,241.285714286,1.529307282,10,106,383,15201,480255,0
1024,16,310,32,512,407,1.257985258,16239,513120,0.433556342,20517.437500000,25.008971028,63,366,257.761904762,1.419915019,10,106,407,16239,513120,0
1024,16,311,32,512,408,1.254901961,15657,494554,0.417869159,19673.062500000,25.138638176,63,362,248.523809524,1.456600881,9,106,408,15657,494554,0
1024,16,312,16,256,226,1.132743363,9227,291488,0.246290285,20789.500000000,14.020924024,63,344,154.539682540,2.225965489,9,106,239,9736,307618,256
1024,32,0,32,1024,622,1.646302251,23716,748777,0.632672702,39387.562500000,19.010493477,63,502,376.444444444,1.333530106,14,106,622,23716,748777,0
1024,32,1,32,1024,541,1.892791128,21700,685759,0.579426183,43208.812500000,15.870813390,63,450,344.444444444,1.306451613,13,106,541,21700,685759,0
1024,32,2,32,1024,628,1.630573248,24685,779908,0.658976573,41842.156250000,18.639287979,63,504,391.825396825,1.286287219,14,106,628,24685,779908,0
1024,32,3,32,1024,596,1.718120805,22779,719536,0.607965770,39812.343750000,18.073188670,63,475,361.571428571,1.313709996,13,106,596,22779,719536,0
1024,32,4,32,1024,615,1.665040650,23727,749606,0.633373158,40800.156250000,18.372625718,63,500,376.619047619,1.327601467,14,93,615,23727,749606,0
1024,32,5,32,1024,565,1.812389381,21274,671695,0.567542927,39542.218750000,16.986780743,63,462,337.682539683,1.368148914,13,106,565,21274,671695,0
1024,32,6,32,1024,583,1.756432247,22536,711971,0.601573788,40914.156250000,17.401580901,63,498,357.714285714,1.392172524,13,106,583,22536,711971,0
1024,32,7,32,1024,575,1.780869565,23275,735628,0.621562567,43750.781250000,16.814054035,63,494,369.444444444,1.337142857,13,106,575,23275,735628,0
1024,32,8,32,1024,611,1.675941080,24252,766621,0.647749837,42394.718750000,18.082936333,63,494,384.952380952,1.283275606,13,106,611,24252,766621,0
1024,32,9,32,1024,613,1.670473083,23504,742374,0.627262542,40721.937500000,18.230321187,63,500,373.079365079,1.340197413,13,106,613,23504,742374,0
1024,32,10,32,1024,587,1.744463373,23084,729442,0.616335759,42391.593750000,17.207232271,63,493,366.412698413,1.345477387,14,106,587,23084,729442,0
1024,32,11,32,1024,665,1.539849624,25300,799044,0.675145372,39296.687500000,20.333622268,63,502,401.587301587,1.250039526,13,106,665,25300,799044,0
1024,32,12,32,1024,586,1.747440273,22667,716200,0.605147045,40659.937500000,17.614390086,63,487,359.793650794,1.353553624,13,106,586,22667,716200,0
1024,32,13,32,1024,621,1.648953301,23189,732138,0.618613722,38693.625000000,18.921411473,63,499,368.079365079,1.355685886,14,106,621,23189,732138,0
1024,32,14,32,1024,615,1.665040650,23494,742053,0.626991316,39135.281250000,18.961228240,63,496,372.920634921,1.330041713,14,106,615,23494,742053,0
1024,32,15,32,1024,599,1.709515860,22731,717931,0.606609639,40598.218750000,17.683805401,63,501,360.809523810,1.388544279,15,106,599,22731,717931,0
1024,32,16,32,1024,621,1.648953301,24305,767973,0.648892197,41333.406250000,18.579959158,63,498,385.793650794,1.290845505,14,106,621,24305,767973,0
1024,32,17,32,1024,641,1.597503900,24465,772515,0.652729921,41082.343750000,18.804063485,63,499,388.333333333,1.284978541,14,93,641,24465,772515,0
1024,32,18,32,1024,576,1.777777778,22435,708847,0.598934191,42158.406250000,16.813894619,63,486,356.111111111,1.364742590,14,106,576,22435,708847,0
1024,32,19,32,1024,630,1.625396825,24348,769337,0.650044697,40938.468750000,18.792520177,63,496,386.476190476,1.283390833,14,106,630,24348,769337,0
1024,32,20,32,1024,607,1.686985173,23360,737854,0.623443407,40544.812500000,18.198481002,63,493,370.793650794,1.329580479,14,93,607,23360,737854,0
1024,32,21,32,1024,622,1.646302251,24548,775662,0.655388952,40685.500000000,19.064826535,63,480,389.650793651,1.231872250,13,106,622,24548,775662,0
1024,32,22,32,1024,556,1.841726619,21474,678149,0.572996179,42619.437500000,15.911730416,63,466,340.857142857,1.367141660,12,106,556,21474,678149,0
1024,32,23,32,1024,628,1.630573248,23974,757133,0.639733032,40726.375000000,18.590728981,63,501,380.539682540,1.316551264,13,106,628,23974,757133,0
1024,32,24,32,1024,621,1.648953301,23375,738086,0.623639433,38750.375000000,19.047196317,63,496,371.031746032,1.336812834,14,106,621,23375,738086,0
1024,32,25,32,1024,614,1.667752443,23486,741738,0.626725159,40337.781250000,18.388170519,63,488,372.793650794,1.309035170,13,106,614,23486,741738,0
1024,32,26,32,1024,599,1.709515860,23888,754833,0.637789667,42534.250000000,17.746474900,63,499,379.174603175,1.316016410,13,106,599,23888,754833,0
1024,32,27,32,1024,601,1.703826955,23640,746937,0.631118010,41336.218750000,18.069795027,63,488,375.238095238,1.300507614,15,106,601,23640,746937,0
1024,32,28,32,1024,620,1.651612903,23820,752408,0.635740684,42051.375000000,17.892589719,63,503,378.095238095,1.330352645,14,106,620,23820,752408,0
1024,32,29,32,1024,637,1.607535322,24402,770721,0.651214096,39641.375000000,19.442337709,63,493,387.333333333,1.272805508,13,106,637,24402,770721,0
1024,32,30,32,1024,571,1.793345009,21470,677993,0.572864368,38608.093750000,17.560903276,63,494,340.793650794,1.449557522,15,93,571,21470,677993,0
1024,32,31,32,1024,619,1.654281099,23115,729775,0.616617125,39832.968750000,18.320878983,63,499,366.904761905,1.360025957,15,106,619,23115,729775,0
1024,32,32,32,1024,582,1.759450172,22547,712237,0.601798542,40620.312500000,17.534010847,63,504,357.888888889,1.408258305,13,106,582,22547,712237,0
1024,32,33,32,1024,590,1.735593220,22695,716889,0.605729210,41114.218750000,17.436522493,63,503,360.238095238,1.396298744,16,106,590,22695,716889,0
1024,32,34,32,1024,590,1.735593220,23216,733565,0.619819453,41514.281250000,17.670184281,63,501,368.507936508,1.359536527,13,106,590,23216,733565,0
1024,32,35,32,1024,635,1.612598425,24113,761403,0.643340932,38617.406250000,19.716575346,63,498,382.746031746,1.301123875,13,93,635,24113,761403,0
1024,32,36,32,1024,658,1.556231003,25463,804285,0.679573710,40557.281250000,19.830841102,63,497,404.174603175,1.229666575,14,106,658,25463,804285,0
1024,32,37,32,1024,636,1.610062893,24925,787506,0.665396438,41134.250000000,19.144775947,63,499,395.634920635,1.261263791,13,93,636,24925,787506,0
1024,32,38,32,1024,598,1.712374582,22797,720029,0.608382326,40935.156250000,17.589501689,63,502,361.857142857,1.387287801,13,106,598,22797,720029,0
1024,32,39,32,1024,586,1.747440273,23076,729062,0.616014682,41757.843750000,17.459282725,63,501,366.285714286,1.367784711,14,106,586,23076,729062,0
1024,32,40,32,1024,593,1.726812816,23436,740325,0.625531257,41503.312500000,17.837732832,63,498,372.000000000,1.338709677,13,106,593,23436,740325,0
1024,32,41,32,1024,654,1.565749235,24359,769153,0.649889228,37795.312500000,20.350486585,63,500,386.650793651,1.293156534,15,106,654,24359,769153,0
1024,32,42,32,1024,649,1.577812018,24824,783972,0.662410415,39479.531250000,19.857682581,63,500,394.031746032,1.268933290,15,106,649,24824,783972,0
1024,32,43,32,1024,619,1.654281099,24025,758825,0.641162673,41255.812500000,18.393165811,63,500,381.349206349,1.311134235,14,106,619,24025,758825,0
1024,32,44,32,1024,612,1.673202614,23358,737830,0.623423128,40740.718750000,18.110382503,63,486,370.761904762,1.310814282,14,106,612,23358,737830,0
1024,32,45,32,1024,607,1.686985173,23835,753315,0.636507046,40886.781250000,18.424414370,63,493,378.333333333,1.303083700,14,106,607,23835,753315,0
1024,32,46,32,1024,619,1.654281099,23916,755496,0.638349863,41004.906250000,18.424526943,63,495,379.619047619,1.303938786,13,106,619,23916,755496,0
1024,32,47,32,1024,607,1.686985173,23841,753403,0.636581401,41847.625000000,18.003482874,63,484,378.428571429,1.278973197,13,106,607,23841,753403,0
1024,32,48,32,1024,590,1.735593220,22157,699819,0.591306060,39862.031250000,17.556029586,63,505,351.698412698,1.435889335,14,106,590,22157,699819,0
1024,32,49,32,1024,642,1.595015576,24916,787226,0.665159854,41249.843750000,19.084338956,63,506,395.492063492,1.279418847,14,106,642,24916,787226,0
1024,32,50,32,1024,618,1.656957929,24044,759619,0.641833557,40645.187500000,18.689026837,63,499,381.650793651,1.307477957,13,106,618,24044,759619,0
1024,32,51,32,1024,620,1.651612903,23655,747292,0.631417964,40774.531250000,18.327420993,63,493,375.476190476,1.312999366,14,100,620,23655,747292,0
1024,32,52,32,1024,583,1.756432247,22631,714927,0.604071435,41262.218750000,17.326431337,63,497,359.222222222,1.383544695,14,106,583,22631,714927,0
1024,32,53,32,1024,622,1.646302251,23372,738025,0.623587892,39063.375000000,18.893016796,63,497,370.984126984,1.339679959,14,106,622,23372,738025,0
1024,32,54,32,1024,591,1.732656514,23035,727619,0.614795431,40916.750000000,17.782912866,63,479,365.634920635,1.310049924,13,106,591,23035,727619,0
1024,32,55,32,1024,611,1.675941080,23610,745729,0.630097320,40246.343750000,18.529111728,63,496,374.761904762,1.323506989,15,106,611,23610,745729,0
1024,32,56,32,1024,634,1.615141956,25213,796617,0.673094699,42265.343750000,18.847995292,63,492,400.206349206,1.229365803,14,106,634,25213,796617,0
1024,32,57,32,1024,578,1.771626298,22311,704902,0.595600897,40148.718750000,17.557272609,63,495,354.142857143,1.397741025,14,106,578,22311,704902,0
1024,32,58,32,1024,602,1.700996678,23260,734742,0.620813949,39660.156250000,18.525948193,63,494,369.206349206,1.338005159,14,106,602,23260,734742,0
1024,32,59,32,1024,615,1.665040650,23960,757102,0.639706839,40728.812500000,18.588855248,63,494,380.317460317,1.298914858,15,106,615,23960,757102,0
1024,32,60,32,1024,601,1.703826955,23258,734752,0.620822398,40957.843750000,17.939225621,63,493,369.174603175,1.335411471,14,106,601,23258,734752,0
1024,32,61,32,1024,594,1.723905724,23920,756020,0.638792613,41750.187500000,18.108182149,63,492,379.682539683,1.295819398,13,106,594,23920,756020,0
1024,32,62,32,1024,599,1.709515860,23080,729291,0.616208173,41947.000000000,17.386010919,63,480,366.349206349,1.310225303,13,93,599,23080,729291,0
1024,32,63,32,1024,615,1.665040650,23753,750578,0.634194441,40203.843750000,18.669309449,63,499,377.031746032,1.323495979,14,106,615,23753,750578,0
1024,32,64,32,1024,564,1.815602837,21944,693371,0.585857877,41579.281250000,16.675877484,63,488,348.317460317,1.401020780,13,106,564,21944,693371,0
1024,32,65,32,1024,608,1.684210526,23619,746235,0.630524861,40434.250000000,18.455517290,63,503,374.904761905,1.341674076,13,106,608,23619,746235,0
1024,32,66,32,1024,583,1.756432247,22538,711894,0.601508727,41234.500000000,17.264523639,63,487,357.746031746,1.361300914,14,93,583,22538,711894,0
1024,32,67,32,1024,581,1.762478485,22458,709424,0.599421722,42383.968750000,16.738026686,63,484,356.476190476,1.357734438,14,106,581,22458,709424,0
1024,32,68,32,1024,616,1.662337662,23579,744643,0.629179714,39566.125000000,18.820215525,63,497,374.269841270,1.327918911,13,106,616,23579,744643,0
1024,32,69,32,1024,590,1.735593220,22411,707650,0.597922796,39554.750000000,17.890392431,63,488,355.730158730,1.371826335,13,106,590,22411,707650,0
1024,32,70,32,1024,573,1.787085515,21777,687747,0.581105927,40590.531250000,16.943532859,63,482,345.666666667,1.394406943,13,106,573,21777,687747,0
1024,32,71,32,1024,629,1.627980922,24476,773116,0.653237731,41410.468750000,18.669578571,63,496,388.507936508,1.276679196,13,106,629,24476,773116,0
1024,32,72,32,1024,589,1.738539898,22536,711877,0.601494363,39965.750000000,17.812176676,63,480,357.714285714,1.341853035,13,106,589,22536,711877,0
1024,32,73,32,1024,584,1.753424658,22197,701108,0.592395189,40753.843750000,17.203481573,63,502,352.333333333,1.424787133,13,106,584,22197,701108,0
1024,32,74,32,1024,608,1.684210526,23471,741533,0.626551946,40927.000000000,18.118430376,63,489,372.555555556,1.312555920,13,106,608,23471,741533,0
1024,32,75,32,1024,577,1.774696707,22237,702393,0.593480939,41216.312500000,17.041626419,63,489,352.968253968,1.385393713,13,106,577,22237,702393,0
1024,32,76,32,1024,594,1.723905724,22743,718164,0.606806510,40200.281250000,17.864651134,63,493,361.000000000,1.365650970,13,106,594,22743,718164,0
1024,32,77,32,1024,616,1.662337662,23058,727973,0.615094540,38790.343750000,18.766861276,63,501,366.000000000,1.368852459,14,106,616,23058,727973,0
1024,32,78,32,1024,596,1.718120805,23338,737269,0.622949116,42331.062500000,17.416737414,63,476,370.444444444,1.284943011,13,106,596,23338,737269,0
1024,32,79,32,1024,584,1.753424658,22654,715751,0.604767666,40563.718750000,17.645103113,63,494,359.587301587,1.373797122,12,93,584,22654,715751,0
1024,32,80,32,1024,587,1.744463373,22432,708344,0.598509185,39141.718750000,18.096905875,63,496,356.063492063,1.393009986,13,100,587,22432,708344,0
1024,32,81,32,1024,611,1.675941080,23767,750693,0.634291610,40584.531250000,18.497022803,63,490,377.253968254,1.298859764,13,106,611,23767,750693,0
1024,32,82,32,1024,644,1.590062112,24685,779664,0.658770407,40340.125000000,19.327257910,63,501,391.825396825,1.278630747,14,106,644,24685,779664,0
1024,32,83,32,1024,631,1.622820919,24608,777305,0.656777191,40639.968750000,19.126614117,63,500,390.603174603,1.280071521,13,106,631,24608,777305,0
1024,32,84,32,1024,627,1.633173844,23922,755729,0.638546735,40087.406250000,18.852030368,63,489,379.714285714,1.287810384,15,106,627,23922,755729,0
1024,32,85,32,1024,605,1.692561983,23671,747883,0.631917324,41466.500000000,18.035836157,63,504,375.730158730,1.341388197,14,100,605,23671,747883,0
1024,32,86,32,1024,632,1.620253165,24010,758224,0.640654863,39283.937500000,19.301120210,63,508,381.111111111,1.332944606,14,106,632,24010,758224,0
1024,32,87,32,1024,598,1.712374582,23030,727576,0.614759099,40308.937500000,18.049992015,63,501,365.555555556,1.370516717,14,106,598,23030,727576,0
1024,32,88,32,1024,563,1.818827709,21699,685515,0.579220018,41801.375000000,16.399340931,63,485,344.428571429,1.408129407,13,93,563,21699,685515,0
1024,32,89,32,1024,594,1.723905724,22937,724493,0.612154144,40609.125000000,17.840645421,63,469,364.079365079,1.288180669,13,106,594,22937,724493,0
1024,32,90,32,1024,607,1.686985173,23335,737171,0.622866312,39215.125000000,18.798129548,63,501,370.396825397,1.352603385,14,106,607,23335,737171,0
1024,32,91,32,1024,585,1.750427350,22813,720762,0.609001668,40874.562500000,17.633509839,63,494,362.111111111,1.364222154,13,100,585,22813,720762,0
1024,32,92,32,1024,605,1.692561983,23426,739969,0.625230458,39950.718750000,18.522044738,63,486,371.841269841,1.307009306,14,100,605,23426,739969,0
1024,32,93,32,1024,577,1.774696707,22656,715859,0.604858920,40957.562500000,17.478066474,63,496,359.619047619,1.379237288,13,106,577,22656,715859,0
1024,32,94,32,1024,592,1.729729730,22688,716560,0.605451224,40463.718750000,17.708703553,63,476,360.126984127,1.321755994,13,106,592,22688,716560,0
1024,32,95,32,1024,608,1.684210526,23636,746627,0.630856078,41428.500000000,18.022062107,63,503,375.174603175,1.340709088,13,106,608,23636,746627,0
1024,32,96,32,1024,577,1.774696707,22105,698175,0.589916976,40839.562500000,17.095555321,63,485,350.873015873,1.382266456,14,106,577,22105,698175,0
1024,32,97,32,1024,581,1.762478485,22888,722985,0.610879973,41205.437500000,17.545863941,63,489,363.301587302,1.345989165,13,106,581,22888,722985,0
1024,32,98,32,1024,619,1.654281099,23873,753994,0.637080761,40421.187500000,18.653435157,63,504,378.936507937,1.330038118,15,106,619,23873,753994,0
1024,32,99,32,1024,576,1.777777778,23286,736140,0.621995177,42883.843750000,17.165905283,63,498,369.619047619,1.347333162,12,106,576,23286,736140,0
1024,32,100,32,1024,611,1.675941080,23099,729610,0.616477710,40181.187500000,18.157999935,63,496,366.650793651,1.352785835,13,106,611,23099,729610,0
1024,32,101,32,1024,608,1.684210526,23565,744339,0.628922852,40347.968750000,18.447991883,63,501,374.047619048,1.339401655,14,106,608,23565,744339,0
1024,32,102,32,1024,578,1.771626298,22647,715346,0.604425465,42160.000000000,16.967409867,63,497,359.476190476,1.382567227,13,93,578,22647,715346,0
1024,32,103,32,1024,605,1.692561983,23688,748246,0.632224038,41259.531250000,18.135106661,63,503,376.000000000,1.337765957,14,106,605,23688,748246,0
1024,32,104,32,1024,647,1.582689335,25122,793820,0.670731398,40562.562500000,19.570262604,63,500,398.761904762,1.253881060,14,106,647,25122,793820,0
1024,32,105,32,1024,598,1.712374582,22729,717834,0.606527679,40226.468750000,17.844817661,63,499,360.777777778,1.383122883,13,106,598,22729,717834,0
1024,32,106,32,1024,593,1.726812816,23021,727417,0.614624753,41207.781250000,17.652418498,63,496,365.412698413,1.357369358,13,93,593,23021,727417,0
1024,32,107,32,1024,636,1.610062893,24857,785236,0.663478421,40944.156250000,19.178219114,63,500,394.555555556,1.267248662,13,106,636,24857,785236,0
1024,32,108,32,1024,588,1.741496599,22826,721156,0.609334575,39907.718750000,18.070589414,63,501,362.317460317,1.382765268,14,106,588,22826,721156,0
1024,32,109,32,1024,633,1.617693523,24374,769888,0.650510260,40097.250000000,19.200518739,63,494,386.888888889,1.276852384,13,106,633,24374,769888,0
1024,32,110,32,1024,606,1.689768977,23197,732581,0.618988031,39790.718750000,18.410851149,63,486,368.206349206,1.319912058,13,106,606,23197,732581,0
1024,32,111,32,1024,643,1.592534992,24100,760915,0.642928601,37937.781250000,20.056918853,63,497,382.539682540,1.299211618,14,106,643,24100,760915,0
1024,32,112,32,1024,577,1.774696707,22723,718095,0.606748209,42120.906250000,17.048422362,63,473,360.682539683,1.311402544,13,106,577,22723,718095,0
1024,32,113,32,1024,631,1.622820919,24264,766441,0.647597747,40481.562500000,18.933088366,63,500,385.142857143,1.298219585,14,106,631,24264,766441,0
1024,32,114,32,1024,571,1.793345009,22489,710408,0.600253144,41493.656250000,17.120882183,63,479,356.968253968,1.341856018,13,106,571,22489,710408,0
1024,32,115,32,1024,595,1.721008403,22398,707202,0.597544262,39340.437500000,17.976465056,63,497,355.523809524,1.397937316,14,106,595,22398,707202,0
1024,32,116,32,1024,660,1.551515152,24855,784934,0.663223249,38771.843750000,20.244949017,63,505,394.523809524,1.280024140,14,106,660,24855,784934,0
1024,32,117,32,1024,623,1.643659711,23281,735121,0.621134182,38081.531250000,19.303871874,63,493,369.539682540,1.334092178,13,106,623,23281,735121,0
1024,32,118,32,1024,542,1.889298893,21264,671766,0.567602918,43271.250000000,15.524534188,63,487,337.523809524,1.442861174,13,106,542,21264,671766,0
1024,32,119,32,1024,563,1.818827709,22181,700771,0.592110444,42084.437500000,16.651547261,63,480,352.079365079,1.363328975,13,106,563,22181,700771,0
1024,32,120,32,1024,549,1.865209472,21541,680583,0.575052767,42294.468750000,16.091536792,63,477,341.920634921,1.395060582,13,93,549,21541,680583,0
1024,32,121,32,1024,623,1.643659711,23510,742511,0.627378299,38042.000000000,19.518190421,63,475,373.174603175,1.272862612,13,106,623,23510,742511,0
1024,32,122,32,1024,603,1.698175788,22336,705487,0.596095188,38544.937500000,18.302974288,63,492,354.539682540,1.387714900,13,106,603,22336,705487,0
1024,32,123,32,1024,560,1.828571429,22055,696754,0.588716314,42694.906250000,16.319370651,63,494,350.079365079,1.411108592,13,106,560,22055,696754,0
1024,32,124,32,1024,616,1.662337662,23893,754864,0.637815860,40644.968750000,18.572138772,63,498,379.253968254,1.313104256,13,106,616,23893,754864,0
1024,32,125,32,1024,610,1.678688525,23395,738925,0.624348339,40181.187500000,18.389824840,63,498,371.349206349,1.341055781,14,106,610,23395,738925,0
1024,32,126,32,1024,630,1.625396825,24655,778982,0.658194157,41562.593750000,18.742381784,63,496,391.349206349,1.267410262,14,106,630,24655,778982,0
1024,32,127,32,1024,584,1.753424658,22363,706357,0.596830287,40102.812500000,17.613652409,63,487,354.968253968,1.371953673,13,106,584,22363,706357,0
1024,32,128,32,1024,637,1.607535322,23928,755650,0.638479984,38733.468750000,19.508967939,63,496,379.809523810,1.305917753,13,100,637,23928,755650,0
1024,32,129,32,1024,617,1.659643436,24692,780345,0.659345813,42370.843750000,18.417027629,63,501,391.936507937,1.278268265,14,106,617,24692,780345,0
1024,32,130,32,1024,575,1.780869565,22569,713167,0.602584338,42100.437500000,16.939657694,63,494,358.238095238,1.378971155,14,106,575,22569,713167,0
1024,32,131,32,1024,572,1.790209790,21825,689095,0.582244908,41852.062500000,16.465018898,63,484,346.428571429,1.397113402,14,106,572,21825,689095,0
1024,32,132,32,1024,606,1.689768977,23305,736312,0.622140507,39699.437500000,18.547164554,63,498,369.920634921,1.346234714,14,106,606,23305,736312,0
1024,32,133,32,1024,615,1.665040650,23174,731888,0.618402486,39706.468750000,18.432462595,63,497,367.841269841,1.351126262,14,106,615,23174,731888,0
1024,32,134,32,1024,598,1.712374582,23680,748239,0.632218123,41691.875000000,17.946878139,63,494,375.873015873,1.314273649,13,106,598,23680,748239,0
1024,32,135,32,1024,595,1.721008403,23246,734408,0.620531739,41303.500000000,17.780769184,63,502,368.984126984,1.360492128,13,106,595,23246,734408,0
1024,32,136,32,1024,625,1.638400000,24178,763859,0.645416108,39475.312500000,19.350296467,63,499,383.777777778,1.300231616,13,106,625,24178,763859,0
1024,32,137,32,1024,620,1.651612903,23900,755051,0.637973864,41379.062500000,18.247175126,63,495,379.365079365,1.304811715,14,106,620,23900,755051,0
1024,32,138,32,1024,549,1.865209472,21688,685271,0.579013852,42031.187500000,16.303869597,63,446,344.253968254,1.295555146,12,93,549,21688,685271,0
1024,32,139,32,1024,622,1.646302251,23887,754630,0.637618144,40710.062500000,18.536694705,63,494,379.158730159,1.302884414,13,106,622,23887,754630,0
1024,32,140,32,1024,579,1.768566494,23225,734221,0.620373734,43415.062500000,16.911665162,63,494,368.650793651,1.340021529,12,106,579,23225,734221,0
1024,32,141,32,1024,579,1.768566494,22162,700071,0.591518985,40703.500000000,17.199282617,63,486,351.777777778,1.381554011,14,106,579,22162,700071,0
1024,32,142,32,1024,574,1.783972125,22518,711457,0.601139488,41742.312500000,17.044024573,63,494,357.428571429,1.382094325,13,106,574,22518,711457,0
1024,32,143,32,1024,621,1.648953301,23969,757084,0.639691630,39791.937500000,19.026065268,63,500,380.460317460,1.314197505,15,93,621,23969,757084,0
1024,32,144,32,1024,630,1.625396825,23974,757248,0.639830201,39372.125000000,19.233099560,63,498,380.539682540,1.308667723,14,106,630,23974,757248,0
1024,32,145,32,1024,614,1.667752443,23490,741823,0.626796979,40482.406250000,18.324577729,63,491,372.857142857,1.316858238,14,106,614,23490,741823,0
1024,32,146,32,1024,582,1.759450172,22453,709202,0.599234145,40947.093750000,17.319959368,63,481,356.396825397,1.349619205,14,93,582,22453,709202,0
1024,32,147,32,1024,611,1.675941080,23799,751837,0.635258223,42414.500000000,17.725942779,63,481,377.761904762,1.273288794,13,106,611,23799,751837,0
1024,32,148,32,1024,620,1.651612903,24189,764305,0.645792952,41146.093750000,18.575396358,63,502,383.952380952,1.307453801,14,106,620,24189,764305,0
1024,32,149,32,1024,620,1.651612903,23762,750672,0.634273866,40223.343750000,18.662595648,63,494,377.174603175,1.309738238,14,93,620,23762,750672,0
1024,32,150,32,1024,653,1.568147014,25152,794689,0.671465652,40510.468750000,19.616879896,63,505,399.238095238,1.264909351,14,106,653,25152,794689,0
1024,32,151,32,1024,602,1.700996678,23459,741164,0.626240163,41020.531250000,18.068122899,63,491,372.365079365,1.318598406,13,100,602,23459,741164,0
1024,32,152,32,1024,559,1.831842576,22342,706031,0.596554836,42721.781250000,16.526253806,63,494,354.634920635,1.392981828,13,106,559,22342,706031,0
1024,32,153,32,1024,622,1.646302251,23615,746026,0.630348268,39733.250000000,18.775861527,63,492,374.841269841,1.312555579,13,106,622,23615,746026,0
1024,32,154,32,1024,596,1.718120805,23420,739912,0.625182296,40410.781250000,18.309767273,63,497,371.746031746,1.336934244,14,106,596,23420,739912,0
1024,32,155,32,1024,599,1.709515860,23671,747900,0.631931688,41757.062500000,17.910742644,63,498,375.730158730,1.325419289,14,106,599,23671,747900,0
1024,32,156,32,1024,632,1.620253165,24493,773439,0.653510647,40663.156250000,19.020633697,63,491,388.777777778,1.262932266,13,106,632,24493,773439,0
1024,32,157,32,1024,580,1.765517241,22772,719300,0.607766364,42186.000000000,17.050680320,63,495,361.460317460,1.369444932,13,106,580,22772,719300,0
1024,32,158,32,1024,618,1.656957929,24356,769326,0.650035403,40951.281250000,18.786371916,63,503,386.603174603,1.301075710,14,106,618,24356,769326,0
1024,32,159,32,1024,584,1.753424658,22926,724656,0.612291870,42211.156250000,17.167404648,63,496,363.904761905,1.362993981,14,106,584,22926,724656,0
1024,32,160,32,1024,606,1.689768977,23144,731138,0.617768780,39640.625000000,18.444159243,63,497,367.365079365,1.352877636,13,93,606,23144,731138,0
1024,32,161,32,1024,596,1.718120805,22173,700101,0.591544333,38986.156250000,17.957682094,63,491,351.952380952,1.395075091,13,93,596,22173,700101,0
1024,32,162,32,1024,574,1.783972125,22283,704015,0.594851434,42606.000000000,16.523846407,63,493,353.698412698,1.393842840,14,106,574,22283,704015,0
1024,32,163,32,1024,602,1.700996678,23982,757960,0.640431799,42706.625000000,17.748066020,63,493,380.666666667,1.295096322,14,106,602,23982,757960,0
1024,32,164,32,1024,613,1.670473083,23374,738251,0.623778848,39806.031250000,18.546209627,63,502,371.015873016,1.353041841,13,100,613,23374,738251,0
1024,32,165,32,1024,585,1.750427350,23330,737019,0.622737881,41787.750000000,17.637202290,63,493,370.317460317,1.331290184,14,106,585,23330,737019,0
1024,32,166,32,1024,612,1.673202614,24126,762335,0.644128418,41490.343750000,18.373793300,63,498,382.952380952,1.300422780,13,106,612,24126,762335,0
1024,32,167,32,1024,588,1.741496599,23240,734392,0.620518219,41752.937500000,17.588989996,63,495,368.888888889,1.341867470,13,106,588,23240,734392,0
1024,32,168,32,1024,614,1.667752443,24025,759064,0.641364614,39913.750000000,19.017606714,63,490,381.349206349,1.284911550,13,106,614,24025,759064,0
1024,32,169,32,1024,581,1.762478485,22748,718641,0.607209547,41650.625000000,17.254026800,63,486,361.079365079,1.345964480,13,93,581,22748,718641,0
1024,32,170,32,1024,598,1.712374582,22504,710502,0.600332569,39548.000000000,17.965560837,63,497,357.206349206,1.391352648,13,106,598,22504,710502,0
1024,32,171,32,1024,562,1.822064057,21917,692600,0.585206428,41504.875000000,16.687196384,63,500,347.888888889,1.437240498,14,93,562,21917,692600,0
1024,32,172,32,1024,605,1.692561983,23388,738995,0.624407485,41405.625000000,17.847695814,63,499,371.238095238,1.344150847,14,106,605,23388,738995,0
1024,32,173,32,1024,619,1.654281099,23814,751975,0.635374824,40270.468750000,18.673112664,63,495,378.000000000,1.309523810,13,100,619,23814,751975,0
1024,32,174,32,1024,624,1.641025641,23692,748011,0.632025477,38977.875000000,19.190656238,63,499,376.063492063,1.326903596,14,106,624,23692,748011,0
1024,32,175,32,1024,625,1.638400000,23933,755951,0.638734312,39848.031250000,18.970849407,63,501,379.888888889,1.318806669,14,93,625,23933,755951,0
1024,32,176,32,1024,608,1.684210526,24015,758708,0.641063815,40573.781250000,18.699464941,63,500,381.190476190,1.311680200,13,106,608,24015,758708,0
1024,32,177,32,1024,614,1.667752443,23302,736025,0.621898009,39213.750000000,18.769564247,63,490,369.873015873,1.324778989,14,93,614,23302,736025,0
1024,32,178,32,1024,610,1.678688525,23022,726967,0.614244529,39334.281250000,18.481766462,63,502,365.428571429,1.373729476,14,100,610,23022,726967,0
1024,32,179,32,1024,594,1.723905724,23048,728078,0.615183259,39835.187500000,18.277258015,63,502,365.841269841,1.372179799,13,106,594,23048,728078,0
1024,32,180,32,1024,594,1.723905724,22978,726027,0.613450284,41035.906250000,17.692481204,63,498,364.730158730,1.365392985,14,106,594,22978,726027,0
1024,32,181,32,1024,591,1.732656514,23096,729616,0.616482779,42161.500000000,17.305266653,63,499,366.603174603,1.361144787,13,106,591,23096,729616,0
1024,32,182,32,1024,597,1.715242881,23229,733936,0.620132926,41058.843750000,17.875223289,63,489,368.714285714,1.326230143,13,106,597,23229,733936,0
1024,32,183,32,1024,603,1.698175788,23366,738015,0.623579442,40926.750000000,18.032582602,63,503,370.888888889,1.356201318,13,106,603,23366,738015,0
1024,32,184,32,1024,620,1.651612903,23170,731506,0.618079719,40447.500000000,18.085320477,63,501,367.777777778,1.362235650,14,106,620,23170,731506,0
1024,32,185,32,1024,618,1.656957929,24206,764988,0.646370047,41382.156250000,18.485938610,63,495,384.222222222,1.288316946,14,93,618,24206,764988,0
1024,32,186,32,1024,621,1.648953301,24324,768317,0.649182857,40661.906250000,18.895252851,63,496,386.095238095,1.284657129,14,100,621,24324,768317,0
1024,32,187,32,1024,587,1.744463373,22830,721439,0.609573693,41858.281250000,17.235275278,63,479,362.380952381,1.321813403,14,106,587,22830,721439,0
1024,32,188,32,1024,618,1.656957929,23819,752587,0.635891929,40440.437500000,18.609764051,63,500,378.079365079,1.322473655,15,106,618,23819,752587,0
1024,32,189,32,1024,633,1.617693523,24526,774669,0.654549925,39677.031250000,19.524369026,63,493,389.301587302,1.266370382,13,93,633,24526,774669,0
1024,32,190,32,1024,647,1.582689335,25031,790647,0.668050399,40544.406250000,19.500766521,63,496,397.317460317,1.248372019,14,106,647,25031,790647,0
1024,32,191,32,1024,593,1.726812816,22558,712531,0.602046955,40303.937500000,17.678942659,63,504,358.063492063,1.407571593,13,93,593,22558,712531,0
1024,32,192,32,1024,600,1.706666667,23053,727953,0.615077642,40837.250000000,17.825710595,63,485,365.920634921,1.325424023,13,106,600,23053,727953,0
1024,32,193,32,1024,590,1.735593220,22452,708954,0.599024600,39350.781250000,18.016262384,63,489,356.380952381,1.372127205,13,106,590,22452,708954,0
1024,32,194,32,1024,588,1.741496599,22070,697054,0.588969797,39717.250000000,17.550409457,63,501,350.317460317,1.430131400,14,100,588,22070,697054,0
1024,32,195,32,1024,567,1.805996473,21878,691157,0.583987177,41161.031250000,16.791537506,63,497,347.269841270,1.431163726,13,106,567,21878,691157,0
1024,32,196,32,1024,618,1.656957929,23771,750870,0.634441164,40744.187500000,18.428886329,63,503,377.317460317,1.333094948,14,106,618,23771,750870,0
1024,32,197,32,1024,601,1.703826955,23271,735057,0.621080106,41466.593750000,17.726486155,63,499,369.380952381,1.350908857,14,106,601,23271,735057,0
1024,32,198,32,1024,589,1.738539898,23126,730540,0.617263505,41744.875000000,17.500112289,63,493,367.079365079,1.343033815,13,106,589,23126,730540,0
1024,32,199,32,1024,595,1.721008403,23444,740704,0.625851490,42001.062500000,17.635363391,63,486,372.126984127,1.306005801,13,106,595,23444,740704,0
1024,32,200,32,1024,620,1.651612903,23787,751515,0.634986151,41743.656250000,18.003094782,63,498,377.571428571,1.318955732,14,106,620,23787,751515,0
1024,32,201,32,1024,598,1.712374582,23508,742660,0.627504195,41339.156250000,17.965049783,63,497,373.142857143,1.331929556,13,106,598,23508,742660,0
1024,32,202,32,1024,596,1.718120805,22494,710170,0.600052048,38787.031250000,18.309470385,63,491,357.047619048,1.375166711,14,106,596,22494,710170,0
1024,32,203,32,1024,616,1.662337662,23366,738100,0.623651262,40420.406250000,18.260578467,63,487,370.888888889,1.313061714,13,93,616,23366,738100,0
1024,32,204,32,1024,589,1.738539898,22659,715816,0.604822588,40443.281250000,17.699256289,63,482,359.666666667,1.340129750,13,106,589,22659,715816,0
1024,32,205,32,1024,558,1.835125448,21257,671379,0.567275926,40410.343750000,16.614038330,63,498,337.412698413,1.475937338,13,106,558,21257,671379,0
1024,32,206,32,1024,622,1.646302251,23377,737861,0.623449321,39367.000000000,18.743135113,63,499,371.063492063,1.344783334,14,106,622,23377,737861,0
1024,32,207,32,1024,567,1.805996473,22043,696327,0.588355524,40785.531250000,17.072892731,63,487,349.888888889,1.391870435,13,106,567,22043,696327,0
1024,32,208,32,1024,624,1.641025641,24091,761033,0.643028304,41433.000000000,18.367798615,63,489,382.396825397,1.278776307,14,106,624,24091,761033,0
1024,32,209,32,1024,623,1.643659711,24579,776713,0.656276985,41381.375000000,18.769627640,63,497,390.142857143,1.273892347,14,106,623,24579,776713,0
1024,32,210,32,1024,611,1.675941080,23570,744579,0.629125638,40841.250000000,18.231053163,63,489,374.126984127,1.307042851,13,106,611,23570,744579,0
1024,32,211,32,1024,613,1.670473083,23861,753706,0.636837418,40783.093750000,18.480844161,63,498,378.746031746,1.314865261,14,106,613,23861,753706,0
1024,32,212,32,1024,566,1.809187279,21443,677189,0.572185035,40330.812500000,16.790859346,63,487,340.365079365,1.430816584,13,93,566,21443,677189,0
1024,32,213,32,1024,589,1.738539898,22691,716823,0.605673444,41404.531250000,17.312670337,63,490,360.174603175,1.360451280,14,106,589,22691,716823,0
1024,32,214,32,1024,605,1.692561983,23140,730932,0.617594722,40586.062500000,18.009433657,63,500,367.301587302,1.361279170,14,93,605,23140,730932,0
1024,32,215,32,1024,582,1.759450172,22838,721575,0.609688605,41769.375000000,17.275216591,63,497,362.507936508,1.371004466,13,106,582,22838,721575,0
1024,32,216,32,1024,565,1.812389381,21669,684251,0.578152012,41811.343750000,16.365199935,63,494,343.952380952,1.436245327,13,106,565,21669,684251,0
1024,32,217,32,1024,596,1.718120805,22935,724297,0.611988536,40389.125000000,17.932970818,63,503,364.047619048,1.381687377,13,106,596,22935,724297,0
1024,32,218,32,1024,579,1.768566494,22377,706900,0.597289090,42049.781250000,16.811026811,63,493,355.190476190,1.387987666,13,93,579,22377,706900,0
1024,32,219,32,1024,596,1.718120805,23092,729510,0.616393215,40971.781250000,17.805181463,63,495,366.539682540,1.350467694,13,106,596,23092,729510,0
1024,32,220,32,1024,619,1.654281099,23792,751665,0.635112893,40818.000000000,18.415037483,63,497,377.650793651,1.316030599,14,106,619,23792,751665,0
1024,32,221,32,1024,624,1.641025641,23326,736504,0.622302736,38194.968750000,19.282749119,63,501,370.253968254,1.353125268,15,106,624,23326,736504,0
1024,32,222,32,1024,585,1.750427350,22172,700266,0.591683749,39685.593750000,17.645345170,63,493,351.936507937,1.400820855,12,93,585,22172,700266,0
1024,32,223,32,1024,609,1.681444992,23232,733778,0.619999425,40320.718750000,18.198534717,63,493,368.761904762,1.336905992,14,106,609,23232,733778,0
1024,32,224,32,1024,603,1.698175788,23333,737017,0.622736191,40975.781250000,17.986649126,63,492,370.365079365,1.328418977,14,106,603,23333,737017,0
1024,32,225,32,1024,593,1.726812816,22702,717294,0.606071411,40831.312500000,17.567253073,63,491,360.349206349,1.362567175,14,106,593,22702,717294,0
1024,32,226,32,1024,594,1.723905724,23117,730464,0.617199290,40768.437500000,17.917390138,63,499,366.936507937,1.359908293,14,106,594,23117,730464,0
1024,32,227,32,1024,596,1.718120805,22767,719108,0.607604135,40642.281250000,17.693593418,63,496,361.380952381,1.372512848,14,106,596,22767,719108,0
1024,32,228,32,1024,649,1.577812018,24861,785177,0.663428569,39876.593750000,19.690172258,63,497,394.619047619,1.259442500,15,106,649,24861,785177,0
1024,32,229,32,1024,588,1.741496599,22729,717918,0.606598655,42251.218750000,16.991651868,63,497,360.777777778,1.377579304,14,106,588,22729,717918,0
1024,32,230,32,1024,603,1.698175788,22693,716660,0.605535718,38441.281250000,18.642979024,63,494,360.206349206,1.371436126,13,106,603,22693,716660,0
1024,32,231,32,1024,602,1.700996678,23804,752111,0.635489736,42562.312500000,17.670820870,63,501,377.841269841,1.325953621,13,106,602,23804,752111,0
1024,32,232,32,1024,604,1.695364238,22767,718906,0.607433457,38594.093750000,18.627357975,63,498,361.380952381,1.378047174,13,106,604,22767,718906,0
1024,32,233,32,1024,606,1.689768977,22831,721111,0.609296552,38766.250000000,18.601515494,63,496,362.396825397,1.368665411,15,106,606,22831,721111,0
1024,32,234,32,1024,613,1.670473083,23646,747017,0.631185605,40539.187500000,18.427034336,63,477,375.333333333,1.270870337,13,106,613,23646,747017,0
1024,32,235,32,1024,600,1.706666667,23498,742648,0.627494056,41498.968750000,17.895577224,63,495,372.984126984,1.327134224,14,106,600,23498,742648,0
1024,32,236,32,1024,635,1.612598425,24015,758318,0.640734288,39464.781250000,19.215056463,63,498,381.190476190,1.306433479,14,106,635,24015,758318,0
1024,32,237,32,1024,613,1.670473083,23081,728779,0.615775563,39864.687500000,18.281317269,63,500,366.365079365,1.364758893,14,106,613,23081,728779,0
1024,32,238,32,1024,594,1.723905724,22962,725306,0.612841082,40557.437500000,17.883427670,63,476,364.476190476,1.305983799,13,106,594,22962,725306,0
1024,32,239,32,1024,625,1.638400000,23800,751810,0.635235409,38681.750000000,19.435780439,63,502,377.777777778,1.328823529,14,106,625,23800,751810,0
1024,32,240,32,1024,574,1.783972125,22781,719725,0.608125464,42531.375000000,16.922213307,63,498,361.603174603,1.377200298,14,106,574,22781,719725,0
1024,32,241,32,1024,634,1.615141956,24281,766803,0.647903616,39282.468750000,19.520234456,63,486,385.412698413,1.260985956,13,106,634,24281,766803,0
1024,32,242,32,1024,617,1.659643436,24114,761947,0.643800580,40547.312500000,18.791553694,63,492,382.761904762,1.285394377,13,106,617,24114,761947,0
1024,32,243,32,1024,624,1.641025641,23917,755520,0.638370142,38989.843750000,19.377353878,63,495,379.634920635,1.303884266,14,106,624,23917,755520,0
1024,32,244,32,1024,578,1.771626298,21598,682001,0.576250894,38245.437500000,17.832218549,63,483,342.825396825,1.408880452,16,106,578,21598,682001,0
1024,32,245,32,1024,570,1.796491228,22187,700882,0.592204232,41471.562500000,16.900303672,63,482,352.174603175,1.368639293,13,100,570,22187,700882,0
1024,32,246,32,1024,566,1.809187279,22040,696262,0.588300603,40700.062500000,17.107148177,63,499,349.841269841,1.426361162,13,100,566,22040,696262,0
1024,32,247,32,1024,613,1.670473083,23335,736901,0.622638177,39510.437500000,18.650793224,63,493,370.396825397,1.331004928,14,106,613,23335,736901,0
1024,32,248,32,1024,568,1.802816901,22168,700513,0.591892449,40643.062500000,17.235733651,63,478,351.873015873,1.358444605,13,100,568,22168,700513,0
1024,32,249,32,1024,551,1.858439201,21448,677725,0.572637924,43192.468750000,15.690814154,63,472,340.444444444,1.386422977,12,106,551,21448,677725,0
1024,32,250,32,1024,625,1.638400000,23874,754119,0.637186379,40760.343750000,18.501291467,63,508,378.952380952,1.340537824,14,106,625,23874,754119,0
1024,32,251,32,1024,653,1.568147014,25436,803515,0.678923105,40039.937500000,20.067838517,63,505,403.746031746,1.250786287,14,106,653,25436,803515,0
1024,32,252,32,1024,616,1.662337662,23068,728410,0.615463780,38926.968750000,18.712219918,63,497,366.158730159,1.357334836,14,106,616,23068,728410,0
1024,32,253,32,1024,640,1.600000000,24181,763624,0.645217547,39396.593750000,19.382995516,63,497,383.825396825,1.294859601,14,106,640,24181,763624,0
1024,32,254,32,1024,580,1.765517241,21865,690618,0.583531754,38627.125000000,17.879094030,63,490,347.063492063,1.411845415,13,106,580,21865,690618,0
1024,32,255,32,1024,589,1.738539898,23374,738447,0.623944457,41491.656250000,17.797481873,63,498,371.015873016,1.342260631,13,106,589,23374,738447,0
1024,32,256,32,1024,574,1.783972125,22355,706270,0.596756777,40994.875000000,17.228251092,63,476,354.841269841,1.341444867,13,106,574,22355,706270,0
1024,32,257,32,1024,596,1.718120805,22863,722234,0.610245422,40839.093750000,17.684868436,63,503,362.904761905,1.386038578,13,106,596,22863,722234,0
1024,32,258,32,1024,612,1.673202614,24477,773458,0.653526701,42410.343750000,18.237484812,63,494,388.523809524,1.271479348,13,106,612,24477,773458,0
1024,32,259,32,1024,612,1.673202614,23459,741089,0.626176792,39643.531250000,18.693819058,63,488,372.365079365,1.310541796,13,106,612,23459,741089,0
1024,32,260,32,1024,614,1.667752443,23499,742179,0.627097778,39857.718750000,18.620709445,63,494,373.000000000,1.324396783,13,106,614,23499,742179,0
1024,32,261,32,1024,660,1.551515152,24944,788013,0.665824823,39656.187500000,19.871123516,63,501,395.936507937,1.265354394,14,106,660,24944,788013,0
1024,32,262,32,1024,646,1.585139319,24377,769868,0.650493361,38740.468750000,19.872449272,63,496,386.936507937,1.281864052,13,106,646,24377,769868,0
1024,32,263,32,1024,580,1.765517241,22828,721044,0.609239941,42337.593750000,17.030821455,63,501,362.349206349,1.382644121,13,106,580,22828,721044,0
1024,32,264,32,1024,587,1.744463373,22752,718800,0.607343893,40862.531250000,17.590687067,63,496,361.142857143,1.373417722,13,106,587,22752,718800,0
1024,32,265,32,1024,586,1.747440273,23247,734637,0.620725230,42345.218750000,17.348759121,63,500,369.000000000,1.355013550,14,106,586,23247,734637,0
1024,32,266,32,1024,612,1.673202614,23727,749637,0.633399351,40760.125000000,18.391430350,63,495,376.619047619,1.314325452,13,106,612,23727,749637,0
1024,32,267,32,1024,587,1.744463373,23134,730911,0.617576978,41698.437500000,17.528498520,63,488,367.206349206,1.328953056,13,106,587,23134,730911,0
1024,32,268,32,1024,609,1.681444992,22896,722824,0.610743937,39629.093750000,18.239730753,63,491,363.428571429,1.351022013,14,106,609,22896,722824,0
1024,32,269,32,1024,621,1.648953301,23938,756024,0.638795992,40595.468750000,18.623359288,63,499,379.968253968,1.313267608,14,106,621,23938,756024,0
1024,32,270,32,1024,629,1.627980922,24472,773169,0.653282513,40325.687500000,19.173113912,63,504,388.444444444,1.297482838,14,106,629,24472,773169,0
1024,32,271,32,1024,605,1.692561983,22536,711580,0.601243416,38638.875000000,18.416167655,63,493,357.714285714,1.378194888,14,106,605,22536,711580,0
1024,32,272,32,1024,582,1.759450172,22318,705285,0.595924510,42491.906250000,16.598102139,63,473,354.253968254,1.335200287,14,106,582,22318,705285,0
1024,32,273,32,1024,579,1.768566494,22385,707081,0.597442024,41447.781250000,17.059562145,63,497,355.317460317,1.398749162,13,106,579,22385,707081,0
1024,32,274,32,1024,602,1.700996678,23650,747056,0.631218558,41614.750000000,17.951711833,63,489,375.396825397,1.302621564,13,93,602,23650,747056,0
1024,32,275,32,1024,603,1.698175788,23094,729389,0.616290978,40039.343750000,18.216807062,63,480,366.571428571,1.309431021,13,106,603,23094,729389,0
1024,32,276,32,1024,581,1.762478485,22357,706328,0.596805783,40993.656250000,17.230178145,63,491,354.873015873,1.383593505,13,106,581,22357,706328,0
1024,32,277,32,1024,609,1.681444992,23102,729700,0.616553754,40404.875000000,18.059701954,63,504,366.698412698,1.374426457,14,106,609,23102,729700,0
1024,32,278,32,1024,641,1.597503900,24988,789296,0.666908883,40419.531250000,19.527589153,63,500,396.634920635,1.260605090,14,106,641,24988,789296,0
1024,32,279,32,1024,585,1.750427350,22607,714150,0.603414915,40939.781250000,17.443913431,63,489,358.841269841,1.362719512,13,106,585,22607,714150,0
1024,32,280,32,1024,654,1.565749235,25647,810250,0.684613786,41062.843750000,19.731950494,63,502,407.095238095,1.233126681,13,106,654,25647,810250,0
1024,32,281,32,1024,608,1.684210526,23337,737225,0.622911939,40331.500000000,18.279136655,63,494,370.428571429,1.333590436,14,106,608,23337,737225,0
1024,32,282,32,1024,596,1.718120805,23113,730257,0.617024387,41719.781250000,17.503854961,63,499,366.873015873,1.360143642,13,106,596,23113,730257,0
1024,32,283,32,1024,586,1.747440273,22291,703892,0.594747506,39428.531250000,17.852351525,63,500,353.825396825,1.413126374,14,106,586,22291,703892,0
1024,32,284,32,1024,605,1.692561983,23692,748232,0.632212209,42365.093750000,17.661521167,63,493,376.063492063,1.310948843,14,106,605,23692,748232,0
1024,32,285,32,1024,609,1.681444992,22926,723972,0.611713930,40565.562500000,17.846960707,63,487,363.904761905,1.338262235,14,106,609,22926,723972,0
1024,32,286,32,1024,629,1.627980922,24739,781685,0.660478034,40038.375000000,19.523394743,63,499,392.682539683,1.270746594,14,106,629,24739,781685,0
1024,32,287,32,1024,636,1.610062893,24743,781825,0.660596326,40852.031250000,19.137971261,63,492,392.746031746,1.252717940,13,106,636,24743,781825,0
1024,32,288,32,1024,612,1.673202614,23751,750199,0.633874209,41864.906250000,17.919519407,63,501,377.000000000,1.328912467,14,106,612,23751,750199,0
1024,32,289,32,1024,613,1.670473083,24241,765979,0.647207384,42054.875000000,18.213798044,63,508,384.777777778,1.320242564,14,106,613,24241,765979,0
1024,32,290,32,1024,616,1.662337662,23968,757255,0.639836115,40627.187500000,18.639119432,63,493,380.444444444,1.295852804,13,106,616,23968,757255,0
1024,32,291,32,1024,622,1.646302251,24152,763054,0.644735930,40654.625000000,18.769180628,63,486,383.365079365,1.267721100,14,100,622,24152,763054,0
1024,32,292,32,1024,618,1.656957929,24132,762731,0.644463014,41864.562500000,18.219012799,63,496,383.047619048,1.294878170,14,106,618,24132,762731,0
1024,32,293,32,1024,576,1.777777778,22361,706454,0.596912246,42200.031250000,16.740603717,63,504,354.936507937,1.419972273,14,106,576,22361,706454,0
1024,32,294,32,1024,608,1.684210526,23138,730803,0.617485725,40251.687500000,18.155835081,63,483,367.269841270,1.315109344,14,106,608,23138,730803,0
1024,32,295,32,1024,621,1.648953301,23990,757647,0.640167332,40843.187500000,18.550143766,63,498,380.793650794,1.307794915,13,106,621,23990,757647,0
1024,32,296,32,1024,565,1.812389381,21376,675066,0.570391225,40099.031250000,16.834970296,63,494,339.301587302,1.455931886,14,106,565,21376,675066,0
1024,32,297,32,1024,557,1.838420108,21904,692011,0.584708757,43212.562500000,16.014116265,63,482,347.682539683,1.386322133,13,93,557,21904,692011,0
1024,32,298,32,1024,594,1.723905724,22436,708693,0.598804070,39085.468750000,18.131879255,63,496,356.126984127,1.392761633,14,93,594,22436,708693,0
1024,32,299,32,1024,603,1.698175788,23112,730011,0.616816531,40234.031250000,18.144117736,63,496,366.857142857,1.352024922,13,93,603,23112,730011,0
1024,32,300,32,1024,574,1.783972125,22030,695862,0.587962627,41653.593750000,16.705929485,63,500,349.682539683,1.429868361,13,106,574,22030,695862,0
1024,32,301,32,1024,591,1.732656514,23391,739132,0.624523242,41774.781250000,17.693258418,63,493,371.285714286,1.327818392,13,106,591,23391,739132,0
1024,32,302,32,1024,581,1.762478485,22752,718817,0.607358257,42089.906250000,17.078132599,63,486,361.142857143,1.345727848,14,106,581,22752,718817,0
1024,32,303,32,1024,605,1.692561983,23190,732273,0.618727789,40811.500000000,17.942810237,63,495,368.095238095,1.344760673,13,106,605,23190,732273,0
1024,32,304,32,1024,634,1.615141956,24964,788874,0.666552318,40987.093750000,19.246887930,63,502,396.253968254,1.266864285,14,106,634,24964,788874,0
1024,32,305,32,1024,615,1.665040650,23681,747894,0.631926619,41475.406250000,18.032228437,63,503,375.888888889,1.338161395,13,106,615,23681,747894,0
1024,32,306,32,1024,628,1.630573248,23713,748915,0.632789304,40015.468750000,18.715637312,63,495,376.396825397,1.315101421,14,106,628,23713,748915,0
1024,32,307,32,1024,586,1.747440273,22455,709306,0.599322019,40665.031250000,17.442652279,63,481,356.428571429,1.349498998,14,106,586,22455,709306,0
1024,32,308,32,1024,580,1.765517241,22756,719065,0.607567802,41170.906250000,17.465367307,63,482,361.206349206,1.334417297,14,106,580,22756,719065,0
1024,32,309,32,1024,602,1.700996678,22746,718220,0.606853827,39365.718750000,18.244808499,63,501,361.047619048,1.387628594,13,106,602,22746,718220,0
1024,32,310,32,1024,637,1.607535322,24826,784443,0.662808382,40986.718750000,19.138955836,63,504,394.063492063,1.278981713,14,106,637,24826,784443,0
1024,32,311,32,1024,629,1.627980922,23753,749946,0.633660438,38540.781250000,19.458505398,63,503,377.031746032,1.334105166,14,106,629,23753,749946,0
1024,32,312,16,512,399,1.283208020,16122,509383,0.430398795,41043.625000000,12.410770248,63,406,266.730158730,1.522137586,10,106,419,16804,530863,512
2048,1,0,32,32,32,1.000000000,681,21299,0.017996407,665.593750000,32.000000000,26,36,10.809523810,3.330396476,2,33,32,681,21299,0
2048,1,1,32,32,32,1.000000000,700,21872,0.018480559,683.500000000,32.000000000,29,35,11.111111111,3.150000000,2,34,32,700,21872,0
2048,1,2,32,32,32,1.000000000,716,22349,0.018883596,698.406250000,32.000000000,30,37,11.365079365,3.255586592,2,37,32,716,22349,0
2048,1,3,32,32,32,1.000000000,632,19701,0.016646191,615.656250000,32.000000000,26,36,10.031746032,3.588607595,2,36,32,632,19701,0
2048,1,4,32,32,32,1.000000000,754,23603,0.019943152,737.593750000,32.000000000,31,42,11.968253968,3.509283820,2,42,32,754,23603,0
2048,1,5,32,32,32,1.000000000,622,19396,0.016388484,606.125000000,32.000000000,25,42,9.873015873,4.254019293,2,42,32,622,19396,0
2048,1,6,32,32,32,1.000000000,705,21991,0.018581107,687.218750000,32.000000000,29,46,11.190476190,4.110638298,2,46,32,705,21991,0
2048,1,7,32,32,32,1.000000000,695,21717,0.018349593,678.656250000,32.000000000,27,35,11.031746032,3.172661871,2,34,32,695,21717,0
2048,1,8,32,32,32,1.000000000,648,20240,0.017101614,632.500000000,32.000000000,25,38,10.285714286,3.694444444,2,38,32,648,20240,0
2048,1,9,32,32,32,1.000000000,672,20998,0.017742080,656.187500000,32.000000000,26,48,10.666666667,4.500000000,2,48,32,672,20998,0
2048,1,10,32,32,31,1.032258065,654,20369,0.017210612,658.906250000,30.913350723,28,35,10.380952381,3.371559633,2,35,31,654,20369,0
2048,1,11,32,32,32,1.000000000,677,21155,0.017874736,661.093750000,32.000000000,25,43,10.746031746,4.001477105,2,43,32,677,21155,0
2048,1,12,32,32,32,1.000000000,693,21701,0.018336074,678.156250000,32.000000000,26,43,11.000000000,3.909090909,2,43,32,693,21701,0
2048,1,13,32,32,32,1.000000000,638,19844,0.016767018,620.125000000,32.000000000,27,34,10.126984127,3.357366771,2,33,32,638,19844,0
2048,1,14,32,32,32,1.000000000,667,20795,0.017570557,649.843750000,32.000000000,27,36,10.587301587,3.400299850,2,36,32,667,20795,0
2048,1,15,32,32,32,1.000000000,648,20218,0.017083026,631.812500000,32.000000000,26,36,10.285714286,3.500000000,2,36,32,648,20218,0
2048,1,16,32,32,32,1.000000000,635,19827,0.016752654,619.593750000,32.000000000,27,37,10.079365079,3.670866142,2,37,32,635,19827,0
2048,1,17,32,32,32,1.000000000,681,21179,0.017895014,661.843750000,32.000000000,30,34,10.809523810,3.145374449,2,34,32,681,21179,0
2048,1,18,32,32,32,1.000000000,690,21657,0.018298896,676.781250000,32.000000000,27,37,10.952380952,3.378260870,2,37,32,690,21657,0
2048,1,19,32,32,32,1.000000000,738,23121,0.019535891,722.531250000,32.000000000,27,60,11.714285714,5.121951220,2,60,32,738,23121,0
2048,1,20,32,32,32,1.000000000,641,20064,0.016952905,627.000000000,32.000000000,27,37,10.174603175,3.636505460,2,37,32,641,20064,0
2048,1,21,32,32,32,1.000000000,575,18010,0.015217395,562.812500000,32.000000000,26,34,9.126984127,3.725217391,2,27,32,575,18010,0
2048,1,22,32,32,31,1.032258065,689,21600,0.018250735,693.718750000,31.136537682,29,46,10.936507937,4.206095791,2,46,31,689,21600,0
2048,1,23,32,32,32,1.000000000,693,21663,0.018303966,676.968750000,32.000000000,25,41,11.000000000,3.727272727,2,41,32,693,21663,0
2048,1,24,32,32,31,1.032258065,698,21840,0.018453521,699.343750000,31.229277448,30,35,11.079365079,3.159025788,2,35,31,698,21840,0
2048,1,25,32,32,32,1.000000000,653,20371,0.017212302,636.593750000,32.000000000,24,35,10.365079365,3.376722818,2,35,32,653,20371,0
2048,1,26,32,32,30,1.066666667,708,22169,0.018731506,741.437500000,29.900025289,26,44,11.238095238,3.915254237,2,44,30,708,22169,0
2048,1,27,32,32,32,1.000000000,651,20317,0.017166675,634.906250000,32.000000000,27,38,10.333333333,3.677419355,2,38,32,651,20317,0
2048,1,28,32,32,32,1.000000000,710,22281,0.018826140,696.281250000,32.000000000,31,44,11.269841270,3.904225352,2,44,32,710,22281,0
2048,1,29,32,32,31,1.032258065,710,22156,0.018720522,729.437500000,30.374089624,28,40,11.269841270,3.549295775,2,40,31,710,22156,0
2048,1,30,32,32,32,1.000000000,740,23076,0.019497868,721.125000000,32.000000000,29,38,11.746031746,3.235135135,2,38,32,740,23076,0
2048,1,31,32,32,32,1.000000000,638,19994,0.016893759,624.812500000,32.000000000,27,36,10.126984127,3.554858934,2,36,32,638,19994,0
2048,1,32,32,32,32,1.000000000,762,23875,0.020172976,746.093750000,32.000000000,31,43,12.095238095,3.555118110,2,43,32,762,23875,0
2048,1,33,32,32,32,1.000000000,744,23336,0.019717553,729.250000000,32.000000000,30,44,11.809523810,3.725806452,2,44,32,744,23336,0
2048,1,34,32,32,32,1.000000000,783,24588,0.020775420,768.375000000,32.000000000,29,60,12.428571429,4.827586207,2,60,32,783,24588,0
2048,1,35,32,32,32,1.000000000,676,21122,0.017846853,660.062500000,32.000000000,28,43,10.730158730,4.007396450,2,43,32,676,21122,0
2048,1,36,32,32,32,1.000000000,653,20380,0.017219906,636.875000000,32.000000000,25,39,10.365079365,3.762633997,2,39,32,653,20380,0
2048,1,37,32,32,32,1.000000000,684,21335,0.018026825,666.718750000,32.000000000,29,36,10.857142857,3.315789474,2,36,32,684,21335,0
2048,1,38,32,32,32,1.000000000,717,22466,0.018982454,702.062500000,32.000000000,29,39,11.380952381,3.426778243,2,39,32,717,22466,0
2048,1,39,32,32,32,1.000000000,692,21683,0.018320865,677.593750000,32.000000000,28,44,10.984126984,4.005780347,2,44,32,692,21683,0
2048,1,40,32,32,32,1.000000000,671,20982,0.017728561,655.687500000,32.000000000,27,34,10.650793651,3.192250373,2,31,32,671,20982,0
2048,1,41,32,32,32,1.000000000,603,18867,0.015941510,589.593750000,32.000000000,24,34,9.571428571,3.552238806,2,31,32,603,18867,0
2048,1,42,32,32,32,1.000000000,686,21432,0.018108785,669.750000000,32.000000000,29,58,10.888888889,5.326530612,2,58,32,686,21432,0
2048,1,43,32,32,32,1.000000000,650,20262,0.017120203,633.187500000,32.000000000,28,35,10.317460317,3.392307692,2,30,32,650,20262,0
2048,1,44,32,32,32,1.000000000,665,20739,0.017523240,648.093750000,32.000000000,26,36,10.555555556,3.410526316,2,36,32,665,20739,0
2048,1,45,32,32,32,1.000000000,687,21539,0.018199193,673.093750000,32.000000000,25,41,10.904761905,3.759825328,2,41,32,687,21539,0
2048,1,46,32,32,32,1.000000000,674,21091,0.017820659,659.093750000,32.000000000,28,41,10.698412698,3.832344214,2,41,32,674,21091,0
2048,1,47,32,32,32,1.000000000,660,20659,0.017455645,645.593750000,32.000000000,26,60,10.476190476,5.727272727,2,60,32,660,20659,0
2048,1,48,32,32,29,1.103448276,523,16328,0.013796204,564.062500000,28.947146814,25,34,8.301587302,4.095602294,2,28,29,523,16328,0
2048,1,49,32,32,31,1.032258065,673,21041,0.017778412,671.218750000,31.347455654,29,41,10.682539683,3.838038633,2,41,31,673,21041,0
2048,1,50,32,32,32,1.000000000,718,22496,0.019007802,703.000000000,32.000000000,29,38,11.396825397,3.334261838,2,38,32,718,22496,0
2048,1,51,32,32,32,1.000000000,684,21424,0.018102025,669.500000000,32.000000000,28,37,10.857142857,3.407894737,2,37,32,684,21424,0
2048,1,52,32,32,32,1.000000000,715,22359,0.018892045,698.718750000,32.000000000,28,60,11.349206349,5.286713287,2,60,32,715,22359,0
2048,1,53,32,32,32,1.000000000,651,20357,0.017200472,636.156250000,32.000000000,27,34,10.333333333,3.290322581,2,32,32,651,20357,0
2048,1,54,32,32,31,1.032258065,648,20181,0.017051763,656.843750000,30.724201913,26,35,10.285714286,3.402777778,2,34,31,648,20181,0
2048,1,55,32,32,32,1.000000000,646,20183,0.017053453,630.718750000,32.000000000,26,36,10.253968254,3.510835913,2,33,32,646,20183,0
2048,1,56,32,32,32,1.000000000,731,22948,0.019389716,717.125000000,32.000000000,28,43,11.603174603,3.705882353,2,43,32,731,22948,0
2048,1,57,32,32,31,1.032258065,651,20345,0.017190333,667.531250000,30.477973878,26,36,10.333333333,3.483870968,2,36,31,651,20345,0
2048,1,58,32,32,31,1.032258065,622,19384,0.016378344,619.562500000,31.286593362,25,35,9.873015873,3.545016077,2,33,31,622,19384,0
2048,1,59,32,32,32,1.000000000,752,23571,0.019916114,736.593750000,32.000000000,27,60,11.936507937,5.026595745,2,60,32,752,23571,0
2048,1,60,32,32,32,1.000000000,655,20452,0.017280742,639.125000000,32.000000000,27,35,10.396825397,3.366412214,2,32,32,655,20452,0
2048,1,61,32,32,32,1.000000000,721,22605,0.019099901,706.406250000,32.000000000,27,36,11.444444444,3.145631068,2,35,32,721,22605,0
2048,1,62,32,32,32,1.000000000,647,20259,0.017117668,633.093750000,32.000000000,26,36,10.269841270,3.505409583,2,36,32,647,20259,0
2048,1,63,32,32,32,1.000000000,730,22881,0.019333105,715.031250000,32.000000000,28,35,11.587301587,3.020547945,2,34,32,730,22881,0
2048,1,64,32,32,31,1.032258065,688,21548,0.018206798,683.812500000,31.511562014,26,43,10.920634921,3.937500000,2,43,31,688,21548,0
2048,1,65,32,32,32,1.000000000,712,22272,0.018818535,696.000000000,32.000000000,29,36,11.301587302,3.185393258,2,36,32,712,22272,0
2048,1,66,32,32,32,1.000000000,741,23215,0.019615315,725.468750000,32.000000000,30,36,11.761904762,3.060728745,2,36,32,741,23215,0
2048,1,67,32,32,32,1.000000000,750,23483,0.019841759,733.843750000,32.000000000,28,42,11.904761905,3.528000000,2,42,32,750,23483,0
2048,1,68,32,32,31,1.032258065,620,19426,0.016413832,647.000000000,30.024729521,27,42,9.841269841,4.267741935,2,42,31,620,19426,0
2048,1,69,32,32,32,1.000000000,628,19720,0.016662245,616.250000000,32.000000000,28,34,9.968253968,3.410828025,2,34,32,628,19720,0
2048,1,70,32,32,32,1.000000000,670,20986,0.017731941,655.812500000,32.000000000,29,35,10.634920635,3.291044776,2,34,32,670,20986,0
2048,1,71,32,32,31,1.032258065,656,20548,0.017361856,660.718750000,31.099465544,26,40,10.412698413,3.841463415,2,40,31,656,20548,0
2048,1,72,32,32,32,1.000000000,692,21630,0.018276083,675.937500000,32.000000000,28,43,10.984126984,3.914739884,2,43,32,692,21630,0
2048,1,73,32,32,32,1.000000000,699,21763,0.018388460,680.093750000,32.000000000,27,39,11.095238095,3.515021459,2,39,32,699,21763,0
2048,1,74,32,32,31,1.032258065,699,21811,0.018429017,707.500000000,30.828268551,27,60,11.095238095,5.407725322,2,60,31,699,21811,0
2048,1,75,32,32,31,1.032258065,696,21691,0.018327624,703.062500000,30.852164637,30,36,11.047619048,3.258620690,2,36,31,696,21691,0
2048,1,76,32,32,32,1.000000000,702,21918,0.018519426,684.937500000,32.000000000,26,58,11.142857143,5.205128205,2,58,32,702,21918,0
2048,1,77,32,32,32,1.000000000,685,21355,0.018043724,667.343750000,32.000000000,28,51,10.873015873,4.690510949,2,51,32,685,21355,0
2048,1,78,32,32,32,1.000000000,768,24119,0.020379142,753.718750000,32.000000000,26,44,12.190476190,3.609375000,2,44,32,768,24119,0
2048,1,79,32,32,32,1.000000000,661,20518,0.017336508,641.187500000,32.000000000,26,35,10.492063492,3.335854766,2,32,32,661,20518,0
2048,1,80,32,32,32,1.000000000,730,22840,0.019298462,713.750000000,32.000000000,29,46,11.587301587,3.969863014,2,46,32,730,22840,0
2048,1,81,32,32,31,1.032258065,588,18418,0.015562131,593.437500000,31.036124276,25,35,9.333333333,3.750000000,2,34,31,588,18418,0
2048,1,82,32,32,32,1.000000000,633,19792,0.016723081,618.500000000,32.000000000,26,36,10.047619048,3.582938389,2,36,32,633,19792,0
2048,1,83,32,32,32,1.000000000,593,18531,0.015657609,579.093750000,32.000000000,25,34,9.412698413,3.612141653,3,34,32,593,18531,0
2048,1,84,32,32,32,1.000000000,661,20616,0.017419312,644.250000000,32.000000000,26,34,10.492063492,3.240544629,2,34,32,661,20616,0
2048,1,85,32,32,32,1.000000000,678,21152,0.017872201,661.000000000,32.000000000,28,41,10.761904762,3.809734513,2,41,32,678,21152,0
2048,1,86,32,32,32,1.000000000,653,20403,0.017239340,637.593750000,32.000000000,27,35,10.365079365,3.376722818,2,34,32,653,20403,0
2048,1,87,32,32,32,1.000000000,634,19752,0.016689283,617.250000000,32.000000000,26,46,10.063492063,4.570977918,2,46,32,634,19752,0
2048,1,88,32,32,31,1.032258065,636,19846,0.016768707,668.062500000,29.706801385,26,48,10.095238095,4.754716981,2,48,31,636,19846,0
2048,1,89,32,32,32,1.000000000,699,21930,0.018529565,685.312500000,32.000000000,27,43,11.095238095,3.875536481,2,43,32,699,21930,0
2048,1,90,32,32,32,1.000000000,621,19298,0.016305680,603.062500000,32.000000000,24,34,9.857142857,3.449275362,2,34,32,621,19298,0
2048,1,91,32,32,32,1.000000000,687,21394,0.018076677,668.562500000,32.000000000,28,43,10.904761905,3.943231441,2,43,32,687,21394,0
2048,1,92,32,32,32,1.000000000,653,20394,0.017231735,637.312500000,32.000000000,28,48,10.365079365,4.630934150,2,48,32,653,20394,0
2048,1,93,32,32,32,1.000000000,711,22370,0.018901340,699.062500000,32.000000000,27,36,11.285714286,3.189873418,2,36,32,711,22370,0
2048,1,94,32,32,30,1.066666667,572,17798,0.015038267,587.750000000,30.281582305,26,33,9.079365079,3.634615385,2,32,30,572,17798,0
2048,1,95,32,32,32,1.000000000,718,22501,0.019012027,703.156250000,32.000000000,28,58,11.396825397,5.089136490,2,58,32,718,22501,0
2048,1,96,32,32,31,1.032258065,655,20504,0.017324679,666.343750000,30.770904657,26,58,10.396825397,5.578625954,2,58,31,655,20504,0
2048,1,97,32,32,32,1.000000000,645,20108,0.016990082,628.375000000,32.000000000,26,37,10.238095238,3.613953488,2,37,32,645,20108,0
2048,1,98,32,32,32,1.000000000,667,20844,0.017611959,651.375000000,32.000000000,27,34,10.587301587,3.211394303,2,34,32,667,20844,0
2048,1,99,32,32,32,1.000000000,633,19682,0.016630137,615.062500000,32.000000000,27,38,10.047619048,3.781990521,2,38,32,633,19682,0
2048,1,100,32,32,32,1.000000000,588,18405,0.015551147,575.156250000,32.000000000,25,33,9.333333333,3.535714286,2,29,32,588,18405,0
2048,1,101,32,32,32,1.000000000,704,22047,0.018628423,688.968750000,32.000000000,29,35,11.174603175,3.132102273,2,35,32,704,22047,0
2048,1,102,32,32,32,1.000000000,653,20463,0.017290036,639.468750000,32.000000000,28,35,10.365079365,3.376722818,2,33,32,653,20463,0
2048,1,103,32,32,32,1.000000000,696,21763,0.018388460,680.093750000,32.000000000,28,44,11.047619048,3.982758621,2,44,32,696,21763,0
2048,1,104,32,32,32,1.000000000,671,21023,0.017763203,656.968750000,32.000000000,27,36,10.650793651,3.380029806,2,36,32,671,21023,0
2048,1,105,32,32,31,1.032258065,672,21044,0.017780947,686.906250000,30.635912834,26,58,10.666666667,5.437500000,2,58,31,672,21044,0
2048,1,106,32,32,32,1.000000000,733,22959,0.019399010,717.468750000,32.000000000,30,36,11.634920635,3.094133697,2,36,32,733,22959,0
2048,1,107,32,32,32,1.000000000,709,22145,0.018711228,692.031250000,32.000000000,29,38,11.253968254,3.376586742,2,38,32,709,22145,0
2048,1,108,32,32,32,1.000000000,726,22725,0.019201294,710.156250000,32.000000000,29,39,11.523809524,3.384297521,2,39,32,726,22725,0
2048,1,109,32,32,32,1.000000000,653,20328,0.017175969,635.250000000,32.000000000,28,36,10.365079365,3.473200613,2,36,32,653,20328,0
2048,1,110,32,32,32,1.000000000,735,23003,0.019436187,718.843750000,32.000000000,30,46,11.666666667,3.942857143,2,46,32,735,23003,0
2048,1,111,32,32,31,1.032258065,636,19821,0.016747584,654.781250000,30.271178352,26,36,10.095238095,3.566037736,2,36,31,636,19821,0
2048,1,112,32,32,31,1.032258065,697,21732,0.018362267,695.218750000,31.259225963,29,37,11.063492063,3.344332855,2,37,31,697,21732,0
2048,1,113,32,32,32,1.000000000,695,21774,0.018397754,680.437500000,32.000000000,30,36,11.031746032,3.263309353,2,36,32,695,21774,0
2048,1,114,32,32,32,1.000000000,730,22847,0.019304377,713.968750000,32.000000000,28,35,11.587301587,3.020547945,2,35,32,730,22847,0
2048,1,115,32,32,32,1.000000000,653,20366,0.017208077,636.437500000,32.000000000,28,40,10.365079365,3.859111792,2,40,32,653,20366,0
2048,1,116,32,32,31,1.032258065,597,18699,0.015799560,610.062500000,30.650957894,27,37,9.476190476,3.904522613,2,37,31,597,18699,0
2048,1,117,32,32,32,1.000000000,704,22075,0.018652082,689.843750000,32.000000000,28,42,11.174603175,3.758522727,2,42,32,704,22075,0
2048,1,118,32,32,32,1.000000000,691,21618,0.018265944,675.562500000,32.000000000,28,36,10.968253968,3.282199711,2,36,32,691,21618,0
2048,1,119,32,32,32,1.000000000,672,20961,0.017710817,655.031250000,32.000000000,27,37,10.666666667,3.468750000,2,37,32,672,20961,0
2048,1,120,32,32,32,1.000000000,711,22320,0.018859092,697.500000000,32.000000000,29,43,11.285714286,3.810126582,2,43,32,711,22320,0
2048,1,121,32,32,32,1.000000000,696,21761,0.018386770,680.031250000,32.000000000,29,36,11.047619048,3.258620690,2,36,32,696,21761,0
2048,1,122,32,32,32,1.000000000,702,21955,0.018550689,686.093750000,32.000000000,28,42,11.142857143,3.769230769,2,42,32,702,21955,0
2048,1,123,32,32,31,1.032258065,667,20927,0.017682089,686.281250000,30.493329083,27,37,10.587301587,3.494752624,2,37,31,667,20927,0
2048,1,124,32,32,32,1.000000000,656,20458,0.017285812,639.312500000,32.000000000,25,43,10.412698413,4.129573171,3,43,32,656,20458,0
2048,1,125,32,32,32,1.000000000,639,19885,0.016801660,621.406250000,32.000000000,27,37,10.142857143,3.647887324,2,37,32,639,19885,0
2048,1,126,32,32,32,1.000000000,611,19065,0.016108808,595.781250000,32.000000000,23,34,9.698412698,3.505728314,2,34,32,611,19065,0
2048,1,127,32,32,32,1.000000000,714,22381,0.018910634,699.406250000,32.000000000,29,40,11.333333333,3.529411765,2,40,32,714,22381,0
2048,1,128,32,32,32,1.000000000,691,21558,0.018215247,673.687500000,32.000000000,27,35,10.968253968,3.191027496,2,33,32,691,21558,0
2048,1,129,32,32,32,1.000000000,657,20463,0.017290036,639.468750000,32.000000000,27,43,10.428571429,4.123287671,2,43,32,657,20463,0
2048,1,130,32,32,32,1.000000000,687,21553,0.018211022,673.531250000,32.000000000,29,48,10.904761905,4.401746725,2,48,32,687,21553,0
2048,1,131,32,32,32,1.000000000,663,20616,0.017419312,644.250000000,32.000000000,26,35,10.523809524,3.325791855,2,34,32,663,20616,0
2048,1,132,32,32,32,1.000000000,701,21938,0.018536325,685.562500000,32.000000000,28,58,11.126984127,5.212553495,2,58,32,701,21938,0
2048,1,133,32,32,32,1.000000000,695,21704,0.018338609,678.250000000,32.000000000,28,39,11.031746032,3.535251799,2,39,32,695,21704,0
2048,1,134,32,32,32,1.000000000,640,20019,0.016914882,625.593750000,32.000000000,28,32,10.158730159,3.150000000,2,31,32,640,20019,0
2048,1,135,32,32,31,1.032258065,714,22343,0.018878526,717.312500000,31.148209462,28,44,11.333333333,3.882352941,2,44,31,714,22343,0
2048,1,136,32,32,32,1.000000000,664,20830,0.017600130,650.937500000,32.000000000,28,40,10.539682540,3.795180723,2,40,32,664,20830,0
2048,1,137,32,32,31,1.032258065,755,23686,0.020013282,770.843750000,30.727368549,31,48,11.984126984,4.005298013,1,48,31,755,23686,0
2048,1,138,32,32,31,1.032258065,707,22163,0.018726437,709.031250000,31.258142712,28,48,11.222222222,4.277227723,2,48,31,707,22163,0
2048,1,139,32,32,31,1.032258065,663,20693,0.017484373,680.062500000,30.428085654,26,37,10.523809524,3.515837104,2,37,31,663,20693,0
2048,1,140,32,32,32,1.000000000,727,22823,0.019284098,713.218750000,32.000000000,29,42,11.539682540,3.639614856,2,42,32,727,22823,0
2048,1,141,32,32,32,1.000000000,715,22439,0.018959641,701.218750000,32.000000000,28,48,11.349206349,4.229370629,2,48,32,715,22439,0
2048,1,142,32,32,30,1.066666667,586,18277,0.015442994,614.593750000,29.738343418,27,38,9.301587302,4.085324232,2,38,30,586,18277,0
2048,1,143,32,32,32,1.000000000,699,21885,0.018491543,683.906250000,32.000000000,29,43,11.095238095,3.875536481,2,43,32,699,21885,0
2048,1,144,32,32,32,1.000000000,671,20950,0.017701523,654.687500000,32.000000000,27,40,10.650793651,3.755588674,2,40,32,671,20950,0
2048,1,145,32,32,31,1.032258065,628,19661,0.016612393,635.906250000,30.918079513,24,43,9.968253968,4.313694268,2,43,31,628,19661,0
2048,1,146,32,32,31,1.032258065,661,20723,0.017509721,664.093750000,31.204931533,28,41,10.492063492,3.907715582,2,41,31,661,20723,0
2048,1,147,32,32,32,1.000000000,699,21937,0.018535480,685.531250000,32.000000000,29,48,11.095238095,4.326180258,2,48,32,699,21937,0
2048,1,148,32,32,32,1.000000000,797,24980,0.021106637,780.625000000,32.000000000,30,48,12.650793651,3.794228356,2,48,32,797,24980,0
2048,1,149,32,32,30,1.066666667,597,18678,0.015781816,622.156250000,30.021397358,25,36,9.476190476,3.798994975,2,36,30,597,18678,0
2048,1,150,32,32,32,1.000000000,614,19273,0.016284556,602.281250000,32.000000000,26,35,9.746031746,3.591205212,2,35,32,614,19273,0
2048,1,151,32,32,31,1.032258065,605,18867,0.015941510,621.593750000,30.352621789,27,34,9.603174603,3.540495868,2,33,31,605,18867,0
2048,1,152,32,32,32,1.000000000,698,21799,0.018418878,681.218750000,32.000000000,27,35,11.079365079,3.159025788,2,34,32,698,21799,0
2048,1,153,32,32,32,1.000000000,671,20922,0.017677864,653.812500000,32.000000000,27,36,10.650793651,3.380029806,2,36,32,671,20922,0
2048,1,154,32,32,32,1.000000000,662,20715,0.017502962,647.343750000,32.000000000,28,39,10.507936508,3.711480363,2,39,32,662,20715,0
2048,1,155,32,32,32,1.000000000,695,21694,0.018330159,677.937500000,32.000000000,25,34,11.031746032,3.082014388,2,34,32,695,21694,0
2048,1,156,32,32,32,1.000000000,671,20941,0.017693918,654.406250000,32.000000000,29,34,10.650793651,3.192250373,2,34,32,671,20941,0
2048,1,157,32,32,31,1.032258065,686,21495,0.018162016,688.687500000,31.211543697,25,51,10.888888889,4.683673469,2,51,31,686,21495,0
2048,1,158,32,32,32,1.000000000,679,21227,0.017935572,663.343750000,32.000000000,28,35,10.777777778,3.247422680,2,32,32,679,21227,0
2048,1,159,32,32,32,1.000000000,676,21080,0.017811365,658.750000000,32.000000000,29,35,10.730158730,3.261834320,2,32,32,676,21080,0
2048,1,160,32,32,31,1.032258065,681,21255,0.017959230,695.406250000,30.564867658,28,35,10.809523810,3.237885463,2,35,31,681,21255,0
2048,1,161,32,32,31,1.032258065,672,21029,0.017768273,678.312500000,31.001934949,30,35,10.666666667,3.281250000,2,35,31,672,21029,0
2048,1,162,32,32,31,1.032258065,699,21843,0.018456055,700.718750000,31.172278464,28,38,11.095238095,3.424892704,2,38,31,699,21843,0
2048,1,163,32,32,32,1.000000000,672,20974,0.017721801,655.437500000,32.000000000,28,35,10.666666667,3.281250000,2,35,32,672,20974,0
2048,1,164,32,32,32,1.000000000,643,20056,0.016946145,626.750000000,32.000000000,26,43,10.206349206,4.213063764,2,43,32,643,20056,0
2048,1,165,32,32,32,1.000000000,709,22179,0.018739956,693.093750000,32.000000000,28,38,11.253968254,3.376586742,2,38,32,709,22179,0
2048,1,166,32,32,32,1.000000000,638,20026,0.016920797,625.812500000,32.000000000,27,34,10.126984127,3.357366771,2,33,32,638,20026,0
2048,1,167,32,32,31,1.032258065,672,20924,0.017679554,672.218750000,31.126772349,28,44,10.666666667,4.125000000,2,44,31,672,20924,0
2048,1,168,32,32,32,1.000000000,720,22524,0.019031461,703.875000000,32.000000000,28,37,11.428571429,3.237500000,2,37,32,720,22524,0
2048,1,169,32,32,31,1.032258065,745,23420,0.019788528,752.062500000,31.141028837,29,40,11.825396825,3.382550336,2,40,31,745,23420,0
2048,1,170,32,32,30,1.066666667,620,19436,0.016422281,651.656250000,29.825540690,26,34,9.841269841,3.454838710,2,34,30,620,19436,0
2048,1,171,32,32,32,1.000000000,699,21876,0.018483939,683.625000000,32.000000000,28,37,11.095238095,3.334763948,2,37,32,699,21876,0
2048,1,172,32,32,32,1.000000000,723,22645,0.019133698,707.656250000,32.000000000,26,41,11.476190476,3.572614108,2,41,32,723,22645,0
2048,1,173,32,32,32,1.000000000,724,22657,0.019143838,708.031250000,32.000000000,28,45,11.492063492,3.915745856,2,45,32,724,22657,0
2048,1,174,32,32,31,1.032258065,658,20586,0.017393964,664.062500000,31.000094118,28,43,10.444444444,4.117021277,2,43,31,658,20586,0
2048,1,175,32,32,32,1.000000000,641,19932,0.016841372,622.875000000,32.000000000,28,40,10.174603175,3.931357254,2,40,32,641,19932,0
2048,1,176,32,32,30,1.066666667,616,19243,0.016259208,641.218750000,30.010039476,25,35,9.777777778,3.579545455,2,35,30,616,19243,0
2048,1,177,32,32,31,1.032258065,651,20304,0.017155691,655.781250000,30.961543960,29,36,10.333333333,3.483870968,2,36,31,651,20304,0
2048,1,178,32,32,32,1.000000000,646,20093,0.016977408,627.906250000,32.000000000,28,36,10.253968254,3.510835913,2,36,32,646,20093,0
2048,1,179,32,32,32,1.000000000,631,19635,0.016590425,613.593750000,32.000000000,29,33,10.015873016,3.294770206,2,33,32,631,19635,0
2048,1,180,32,32,32,1.000000000,666,20796,0.017571402,649.875000000,32.000000000,26,33,10.571428571,3.121621622,2,32,32,666,20796,0
2048,1,181,32,32,31,1.032258065,667,20854,0.017620408,663.750000000,31.418455744,28,36,10.587301587,3.400299850,3,36,31,667,20854,0
2048,1,182,32,32,32,1.000000000,674,21041,0.017778412,657.531250000,32.000000000,26,41,10.698412698,3.832344214,2,41,32,674,21041,0
2048,1,183,32,32,31,1.032258065,659,20637,0.017437056,663.250000000,31.114964191,27,38,10.460317460,3.632776935,2,38,31,659,20637,0
2048,1,184,32,32,32,1.000000000,710,22232,0.018784738,694.750000000,32.000000000,29,35,11.269841270,3.105633803,2,35,32,710,22232,0
2048,1,185,32,32,32,1.000000000,670,20978,0.017725181,655.562500000,32.000000000,29,41,10.634920635,3.855223881,2,41,32,670,20978,0
2048,1,186,32,32,32,1.000000000,695,21739,0.018368182,679.343750000,32.000000000,27,36,11.031746032,3.263309353,2,36,32,695,21739,0
2048,1,187,32,32,32,1.000000000,700,21894,0.018499147,684.187500000,32.000000000,26,43,11.111111111,3.870000000,2,43,32,700,21894,0
2048,1,188,32,32,32,1.000000000,740,23202,0.019604331,725.062500000,32.000000000,27,51,11.746031746,4.341891892,2,51,32,740,23202,0
2048,1,189,32,32,32,1.000000000,685,21338,0.018029360,666.812500000,32.000000000,27,35,10.873015873,3.218978102,2,34,32,685,21338,0
2048,1,190,32,32,32,1.000000000,690,21545,0.018204263,673.281250000,32.000000000,27,43,10.952380952,3.926086957,2,43,32,690,21545,0
2048,1,191,32,32,32,1.000000000,625,19414,0.016403693,606.687500000,32.000000000,27,35,9.920634921,3.528000000,2,35,32,625,19414,0
2048,1,192,32,32,32,1.000000000,743,23305,0.019691360,728.281250000,32.000000000,31,58,11.793650794,4.917900404,2,58,32,743,23305,0
2048,1,193,32,32,32,1.000000000,655,20463,0.017290036,639.468750000,32.000000000,29,58,10.396825397,5.578625954,2,58,32,655,20463,0
2048,1,194,32,32,31,1.032258065,645,20143,0.017019655,654.687500000,30.767350835,27,43,10.238095238,4.200000000,2,43,31,645,20143,0
2048,1,195,32,32,30,1.066666667,613,19141,0.016173024,651.656250000,29.372848031,27,37,9.730158730,3.802610114,2,37,30,613,19141,0
2048,1,196,32,32,32,1.000000000,688,21484,0.018152721,671.375000000,32.000000000,28,51,10.920634921,4.670058140,2,51,32,688,21484,0
2048,1,197,32,32,32,1.000000000,655,20390,0.017228356,637.187500000,32.000000000,27,37,10.396825397,3.558778626,2,37,32,655,20390,0
2048,1,198,32,32,32,1.000000000,604,18801,0.015885744,587.531250000,32.000000000,26,33,9.587301587,3.442052980,2,33,32,604,18801,0
2048,1,199,32,32,32,1.000000000,652,20318,0.017167520,634.937500000,32.000000000,28,35,10.349206349,3.381901840,2,35,32,652,20318,0
2048,1,200,32,32,31,1.032258065,556,17307,0.014623401,550.937500000,31.413726602,26,36,8.825396825,4.079136691,2,36,31,556,17307,0
2048,1,201,32,32,32,1.000000000,697,21823,0.018439157,681.968750000,32.000000000,28,43,11.063492063,3.886657102,2,43,32,697,21823,0
2048,1,202,32,32,30,1.066666667,647,20278,0.017133722,677.062500000,29.949967691,25,40,10.269841270,3.894899536,2,40,30,647,20278,0
2048,1,203,32,32,32,1.000000000,648,20166,0.017039089,630.187500000,32.000000000,26,38,10.285714286,3.694444444,2,38,32,648,20166,0
2048,1,204,32,32,32,1.000000000,671,20971,0.017719267,655.343750000,32.000000000,27,37,10.650793651,3.473919523,2,37,32,671,20971,0
2048,1,205,32,32,32,1.000000000,698,21908,0.018510977,684.625000000,32.000000000,28,43,11.079365079,3.881088825,2,43,32,698,21908,0
2048,1,206,32,32,32,1.000000000,589,18406,0.015551992,575.187500000,32.000000000,26,34,9.349206349,3.636672326,2,34,32,589,18406,0
2048,1,207,32,32,32,1.000000000,687,21527,0.018189054,672.718750000,32.000000000,26,51,10.904761905,4.676855895,2,51,32,687,21527,0
2048,1,208,32,32,31,1.032258065,670,20854,0.017620408,662.000000000,31.501510574,27,43,10.634920635,4.043283582,2,43,31,670,20854,0
2048,1,209,32,32,32,1.000000000,681,21319,0.018013306,666.218750000,32.000000000,26,60,10.809523810,5.550660793,3,60,32,681,21319,0
2048,1,210,32,32,32,1.000000000,758,23701,0.020025957,740.656250000,32.000000000,29,43,12.031746032,3.573878628,2,43,32,758,23701,0
2048,1,211,32,32,32,1.000000000,677,21158,0.017877271,661.187500000,32.000000000,26,43,10.746031746,4.001477105,3,43,32,677,21158,0
2048,1,212,32,32,32,1.000000000,714,22388,0.018916549,699.625000000,32.000000000,29,38,11.333333333,3.352941176,2,38,32,714,22388,0
2048,1,213,32,32,32,1.000000000,660,20545,0.017359321,642.031250000,32.000000000,26,36,10.476190476,3.436363636,2,36,32,660,20545,0
2048,1,214,32,32,32,1.000000000,672,20946,0.017698143,654.562500000,32.000000000,28,36,10.666666667,3.375000000,2,36,32,672,20946,0
2048,1,215,32,32,31,1.032258065,713,22340,0.018875991,722.281250000,30.929779778,27,43,11.317460317,3.799438990,2,43,31,713,22340,0
2048,1,216,32,32,32,1.000000000,740,23165,0.019573068,723.906250000,32.000000000,31,37,11.746031746,3.150000000,2,37,32,740,23165,0
2048,1,217,32,32,31,1.032258065,665,20906,0.017664345,686.562500000,30.450250341,26,48,10.555555556,4.547368421,2,48,31,665,20906,0
2048,1,218,32,32,31,1.032258065,564,17582,0.014855760,560.531250000,31.366672242,25,34,8.952380952,3.797872340,2,34,31,564,17582,0
2048,1,219,32,32,30,1.066666667,702,22025,0.018609835,740.406250000,29.747182712,26,48,11.142857143,4.307692308,3,48,30,702,22025,0
2048,1,220,32,32,31,1.032258065,665,20737,0.017521550,680.312500000,30.481580156,26,38,10.555555556,3.600000000,2,38,31,665,20737,0
2048,1,221,32,32,32,1.000000000,622,19471,0.016451854,608.468750000,32.000000000,26,58,9.873015873,5.874598071,2,58,32,622,19471,0
2048,1,222,32,32,31,1.032258065,660,20563,0.017374530,667.937500000,30.785814541,27,58,10.476190476,5.536363636,2,58,31,660,20563,0
2048,1,223,32,32,31,1.032258065,562,17507,0.014792389,561.968750000,31.152977812,24,45,8.920634921,5.044483986,2,45,31,562,17507,0
2048,1,224,32,32,31,1.032258065,669,20934,0.017688004,681.000000000,30.740088106,28,40,10.619047619,3.766816143,2,40,31,669,20934,0
2048,1,225,32,32,32,1.000000000,650,20337,0.017183574,635.531250000,32.000000000,26,37,10.317460317,3.586153846,2,37,32,650,20337,0
2048,1,226,32,32,32,1.000000000,674,21046,0.017782637,657.687500000,32.000000000,28,36,10.698412698,3.364985163,2,35,32,674,21046,0
2048,1,227,32,32,32,1.000000000,674,21056,0.017791087,658.000000000,32.000000000,26,34,10.698412698,3.178041543,2,33,32,674,21056,0
2048,1,228,32,32,32,1.000000000,705,22186,0.018745870,693.312500000,32.000000000,29,46,11.190476190,4.110638298,2,46,32,705,22186,0
2048,1,229,32,32,31,1.032258065,618,19309,0.016314974,637.250000000,30.300510004,26,38,9.809523810,3.873786408,2,38,31,618,19309,0
2048,1,230,32,32,32,1.000000000,662,20681,0.017474234,646.281250000,32.000000000,29,40,10.507936508,3.806646526,2,40,32,662,20681,0
2048,1,231,32,32,32,1.000000000,751,23662,0.019993004,739.437500000,32.000000000,30,44,11.920634921,3.691078562,2,44,32,751,23662,0
2048,1,232,32,32,32,1.000000000,771,24124,0.020383367,753.875000000,32.000000000,30,60,12.238095238,4.902723735,2,60,32,771,24124,0
2048,1,233,32,32,32,1.000000000,647,20238,0.017099924,632.437500000,32.000000000,27,38,10.269841270,3.700154560,2,38,32,647,20238,0
2048,1,234,32,32,32,1.000000000,634,19735,0.016674919,616.718750000,32.000000000,30,30,10.063492063,2.981072555,2,30,32,634,19735,0
2048,1,235,32,32,31,1.032258065,651,20359,0.017202162,656.343750000,31.018806837,26,51,10.333333333,4.935483871,2,51,31,651,20359,0
2048,1,236,32,32,32,1.000000000,681,21363,0.018050484,667.593750000,32.000000000,28,35,10.809523810,3.237885463,2,32,32,681,21363,0
2048,1,237,32,32,32,1.000000000,632,19659,0.016610703,614.343750000,32.000000000,26,42,10.031746032,4.186708861,2,42,32,632,19659,0
2048,1,238,32,32,30,1.066666667,714,22351,0.018885286,759.531250000,29.427360625,28,42,11.333333333,3.705882353,2,42,30,714,22351,0
2048,1,239,32,32,32,1.000000000,633,19751,0.016688438,617.218750000,32.000000000,25,37,10.047619048,3.682464455,2,37,32,633,19751,0
2048,1,240,32,32,31,1.032258065,769,24183,0.020433218,786.750000000,30.737845567,29,43,12.206349206,3.522756827,2,43,31,769,24183,0
2048,1,241,32,32,31,1.032258065,641,20012,0.016908968,647.625000000,30.900598340,25,51,10.174603175,5.012480499,2,51,31,641,20012,0
2048,1,242,32,32,31,1.032258065,680,21303,0.017999787,687.906250000,30.967882615,26,51,10.793650794,4.725000000,2,51,31,680,21303,0
2048,1,243,32,32,32,1.000000000,651,20350,0.017194558,635.937500000,32.000000000,26,36,10.333333333,3.483870968,2,36,32,651,20350,0
2048,1,244,32,32,31,1.032258065,684,21294,0.017992183,687.687500000,30.964646006,29,42,10.857142857,3.868421053,2,42,31,684,21294,0
2048,1,245,32,32,31,1.032258065,643,20074,0.016961354,647.875000000,30.984371985,28,34,10.206349206,3.331259720,2,33,31,643,20074,0
2048,1,246,32,32,32,1.000000000,714,22242,0.018793187,695.062500000,32.000000000,30,37,11.333333333,3.264705882,2,37,32,714,22242,0
2048,1,247,32,32,31,1.032258065,703,22006,0.018593781,718.000000000,30.649025070,28,37,11.158730159,3.315789474,2,37,31,703,22006,0
2048,1,248,32,32,32,1.000000000,694,21635,0.018280308,676.093750000,32.000000000,30,60,11.015873016,5.446685879,2,60,32,694,21635,0
2048,1,249,32,32,32,1.000000000,673,20991,0.017736165,655.968750000,32.000000000,27,42,10.682539683,3.931649331,2,42,32,673,20991,0
2048,1,250,32,32,32,1.000000000,678,21191,0.017905154,662.218750000,32.000000000,28,37,10.761904762,3.438053097,2,37,32,678,21191,0
2048,1,251,32,32,32,1.000000000,665,20798,0.017573092,649.937500000,32.000000000,29,41,10.555555556,3.884210526,2,41,32,665,20798,0
2048,1,252,32,32,32,1.000000000,674,20998,0.017742080,656.187500000,32.000000000,25,60,10.698412698,5.608308605,2,60,32,674,20998,0
2048,1,253,32,32,32,1.000000000,739,23102,0.019519837,721.937500000,32.000000000,30,45,11.730158730,3.836265223,2,45,32,739,23102,0
2048,1,254,32,32,32,1.000000000,711,22303,0.018844728,696.968750000,32.000000000,29,37,11.285714286,3.278481013,2,37,32,711,22303,0
2048,1,255,32,32,31,1.032258065,734,23103,0.019520682,757.531250000,30.497751743,29,60,11.650793651,5.149863760,2,60,31,734,23103,0
2048,1,256,32,32,32,1.000000000,705,22029,0.018613215,688.406250000,32.000000000,28,42,11.190476190,3.753191489,2,42,32,705,22029,0
2048,1,257,32,32,32,1.000000000,660,20661,0.017457335,645.656250000,32.000000000,27,60,10.476190476,5.727272727,2,60,32,660,20661,0
2048,1,258,32,32,32,1.000000000,633,19732,0.016672384,616.625000000,32.000000000,25,36,10.047619048,3.582938389,3,33,32,633,19732,0
2048,1,259,32,32,32,1.000000000,704,22013,0.018599695,687.906250000,32.000000000,28,42,11.174603175,3.758522727,2,42,32,704,22013,0
2048,1,260,32,32,32,1.000000000,700,21842,0.018455211,682.562500000,32.000000000,28,32,11.111111111,2.880000000,2,32,32,700,21842,0
2048,1,261,32,32,32,1.000000000,635,19897,0.016811799,621.781250000,32.000000000,27,37,10.079365079,3.670866142,2,37,32,635,19897,0
2048,1,262,32,32,32,1.000000000,650,20290,0.017143861,634.062500000,32.000000000,27,42,10.317460317,4.070769231,2,42,32,650,20290,0
2048,1,263,32,32,31,1.032258065,691,21585,0.018238061,701.625000000,30.764297167,29,45,10.968253968,4.102749638,2,45,31,691,21585,0
2048,1,264,32,32,31,1.032258065,677,21184,0.017899239,680.718750000,31.120047744,27,43,10.746031746,4.001477105,2,43,31,677,21184,0
2048,1,265,32,32,31,1.032258065,719,22507,0.019017097,721.968750000,31.174479505,28,60,11.412698413,5.257301808,2,60,31,719,22507,0
2048,1,266,32,32,31,1.032258065,620,19300,0.016307369,620.406250000,31.108648567,27,43,9.841269841,4.369354839,2,43,31,620,19300,0
2048,1,267,32,32,32,1.000000000,730,22843,0.019300997,713.843750000,32.000000000,29,38,11.587301587,3.279452055,2,38,32,730,22843,0
2048,1,268,32,32,31,1.032258065,619,19293,0.016301455,625.750000000,30.831801838,26,39,9.825396825,3.969305331,2,39,31,619,19293,0
2048,1,269,32,32,32,1.000000000,576,17920,0.015141350,560.000000000,32.000000000,23,37,9.142857143,4.046875000,2,37,32,576,17920,0
2048,1,270,32,32,31,1.032258065,580,18130,0.015318788,583.000000000,31.097770154,26,35,9.206349206,3.801724138,2,29,31,580,18130,0
2048,1,271,32,32,32,1.000000000,670,20976,0.017723491,655.500000000,32.000000000,30,34,10.634920635,3.197014925,2,34,32,670,20976,0
2048,1,272,32,32,31,1.032258065,657,20559,0.017371151,662.281250000,31.042702779,26,60,10.428571429,5.753424658,2,60,31,657,20559,0
2048,1,273,32,32,32,1.000000000,763,23950,0.020236347,748.437500000,32.000000000,29,36,12.111111111,2.972477064,2,36,32,763,23950,0
2048,1,274,32,32,32,1.000000000,626,19565,0.016531279,611.406250000,32.000000000,25,39,9.936507937,3.924920128,2,39,32,626,19565,0
2048,1,275,32,32,32,1.000000000,679,21143,0.017864596,660.718750000,32.000000000,27,36,10.777777778,3.340206186,2,36,32,679,21143,0
2048,1,276,32,32,32,1.000000000,705,22074,0.018651237,689.812500000,32.000000000,29,58,11.190476190,5.182978723,2,58,32,705,22074,0
2048,1,277,32,32,32,1.000000000,684,21469,0.018140047,670.906250000,32.000000000,28,44,10.857142857,4.052631579,2,44,32,684,21469,0
2048,1,278,32,32,32,1.000000000,675,21113,0.017839248,659.781250000,32.000000000,28,43,10.714285714,4.013333333,2,43,32,675,21113,0
2048,1,279,32,32,32,1.000000000,656,20551,0.017364391,642.218750000,32.000000000,27,34,10.412698413,3.265243902,2,34,32,656,20551,0
2048,1,280,32,32,31,1.032258065,647,20226,0.017089785,665.500000000,30.392186326,27,37,10.269841270,3.602782071,2,37,31,647,20226,0
2048,1,281,32,32,32,1.000000000,649,20286,0.017140482,633.937500000,32.000000000,26,36,10.301587302,3.494607088,2,36,32,649,20286,0
2048,1,282,32,32,32,1.000000000,685,21383,0.018067382,668.218750000,32.000000000,29,58,10.873015873,5.334306569,2,58,32,685,21383,0
2048,1,283,32,32,31,1.032258065,610,18981,0.016037833,616.656250000,30.780519941,25,36,9.682539683,3.718032787,2,36,31,610,18981,0
2048,1,284,32,32,32,1.000000000,650,20356,0.017199628,636.125000000,32.000000000,29,40,10.317460317,3.876923077,2,40,32,650,20356,0
2048,1,285,32,32,32,1.000000000,673,21086,0.017816435,658.937500000,32.000000000,29,37,10.682539683,3.463595840,2,37,32,673,21086,0
2048,1,286,32,32,32,1.000000000,598,18586,0.015704081,580.812500000,32.000000000,27,34,9.492063492,3.581939799,2,34,32,598,18586,0
2048,1,287,32,32,32,1.000000000,635,19922,0.016832923,622.562500000,32.000000000,27,34,10.079365079,3.373228346,2,33,32,635,19922,0
2048,1,288,32,32,31,1.032258065,656,20457,0.017284967,661.750000000,30.913486966,27,34,10.412698413,3.265243902,2,34,31,656,20457,0
2048,1,289,32,32,32,1.000000000,661,20562,0.017373685,642.562500000,32.000000000,27,39,10.492063492,3.717095310,2,39,32,661,20562,0
2048,1,290,32,32,32,1.000000000,687,21386,0.018069917,668.312500000,32.000000000,27,38,10.904761905,3.484716157,2,38,32,687,21386,0
2048,1,291,32,32,32,1.000000000,688,21469,0.018140047,670.906250000,32.000000000,27,41,10.920634921,3.754360465,2,41,32,688,21469,0
2048,1,292,32,32,31,1.032258065,754,23630,0.019965966,766.562500000,30.825927436,29,36,11.968253968,3.007957560,2,36,31,754,23630,0
2048,1,293,32,32,32,1.000000000,662,20727,0.017513101,647.718750000,32.000000000,27,45,10.507936508,4.282477341,2,45,32,662,20727,0
2048,1,294,32,32,31,1.032258065,606,18978,0.016035298,619.750000000,30.622025010,26,39,9.619047619,4.054455446,2,39,31,606,18978,0
2048,1,295,32,32,31,1.032258065,641,20070,0.016957974,648.250000000,30.960277671,27,44,10.174603175,4.324492980,2,44,31,641,20070,0
2048,1,296,32,32,32,1.000000000,671,20937,0.017690539,654.281250000,32.000000000,28,38,10.650793651,3.567809240,2,38,32,671,20937,0
2048,1,297,32,32,32,1.000000000,749,23442,0.019807117,732.562500000,32.000000000,28,48,11.888888889,4.037383178,2,48,32,749,23442,0
2048,1,298,32,32,31,1.032258065,607,18890,0.015960943,621.375000000,30.400321867,25,41,9.634920635,4.255354201,2,41,31,607,18890,0
2048,1,299,32,32,32,1.000000000,637,19967,0.016870945,623.968750000,32.000000000,27,37,10.111111111,3.659340659,2,37,32,637,19967,0
2048,1,300,32,32,31,1.032258065,713,22360,0.018892890,734.062500000,30.460621541,28,36,11.317460317,3.180925666,2,36,31,713,22360,0
2048,1,301,32,32,32,1.000000000,700,21788,0.018409584,680.875000000,32.000000000,28,37,11.111111111,3.330000000,2,37,32,700,21788,0
2048,1,302,32,32,32,1.000000000,721,22527,0.019033995,703.968750000,32.000000000,27,35,11.444444444,3.058252427,2,34,32,721,22527,0
2048,1,303,32,32,32,1.000000000,657,20462,0.017289191,639.437500000,32.000000000,28,36,10.428571429,3.452054795,2,36,32,657,20462,0
2048,1,304,32,32,32,1.000000000,690,21560,0.018216937,673.750000000,32.000000000,28,41,10.952380952,3.743478261,2,41,32,690,21560,0
2048,1,305,32,32,32,1.000000000,751,23464,0.019825705,733.250000000,32.000000000,29,46,11.920634921,3.858854860,2,46,32,751,23464,0
2048,1,306,32,32,32,1.000000000,722,22629,0.019120179,707.156250000,32.000000000,28,58,11.460317460,5.060941828,2,58,32,722,22629,0
2048,1,307,32,32,31,1.032258065,595,18665,0.015770832,599.281250000,31.145643218,25,43,9.444444444,4.552941176,2,43,31,595,18665,0
2048,1,308,32,32,32,1.000000000,713,22356,0.018889510,698.625000000,32.000000000,27,41,11.317460317,3.622720898,2,41,32,713,22356,0
2048,1,309,32,32,32,1.000000000,737,23101,0.019518992,721.906250000,32.000000000,30,38,11.698412698,3.248303935,2,38,32,737,23101,0
2048,1,310,32,32,32,1.000000000,691,21660,0.018301431,676.875000000,32.000000000,29,37,10.968253968,3.373371925,2,37,32,691,21660,0
2048,1,311,32,32,32,1.000000000,602,18665,0.015770832,583.281250000,32.000000000,26,38,9.555555556,3.976744186,2,38,32,602,18665,0
2048,1,312,16,16,16,1.000000000,430,13533,0.011434592,845.812500000,16.000000000,16,60,6.984126984,8.590909091,2,60,17,440,13832,16
2048,2,0,32,64,62,1.032258065,1343,41997,0.035485005,1365.125000000,30.764215731,42,48,21.317460317,2.251675354,3,40,62,1343,41997,0
2048,2,1,32,64,64,1.000000000,1401,43799,0.037007589,1368.718750000,32.000000000,42,48,22.238095238,2.158458244,2,43,64,1401,43799,0
2048,2,2,32,64,64,1.000000000,1381,43112,0.036427115,1347.250000000,32.000000000,43,60,21.920634921,2.737146995,2,60,64,1381,43112,0
2048,2,3,32,64,62,1.032258065,1269,39537,0.033406449,1282.812500000,30.820560292,40,48,20.142857143,2.382978723,3,37,62,1269,39537,0
2048,2,4,32,64,63,1.015873016,1372,42963,0.036301218,1374.562500000,31.255763197,43,47,21.777777778,2.158163265,3,42,63,1372,42963,0
2048,2,5,32,64,63,1.015873016,1266,39458,0.033339699,1253.937500000,31.467278074,41,48,20.095238095,2.388625592,3,42,63,1266,39458,0
2048,2,6,32,64,64,1.000000000,1403,43769,0.036982241,1367.781250000,32.000000000,43,48,22.269841270,2.155381326,3,46,64,1403,43769,0
2048,2,7,32,64,62,1.032258065,1394,43573,0.036816633,1423.500000000,30.609764665,45,46,22.126984127,2.078909613,3,42,62,1394,43573,0
2048,2,8,32,64,64,1.000000000,1302,40732,0.034416154,1272.875000000,32.000000000,42,51,20.666666667,2.467741935,4,38,64,1302,40732,0
2048,2,9,32,64,64,1.000000000,1344,41984,0.035474021,1312.000000000,32.000000000,42,49,21.333333333,2.296875000,3,48,64,1344,41984,0
2048,2,10,32,64,62,1.032258065,1321,41229,0.034836090,1345.031250000,30.652819405,41,48,20.968253968,2.289174868,3,36,62,1321,41229,0
2048,2,11,32,64,64,1.000000000,1278,39907,0.033719077,1247.093750000,32.000000000,38,48,20.285714286,2.366197183,3,43,64,1278,39907,0
2048,2,12,32,64,63,1.015873016,1255,39257,0.033169865,1239.687500000,31.666851525,41,48,19.920634921,2.409561753,3,43,63,1255,39257,0
2048,2,13,32,64,64,1.000000000,1278,39843,0.033665001,1245.093750000,32.000000000,40,48,20.285714286,2.366197183,3,34,64,1278,39843,0
2048,2,14,32,64,64,1.000000000,1341,41952,0.035446982,1311.000000000,32.000000000,42,49,21.285714286,2.302013423,3,44,64,1341,41952,0
2048,2,15,32,64,64,1.000000000,1236,38498,0.032528555,1203.062500000,32.000000000,40,48,19.619047619,2.446601942,3,36,64,1236,38498,0
2048,2,16,32,64,64,1.000000000,1305,40836,0.034504028,1276.125000000,32.000000000,42,48,20.714285714,2.317241379,3,42,64,1305,40836,0
2048,2,17,32,64,64,1.000000000,1409,44018,0.037192631,1375.562500000,32.000000000,40,48,22.365079365,2.146202981,3,48,64,1409,44018,0
2048,2,18,32,64,63,1.015873016,1375,43041,0.036367124,1362.187500000,31.596971783,46,48,21.825396825,2.199272727,3,39,63,1375,43041,0
2048,2,19,32,64,64,1.000000000,1395,43678,0.036905351,1364.937500000,32.000000000,40,60,22.142857143,2.709677419,3,60,64,1395,43678,0
2048,2,20,32,64,63,1.015873016,1260,39421,0.033308436,1268.593750000,31.074565833,41,46,20.000000000,2.300000000,3,37,63,1260,39421,0
2048,2,21,32,64,63,1.015873016,1218,38163,0.032245499,1218.750000000,31.313230769,42,48,19.333333333,2.482758621,3,31,63,1218,38163,0
2048,2,22,32,64,61,1.049180328,1353,42368,0.035798478,1384.250000000,30.607188008,43,48,21.476190476,2.235033259,3,46,61,1353,42368,0
2048,2,23,32,64,64,1.000000000,1345,42066,0.035543306,1314.562500000,32.000000000,42,48,21.349206349,2.248327138,3,43,64,1345,42066,0
2048,2,24,32,64,62,1.032258065,1353,42273,0.035718209,1351.500000000,31.278579356,44,49,21.476190476,2.281596452,2,43,62,1353,42273,0
2048,2,25,32,64,64,1.000000000,1252,39059,0.033002567,1220.593750000,32.000000000,41,48,19.873015873,2.415335463,3,37,64,1252,39059,0
2048,2,26,32,64,61,1.049180328,1388,43547,0.036794664,1440.625000000,30.227852495,43,50,22.031746032,2.269452450,3,44,61,1388,43547,0
2048,2,27,32,64,64,1.000000000,1385,43254,0.036547096,1351.687500000,32.000000000,45,49,21.984126984,2.228880866,3,38,64,1385,43254,0
2048,2,28,32,64,60,1.066666667,1322,41447,0.035020287,1375.968750000,30.122050374,42,48,20.984126984,2.287443268,3,44,60,1322,41447,0
2048,2,29,32,64,63,1.015873016,1310,40812,0.034483749,1312.437500000,31.096337921,46,48,20.793650794,2.308396947,3,40,63,1310,40812,0
2048,2,30,32,64,64,1.000000000,1453,45353,0.038320628,1417.281250000,32.000000000,45,58,23.063492063,2.514796972,3,58,64,1453,45353,0
2048,2,31,32,64,64,1.000000000,1334,41801,0.035319396,1306.281250000,32.000000000,42,48,21.174603175,2.266866567,3,38,64,1334,41801,0
2048,2,32,32,64,64,1.000000000,1397,43641,0.036874089,1363.781250000,32.000000000,45,48,22.174603175,2.164638511,3,43,64,1397,43641,0
2048,2,33,32,64,63,1.015873016,1445,45271,0.038251343,1439.500000000,31.449114276,44,51,22.936507937,2.223529412,3,46,63,1445,45271,0
2048,2,34,32,64,63,1.015873016,1506,47256,0.039928552,1506.343750000,31.371325436,42,60,23.904761905,2.509960159,3,60,63,1506,47256,0
2048,2,35,32,64,64,1.000000000,1375,42973,0.036309668,1342.906250000,32.000000000,42,48,21.825396825,2.199272727,3,43,64,1375,42973,0
2048,2,36,32,64,64,1.000000000,1382,43202,0.036503159,1350.062500000,32.000000000,45,50,21.936507937,2.279305355,3,40,64,1382,43202,0
2048,2,37,32,64,62,1.032258065,1299,40599,0.034303777,1304.968750000,31.111089825,41,48,20.619047619,2.327944573,3,39,62,1299,40599,0
2048,2,38,32,64,63,1.015873016,1371,42936,0.036278405,1365.281250000,31.448465289,42,50,21.761904762,2.297592998,3,39,63,1371,42936,0
2048,2,39,32,64,63,1.015873016,1495,46934,0.039656481,1486.718750000,31.568849185,46,60,23.730158730,2.528428094,3,60,63,1495,46934,0
2048,2,40,32,64,62,1.032258065,1306,40779,0.034455866,1320.406250000,30.883676899,44,48,20.730158730,2.315467075,2,38,62,1306,40779,0
2048,2,41,32,64,62,1.032258065,1224,38277,0.032341823,1234.812500000,30.998228476,42,48,19.428571429,2.470588235,3,34,62,1224,38277,0
2048,2,42,32,64,64,1.000000000,1324,41368,0.034953537,1292.750000000,32.000000000,40,58,21.015873016,2.759818731,3,58,64,1324,41368,0
2048,2,43,32,64,63,1.015873016,1303,40618,0.034319831,1289.500000000,31.499030632,42,48,20.682539683,2.320798158,3,34,63,1303,40618,0
2048,2,44,32,64,64,1.000000000,1294,40338,0.034083247,1260.562500000,32.000000000,38,48,20.539682540,2.336939722,3,36,64,1294,40338,0
2048,2,45,32,64,63,1.015873016,1359,42558,0.035959017,1340.906250000,31.738236734,43,60,21.571428571,2.781456954,3,60,63,1359,42558,0
2048,2,46,32,64,63,1.015873016,1371,42895,0.036243762,1361.000000000,31.517266716,43,60,21.761904762,2.757111597,3,60,63,1371,42895,0
2048,2,47,32,64,64,1.000000000,1364,42721,0.036096742,1335.031250000,32.000000000,43,60,21.650793651,2.771260997,3,60,64,1364,42721,0
2048,2,48,32,64,59,1.084745763,1060,32987,0.027872083,1117.437500000,29.520219252,35,47,16.825396825,2.793396226,3,32,59,1060,32987,0
2048,2,49,32,64,60,1.066666667,1225,38256,0.032324079,1265.968750000,30.218755400,39,47,19.444444444,2.417142857,2,41,60,1225,38256,0
2048,2,50,32,64,62,1.032258065,1363,42685,0.036066325,1387.156250000,30.771587555,42,48,21.634920635,2.218635363,3,42,62,1363,42685,0
2048,2,51,32,64,62,1.032258065,1346,42119,0.035588088,1349.718750000,31.205760459,44,51,21.365079365,2.387072808,3,51,62,1346,42119,0
2048,2,52,32,64,64,1.000000000,1401,43852,0.037052371,1370.375000000,32.000000000,44,60,22.238095238,2.698072805,3,60,64,1401,43852,0
2048,2,53,32,64,64,1.000000000,1291,40279,0.034033395,1258.718750000,32.000000000,39,49,20.492063492,2.391169636,3,37,64,1291,40279,0
2048,2,54,32,64,63,1.015873016,1344,41931,0.035429239,1336.531250000,31.373003811,44,48,21.333333333,2.250000000,3,43,63,1344,41931,0
2048,2,55,32,64,63,1.015873016,1273,39802,0.033630358,1270.687500000,31.323201023,40,47,20.206349206,2.326001571,3,36,63,1273,39802,0
2048,2,56,32,64,64,1.000000000,1373,42967,0.036304598,1342.718750000,32.000000000,41,48,21.793650794,2.202476329,3,43,64,1373,42967,0
2048,2,57,32,64,62,1.032258065,1261,39328,0.033229856,1291.687500000,30.446992790,39,48,20.015873016,2.398096749,3,36,62,1261,39328,0
2048,2,58,32,64,62,1.032258065,1234,38447,0.032485463,1229.250000000,31.276794794,40,48,19.587301587,2.450567261,3,37,62,1234,38447,0
2048,2,59,32,64,62,1.032258065,1433,44886,0.037926041,1429.968750000,31.389497148,42,60,22.746031746,2.637822749,3,60,62,1433,44886,0
2048,2,60,32,64,64,1.000000000,1360,42403,0.035828051,1325.093750000,32.000000000,40,58,21.587301587,2.686764706,3,58,64,1360,42403,0
2048,2,61,32,64,62,1.032258065,1363,42667,0.036051116,1389.312500000,30.710873184,43,51,21.634920635,2.357300073,3,51,62,1363,42667,0
2048,2,62,32,64,62,1.032258065,1322,41379,0.034962831,1341.531250000,30.844603881,38,60,20.984126984,2.859304085,3,60,62,1322,41379,0
2048,2,63,32,64,63,1.015873016,1383,43300,0.036585963,1372.406250000,31.550424665,44,48,21.952380952,2.186550976,2,34,63,1383,43300,0
2048,2,64,32,64,62,1.032258065,1345,42055,0.035534011,1350.562500000,31.138877320,45,47,21.349206349,2.201486989,3,43,62,1345,42055,0
2048,2,65,32,64,64,1.000000000,1361,42565,0.035964932,1330.156250000,32.000000000,46,49,21.603174603,2.268185158,2,36,64,1361,42565,0
2048,2,66,32,64,63,1.015873016,1366,42758,0.036128005,1367.468750000,31.267990585,42,49,21.682539683,2.259882870,2,36,63,1366,42758,0
2048,2,67,32,64,64,1.000000000,1391,43420,0.036687356,1356.875000000,32.000000000,45,47,22.079365079,2.128684400,3,42,64,1391,43420,0
2048,2,68,32,64,62,1.032258065,1251,39063,0.033005947,1285.468750000,30.388136623,39,49,19.857142857,2.467625899,3,42,62,1251,39063,0
2048,2,69,32,64,62,1.032258065,1277,39925,0.033734286,1289.812500000,30.954111547,38,48,20.269841270,2.368050117,3,43,62,1277,39925,0
2048,2,70,32,64,63,1.015873016,1290,40353,0.034095921,1281.625000000,31.485809032,43,48,20.476190476,2.344186047,3,35,63,1290,40353,0
2048,2,71,32,64,61,1.049180328,1294,40468,0.034193089,1324.156250000,30.561348028,42,48,20.539682540,2.336939722,3,41,61,1294,40468,0
2048,2,72,32,64,61,1.049180328,1245,38863,0.032836958,1264.062500000,30.744524104,38,47,19.761904762,2.378313253,3,43,61,1245,38863,0
2048,2,73,32,64,62,1.032258065,1324,41260,0.034862283,1338.937500000,30.815478691,40,49,21.015873016,2.331570997,3,39,62,1324,41260,0
2048,2,74,32,64,62,1.032258065,1371,42805,0.036167717,1423.218750000,30.076191731,38,60,21.761904762,2.757111597,3,60,62,1371,42805,0
2048,2,75,32,64,60,1.066666667,1321,41270,0.034870732,1388.593750000,29.720715652,44,48,20.968253968,2.289174868,3,44,60,1321,41270,0
2048,2,76,32,64,64,1.000000000,1372,42967,0.036304598,1342.718750000,32.000000000,46,58,21.777777778,2.663265306,3,58,64,1372,42967,0
2048,2,77,32,64,63,1.015873016,1339,41724,0.035254336,1334.781250000,31.259054620,43,51,21.253968254,2.399551904,3,51,63,1339,41724,0
2048,2,78,32,64,63,1.015873016,1527,47982,0.040541979,1532.312500000,31.313455969,47,60,24.238095238,2.475442043,2,60,63,1527,47982,0
2048,2,79,32,64,64,1.000000000,1264,39335,0.033235771,1229.218750000,32.000000000,40,48,20.063492063,2.392405063,3,35,64,1264,39335,0
2048,2,80,32,64,64,1.000000000,1386,43399,0.036669613,1356.218750000,32.000000000,45,49,22.000000000,2.227272727,3,46,64,1386,43399,0
2048,2,81,32,64,63,1.015873016,1189,37139,0.031380279,1178.468750000,31.514624380,41,48,18.873015873,2.543313709,3,34,63,1189,37139,0
2048,2,82,32,64,63,1.015873016,1243,38866,0.032839493,1230.156250000,31.594360473,40,50,19.730158730,2.534191472,3,36,63,1243,38866,0
2048,2,83,32,64,64,1.000000000,1265,39443,0.033327024,1232.593750000,32.000000000,40,48,20.079365079,2.390513834,4,46,64,1265,39443,0
2048,2,84,32,64,64,1.000000000,1407,43976,0.037157144,1374.250000000,32.000000000,43,48,22.333333333,2.149253731,3,44,64,1407,43976,0
2048,2,85,32,64,62,1.032258065,1354,42273,0.035718209,1375.218750000,30.739109687,42,48,21.492063492,2.233382570,3,41,62,1354,42273,0
2048,2,86,32,64,64,1.000000000,1285,40052,0.033841594,1251.625000000,32.000000000,40,51,20.396825397,2.500389105,3,38,64,1285,40052,0
2048,2,87,32,64,63,1.015873016,1307,40895,0.034553879,1305.125000000,31.334163394,43,48,20.746031746,2.313695486,3,48,63,1307,40895,0
2048,2,88,32,64,60,1.066666667,1258,39382,0.033275483,1347.531250000,29.225296259,41,48,19.968253968,2.403815580,2,48,60,1258,39382,0
2048,2,89,32,64,62,1.032258065,1331,41734,0.035262785,1370.718750000,30.446800264,40,48,21.126984127,2.271975958,3,43,62,1331,41734,0
2048,2,90,32,64,63,1.015873016,1294,40293,0.034045225,1279.281250000,31.496592325,39,48,20.539682540,2.336939722,3,40,63,1294,40293,0
2048,2,91,32,64,63,1.015873016,1346,41985,0.035474866,1335.218750000,31.444285815,42,48,21.365079365,2.246656761,2,43,63,1346,41985,0
2048,2,92,32,64,63,1.015873016,1314,40992,0.034635839,1307.875000000,31.342444806,40,49,20.857142857,2.349315068,3,48,63,1314,40992,0
2048,2,93,32,64,63,1.015873016,1410,44238,0.037378519,1395.281250000,31.705435732,44,48,22.380952381,2.144680851,2,48,63,1410,44238,0
2048,2,94,32,64,61,1.049180328,1166,36403,0.030758403,1193.031250000,30.513031406,40,48,18.507936508,2.593481990,3,37,61,1166,36403,0
2048,2,95,32,64,64,1.000000000,1361,42593,0.035988590,1331.031250000,32.000000000,45,58,21.603174603,2.684790595,3,58,64,1361,42593,0
2048,2,96,32,64,63,1.015873016,1223,38068,0.032165230,1215.218750000,31.326047265,42,58,19.412698413,2.987735078,3,58,63,1223,38068,0
2048,2,97,32,64,63,1.015873016,1233,38460,0.032496447,1211.875000000,31.735946364,37,48,19.571428571,2.452554745,3,37,63,1233,38460,0
2048,2,98,32,64,63,1.015873016,1282,40148,0.033922708,1269.656250000,31.621157301,43,50,20.349206349,2.457098284,3,34,63,1282,40148,0
2048,2,99,32,64,63,1.015873016,1224,38108,0.032199028,1201.906250000,31.706299888,38,48,19.428571429,2.470588235,3,38,63,1224,38108,0
2048,2,100,32,64,62,1.032258065,1215,38035,0.032137347,1228.031250000,30.972338855,38,48,19.285714286,2.488888889,3,40,62,1215,38035,0
2048,2,101,32,64,63,1.015873016,1332,41657,0.035197725,1333.343750000,31.242505918,41,49,21.142857143,2.317567568,3,44,63,1332,41657,0
2048,2,102,32,64,64,1.000000000,1352,42285,0.035728348,1321.406250000,32.000000000,42,49,21.460317460,2.283284024,3,37,64,1352,42285,0
2048,2,103,32,64,63,1.015873016,1337,41727,0.035256871,1347.906250000,30.956900749,44,48,21.222222222,2.261780105,3,44,63,1337,41727,0
2048,2,104,32,64,63,1.015873016,1331,41715,0.035246731,1335.062500000,31.245728196,44,49,21.126984127,2.319308790,3,44,63,1331,41715,0
2048,2,105,32,64,61,1.049180328,1251,39026,0.032974684,1282.062500000,30.440013650,40,58,19.857142857,2.920863309,3,58,61,1251,39026,0
2048,2,106,32,64,64,1.000000000,1402,43891,0.037085324,1371.593750000,32.000000000,46,48,22.253968254,2.156918688,3,48,64,1402,43891,0
2048,2,107,32,64,64,1.000000000,1338,41895,0.035398821,1309.218750000,32.000000000,43,48,21.238095238,2.260089686,3,38,64,1338,41895,0
2048,2,108,32,64,63,1.015873016,1408,43963,0.037146160,1393.968750000,31.538009729,43,48,22.349206349,2.147727273,2,39,63,1408,43963,0
2048,2,109,32,64,64,1.000000000,1288,40179,0.033948901,1255.593750000,32.000000000,39,47,20.444444444,2.298913043,3,37,64,1288,40179,0
2048,2,110,32,64,64,1.000000000,1452,45473,0.038422021,1421.031250000,32.000000000,44,48,23.047619048,2.082644628,3,46,64,1452,45473,0
2048,2,111,32,64,63,1.015873016,1207,37595,0.031765573,1210.218750000,31.064631911,41,47,19.158730159,2.453189727,3,36,63,1207,37595,0
2048,2,112,32,64,61,1.049180328,1310,40955,0.034604576,1359.125000000,30.133357859,42,48,20.793650794,2.308396947,3,42,61,1310,40955,0
2048,2,113,32,64,64,1.000000000,1335,41713,0.035245041,1303.531250000,32.000000000,43,47,21.190476190,2.217977528,3,36,64,1335,41713,0
2048,2,114,32,64,64,1.000000000,1402,43943,0.037129261,1373.218750000,32.000000000,41,48,22.253968254,2.156918688,3,39,64,1402,43943,0
2048,2,115,32,64,62,1.032258065,1274,39934,0.033741891,1299.687500000,30.725847560,41,60,20.222222222,2.967032967,3,60,62,1274,39934,0
2048,2,116,32,64,63,1.015873016,1174,36667,0.030981467,1171.562500000,31.297519338,42,47,18.634920635,2.522146508,4,37,63,1174,36667,0
2048,2,117,32,64,62,1.032258065,1397,43762,0.036976326,1413.218750000,30.966189771,45,48,22.174603175,2.164638511,3,45,62,1397,43762,0
2048,2,118,32,64,63,1.015873016,1353,42279,0.035723278,1338.125000000,31.595702943,43,48,21.476190476,2.235033259,2,36,63,1353,42279,0
2048,2,119,32,64,63,1.015873016,1325,41351,0.034939173,1324.375000000,31.223029731,42,51,21.031746032,2.424905660,3,40,63,1325,41351,0
2048,2,120,32,64,64,1.000000000,1465,45883,0.038768447,1433.843750000,32.000000000,48,58,23.253968254,2.494197952,2,58,64,1465,45883,0
2048,2,121,32,64,64,1.000000000,1251,38924,0.032888500,1216.375000000,32.000000000,38,48,19.857142857,2.417266187,3,36,64,1251,38924,0
2048,2,122,32,64,63,1.015873016,1378,43090,0.036408526,1368.656250000,31.483434938,44,48,21.873015873,2.194484761,3,48,63,1378,43090,0
2048,2,123,32,64,62,1.032258065,1326,41514,0.035076898,1353.468750000,30.672300339,43,47,21.047619048,2.233031674,3,37,62,1326,41514,0
2048,2,124,32,64,63,1.015873016,1313,40948,0.034598661,1308.406250000,31.296090186,40,48,20.841269841,2.303122620,3,43,63,1313,40948,0
2048,2,125,32,64,62,1.032258065,1256,39188,0.033111564,1263.812500000,31.007764206,40,47,19.936507937,2.357484076,4,40,62,1256,39188,0
2048,2,126,32,64,63,1.015873016,1236,38591,0.032607134,1225.906250000,31.479568686,39,48,19.619047619,2.446601942,3,37,63,1236,38591,0
2048,2,127,32,64,64,1.000000000,1318,41201,0.034812431,1287.531250000,32.000000000,41,48,20.920634921,2.294385432,3,40,64,1318,41201,0
2048,2,128,32,64,63,1.015873016,1341,41875,0.035381922,1326.812500000,31.560601065,42,51,21.285714286,2.395973154,3,51,63,1341,41875,0
2048,2,129,32,64,63,1.015873016,1361,42513,0.035920995,1348.656250000,31.522487661,42,49,21.603174603,2.268185158,3,45,63,1361,42513,0
2048,2,130,32,64,63,1.015873016,1392,43691,0.036916336,1404.031250000,31.118253244,47,48,22.095238095,2.172413793,4,48,63,1392,43691,0
2048,2,131,32,64,63,1.015873016,1348,42009,0.035495144,1336.343750000,31.435773917,43,48,21.396825397,2.243323442,3,42,63,1348,42009,0
2048,2,132,32,64,64,1.000000000,1388,43523,0.036774385,1360.093750000,32.000000000,47,58,22.031746032,2.632564841,3,58,64,1388,43523,0
2048,2,133,32,64,64,1.000000000,1309,40972,0.034618940,1280.375000000,32.000000000,42,48,20.777777778,2.310160428,3,39,64,1309,40972,0
2048,2,134,32,64,64,1.000000000,1290,40269,0.034024946,1258.406250000,32.000000000,41,49,20.476190476,2.393023256,3,37,64,1290,40269,0
2048,2,135,32,64,62,1.032258065,1349,42250,0.035698775,1368.500000000,30.873218853,46,47,21.412698413,2.194959229,2,44,62,1349,42250,0
2048,2,136,32,64,63,1.015873016,1293,40467,0.034192244,1289.031250000,31.393342869,42,47,20.523809524,2.290023202,3,44,63,1293,40467,0
2048,2,137,32,64,62,1.032258065,1370,42882,0.036232778,1401.437500000,30.598581813,44,48,21.746031746,2.207299270,3,48,62,1370,42882,0
2048,2,138,32,64,62,1.032258065,1402,43983,0.037163058,1411.406250000,31.162537363,43,48,22.253968254,2.156918688,3,48,62,1402,43983,0
2048,2,139,32,64,62,1.032258065,1429,44831,0.037879569,1463.281250000,30.637309130,48,51,22.682539683,2.248425472,2,51,62,1429,44831,0
2048,2,140,32,64,63,1.015873016,1389,43519,0.036771006,1374.031250000,31.672496532,45,47,22.047619048,2.131749460,2,42,63,1389,43519,0
2048,2,141,32,64,64,1.000000000,1370,42898,0.036246297,1340.562500000,32.000000000,44,48,21.746031746,2.207299270,3,48,64,1370,42898,0
2048,2,142,32,64,60,1.066666667,1211,37751,0.031897384,1269.750000000,29.731049419,39,48,19.222222222,2.497109827,3,38,60,1211,37751,0
2048,2,143,32,64,62,1.032258065,1377,43034,0.036361209,1393.250000000,30.887493271,44,48,21.857142857,2.196078431,3,43,62,1377,43034,0
2048,2,144,32,64,63,1.015873016,1344,41957,0.035451207,1342.718750000,31.247794819,40,60,21.333333333,2.812500000,3,60,63,1344,41957,0
2048,2,145,32,64,61,1.049180328,1214,37953,0.032068062,1238.312500000,30.648967849,38,48,19.269841270,2.490939044,3,43,61,1214,37953,0
2048,2,146,32,64,61,1.049180328,1326,41519,0.035081123,1352.125000000,30.706480540,40,58,21.047619048,2.755656109,3,58,61,1326,41519,0
2048,2,147,32,64,64,1.000000000,1340,41983,0.035473176,1311.968750000,32.000000000,43,48,21.269841270,2.256716418,3,48,64,1340,41983,0
2048,2,148,32,64,64,1.000000000,1502,47052,0.039756184,1470.375000000,32.000000000,47,48,23.841269841,2.013315579,3,48,64,1502,47052,0
2048,2,149,32,64,60,1.066666667,1188,37086,0.031335498,1231.500000000,30.114494519,39,48,18.857142857,2.545454545,3,36,60,1188,37086,0
2048,2,150,32,64,64,1.000000000,1283,40193,0.033960731,1256.031250000,32.000000000,42,46,20.365079365,2.258768511,3,35,64,1283,40193,0
2048,2,151,32,64,60,1.066666667,1166,36313,0.030682358,1209.906250000,30.013069194,37,48,18.507936508,2.593481990,3,33,60,1166,36313,0
2048,2,152,32,64,63,1.015873016,1388,43412,0.036680597,1385.906250000,31.323908093,44,51,22.031746032,2.314841499,3,51,63,1388,43412,0
2048,2,153,32,64,64,1.000000000,1329,41458,0.035029581,1295.562500000,32.000000000,43,48,21.095238095,2.275395034,3,36,64,1329,41458,0
2048,2,154,32,64,64,1.000000000,1315,41070,0.034701744,1283.437500000,32.000000000,42,46,20.873015873,2.203802281,3,39,64,1315,41070,0
2048,2,155,32,64,64,1.000000000,1403,43817,0.037022798,1369.281250000,32.000000000,43,49,22.269841270,2.200285103,3,45,64,1403,43817,0
2048,2,156,32,64,64,1.000000000,1342,41845,0.035356574,1307.656250000,32.000000000,40,51,21.301587302,2.394187779,3,35,64,1342,41845,0
2048,2,157,32,64,63,1.015873016,1455,45591,0.038521724,1441.687500000,31.623358044,49,51,23.095238095,2.208247423,2,51,63,1455,45591,0
2048,2,158,32,64,64,1.000000000,1367,42679,0.036061255,1333.718750000,32.000000000,46,48,21.698412698,2.212143380,3,37,64,1367,42679,0
2048,2,159,32,64,64,1.000000000,1327,41359,0.034945932,1292.468750000,32.000000000,42,49,21.063492063,2.326299925,3,39,64,1327,41359,0
2048,2,160,32,64,62,1.032258065,1376,42993,0.036326566,1394.000000000,30.841463415,42,48,21.841269841,2.197674419,3,42,62,1376,42993,0
2048,2,161,32,64,62,1.032258065,1293,40394,0.034130564,1301.062500000,31.046932795,39,48,20.523809524,2.338747100,3,43,62,1293,40394,0
2048,2,162,32,64,61,1.049180328,1305,40781,0.034457556,1354.437500000,30.109178164,38,48,20.714285714,2.317241379,3,38,61,1305,40781,0
2048,2,163,32,64,64,1.000000000,1339,41790,0.035310102,1305.937500000,32.000000000,44,48,21.253968254,2.258401792,3,37,64,1339,41790,0
2048,2,164,32,64,60,1.066666667,1187,37051,0.031305925,1233.781250000,30.030445024,39,46,18.841269841,2.441449031,3,43,60,1187,37051,0
2048,2,165,32,64,62,1.032258065,1353,42242,0.035692015,1380.250000000,30.604600616,43,48,21.476190476,2.235033259,2,38,62,1353,42242,0
2048,2,166,32,64,63,1.015873016,1352,42317,0.035755386,1332.312500000,31.762067833,43,52,21.460317460,2.423076923,3,44,63,1352,42317,0
2048,2,167,32,64,63,1.015873016,1353,42278,0.035722433,1339.531250000,31.561787006,42,48,21.476190476,2.235033259,3,44,63,1353,42278,0
2048,2,168,32,64,63,1.015873016,1412,44124,0.037282195,1395.375000000,31.621607095,44,50,22.412698413,2.230878187,2,45,63,1412,44124,0
2048,2,169,32,64,61,1.049180328,1371,42917,0.036262351,1406.843750000,30.505875297,43,49,21.761904762,2.251641138,2,40,61,1371,42917,0
2048,2,170,32,64,61,1.049180328,1337,41873,0.035380232,1382.406250000,30.289938287,42,51,21.222222222,2.403141361,2,51,61,1337,41873,0
2048,2,171,32,64,62,1.032258065,1400,43834,0.037037162,1419.156250000,30.887367053,47,48,22.222222222,2.160000000,2,48,62,1400,43834,0
2048,2,172,32,64,63,1.015873016,1386,43382,0.036655249,1389.156250000,31.229028412,44,48,22.000000000,2.181818182,3,41,63,1386,43382,0
2048,2,173,32,64,64,1.000000000,1446,45287,0.038264862,1415.218750000,32.000000000,45,51,22.952380952,2.221991701,2,51,64,1446,45287,0
2048,2,174,32,64,58,1.103448276,1222,38235,0.032306335,1335.031250000,28.639779031,38,48,19.396825397,2.474631751,3,43,58,1222,38235,0
2048,2,175,32,64,62,1.032258065,1284,40064,0.033851733,1291.562500000,31.019791919,44,47,20.380952381,2.306074766,3,45,62,1284,40064,0
2048,2,176,32,64,60,1.066666667,1245,38899,0.032867376,1286.656250000,30.232628179,39,48,19.761904762,2.428915663,2,42,60,1245,38899,0
2048,2,177,32,64,63,1.015873016,1321,41364,0.034950157,1313.906250000,31.481698181,42,45,20.968253968,2.146101438,3,42,63,1321,41364,0
2048,2,178,32,64,63,1.015873016,1288,40265,0.034021566,1280.718750000,31.439377303,44,47,20.444444444,2.298913043,2,38,63,1288,40265,0
2048,2,179,32,64,62,1.032258065,1277,39973,0.033774843,1290.468750000,30.975566049,41,48,20.269841270,2.368050117,3,35,62,1277,39973,0
2048,2,180,32,64,62,1.032258065,1271,39683,0.033529810,1272.062500000,31.195794232,44,49,20.174603175,2.428796223,2,32,62,1271,39683,0
2048,2,181,32,64,63,1.015873016,1347,42057,0.035535701,1326.343750000,31.708974389,42,48,21.380952381,2.244988864,3,37,63,1347,42057,0
2048,2,182,32,64,62,1.032258065,1254,39096,0.033033830,1253.281250000,31.194913352,41,48,19.904761905,2.411483254,3,41,62,1254,39096,0
2048,2,183,32,64,63,1.015873016,1308,40955,0.034604576,1298.187500000,31.547831111,46,47,20.761904762,2.263761468,3,38,63,1308,40955,0
2048,2,184,32,64,63,1.015873016,1368,42941,0.036282630,1351.812500000,31.765500023,47,48,21.714285714,2.210526316,3,39,63,1368,42941,0
2048,2,185,32,64,63,1.015873016,1355,42329,0.035765525,1345.656250000,31.456027496,43,49,21.507936508,2.278228782,3,41,63,1355,42329,0
2048,2,186,32,64,63,1.015873016,1344,41935,0.035432618,1326.312500000,31.617737147,40,48,21.333333333,2.250000000,3,41,63,1344,41935,0
2048,2,187,32,64,64,1.000000000,1404,43958,0.037141935,1373.687500000,32.000000000,46,48,22.285714286,2.153846154,2,43,64,1404,43958,0
2048,2,188,32,64,64,1.000000000,1420,44457,0.037563561,1389.281250000,32.000000000,47,51,22.539682540,2.262676056,3,51,64,1420,44457,0
2048,2,189,32,64,63,1.015873016,1324,41296,0.034892701,1317.281250000,31.349417598,43,51,21.015873016,2.426737160,3,51,63,1324,41296,0
2048,2,190,32,64,63,1.015873016,1379,42972,0.036308823,1354.187500000,31.732681036,44,48,21.888888889,2.192893401,3,43,63,1379,42972,0
2048,2,191,32,64,63,1.015873016,1307,40765,0.034444037,1299.531250000,31.369003246,42,51,20.746031746,2.458301454,3,51,63,1307,40765,0
2048,2,192,32,64,63,1.015873016,1347,42110,0.035580483,1348.781250000,31.220778017,40,58,21.380952381,2.712694878,3,58,63,1347,42110,0
2048,2,193,32,64,63,1.015873016,1223,38161,0.032243810,1219.781250000,31.285117721,39,58,19.412698413,2.987735078,3,58,63,1223,38161,0
2048,2,194,32,64,59,1.084745763,1242,38820,0.032800626,1311.000000000,29.610983982,39,48,19.714285714,2.434782609,3,43,59,1242,38820,0
2048,2,195,32,64,62,1.032258065,1206,37626,0.031791766,1229.312500000,30.607351670,38,49,19.142857143,2.559701493,3,37,62,1206,37626,0
2048,2,196,32,64,63,1.015873016,1323,41263,0.034864818,1312.656250000,31.434733960,44,51,21.000000000,2.428571429,3,51,63,1323,41263,0
2048,2,197,32,64,64,1.000000000,1326,41350,0.034938328,1292.187500000,32.000000000,41,50,21.047619048,2.375565611,3,40,64,1326,41350,0
2048,2,198,32,64,64,1.000000000,1261,39262,0.033174090,1226.937500000,32.000000000,41,48,20.015873016,2.398096749,2,33,64,1261,39262,0
2048,2,199,32,64,63,1.015873016,1265,39457,0.033338854,1265.906250000,31.168974796,38,48,20.079365079,2.390513834,3,43,63,1265,39457,0
2048,2,200,32,64,62,1.032258065,1156,36009,0.030425496,1151.062500000,31.283270891,38,48,18.349206349,2.615916955,4,36,62,1156,36009,0
2048,2,201,32,64,64,1.000000000,1430,44835,0.037882949,1401.093750000,32.000000000,45,48,22.698412698,2.114685315,3,43,64,1430,44835,0
2048,2,202,32,64,62,1.032258065,1326,41469,0.035038876,1339.281250000,30.963623212,41,48,21.047619048,2.280542986,3,48,62,1326,41469,0
2048,2,203,32,64,64,1.000000000,1269,39514,0.033387015,1234.812500000,32.000000000,40,49,20.142857143,2.432624113,4,38,64,1269,39514,0
2048,2,204,32,64,61,1.049180328,1312,40996,0.034639218,1349.156250000,30.386398907,44,58,20.825396825,2.785060976,3,58,61,1312,40996,0
2048,2,205,32,64,64,1.000000000,1316,41163,0.034780324,1286.343750000,32.000000000,42,47,20.888888889,2.250000000,3,44,64,1316,41163,0
2048,2,206,32,64,60,1.066666667,1134,35437,0.029942189,1180.375000000,30.021815101,41,47,18.000000000,2.611111111,3,35,60,1134,35437,0
2048,2,207,32,64,62,1.032258065,1313,41060,0.034693295,1328.250000000,30.912855261,43,52,20.841269841,2.495049505,3,51,62,1313,41060,0
2048,2,208,32,64,61,1.049180328,1297,40343,0.034087472,1295.312500000,31.145379976,42,49,20.587301587,2.380107941,3,43,61,1297,40343,0
2048,2,209,32,64,63,1.015873016,1363,42649,0.036035907,1361.375000000,31.327885410,44,60,21.634920635,2.773294204,3,60,63,1363,42649,0
2048,2,210,32,64,63,1.015873016,1378,43161,0.036468517,1368.906250000,31.529551421,46,48,21.873015873,2.194484761,3,43,63,1378,43161,0
2048,2,211,32,64,63,1.015873016,1360,42467,0.035882127,1343.437500000,31.610700163,42,47,21.587301587,2.177205882,3,43,63,1360,42467,0
2048,2,212,32,64,64,1.000000000,1422,44435,0.037544972,1388.593750000,32.000000000,44,48,22.571428571,2.126582278,2,39,64,1422,44435,0
2048,2,213,32,64,62,1.032258065,1244,38731,0.032725426,1257.093750000,30.809953514,42,49,19.746031746,2.481511254,4,36,62,1244,38731,0
2048,2,214,32,64,63,1.015873016,1266,39468,0.033348148,1260.218750000,31.318372306,44,46,20.095238095,2.289099526,3,36,63,1266,39468,0
2048,2,215,32,64,62,1.032258065,1389,43484,0.036741433,1416.875000000,30.690074989,46,48,22.047619048,2.177105832,2,43,62,1389,43484,0
2048,2,216,32,64,62,1.032258065,1368,42831,0.036189686,1410.031250000,30.375922519,41,48,21.714285714,2.210526316,3,44,62,1368,42831,0
2048,2,217,32,64,62,1.032258065,1417,44480,0.037582994,1433.843750000,31.021511235,45,48,22.492063492,2.134086097,3,48,62,1417,44480,0
2048,2,218,32,64,62,1.032258065,1180,36782,0.031078635,1193.937500000,30.807307753,43,47,18.730158730,2.509322034,3,36,62,1180,36782,0
2048,2,219,32,64,59,1.084745763,1280,40068,0.033855113,1389.187500000,28.842758807,43,48,20.317460317,2.362500000,3,48,59,1280,40068,0
2048,2,220,32,64,62,1.032258065,1344,41902,0.035404735,1368.593750000,30.616828405,41,49,21.333333333,2.296875000,3,38,62,1344,41902,0
2048,2,221,32,64,64,1.000000000,1211,37913,0.032034264,1184.781250000,32.000000000,37,58,19.222222222,3.017341040,3,58,64,1211,37913,0
2048,2,222,32,64,63,1.015873016,1304,40688,0.034378977,1296.843750000,31.374635533,41,58,20.698412698,2.802147239,4,58,63,1304,40688,0
2048,2,223,32,64,62,1.032258065,1136,35425,0.029932050,1151.531250000,30.763385709,36,48,18.031746032,2.661971831,4,45,62,1136,35425,0
2048,2,224,32,64,63,1.015873016,1368,42788,0.036153353,1363.937500000,31.370938918,40,48,21.714285714,2.210526316,4,41,63,1368,42788,0
2048,2,225,32,64,62,1.032258065,1250,39115,0.033049884,1271.750000000,30.756831138,42,48,19.841269841,2.419200000,2,37,62,1250,39115,0
2048,2,226,32,64,62,1.032258065,1246,38898,0.032866531,1252.218750000,31.063262709,42,48,19.777777778,2.426966292,4,35,62,1246,38898,0
2048,2,227,32,64,64,1.000000000,1362,42519,0.035926064,1328.718750000,32.000000000,41,48,21.619047619,2.220264317,3,35,64,1362,42519,0
2048,2,228,32,64,64,1.000000000,1354,42418,0.035840725,1325.562500000,32.000000000,44,49,21.492063492,2.279911374,3,46,64,1354,42418,0
2048,2,229,32,64,62,1.032258065,1285,40089,0.033872857,1301.187500000,30.809548970,42,49,20.396825397,2.402334630,3,42,62,1285,40089,0
2048,2,230,32,64,62,1.032258065,1212,37788,0.031928646,1219.562500000,30.984881874,41,47,19.238095238,2.443069307,3,40,62,1212,37788,0
2048,2,231,32,64,63,1.015873016,1424,44690,0.037760432,1427.687500000,31.302368340,46,48,22.603174603,2.123595506,2,44,63,1424,44690,0
2048,2,232,32,64,64,1.000000000,1496,46889,0.039618458,1465.281250000,32.000000000,46,60,23.746031746,2.526737968,2,60,64,1496,46889,0
2048,2,233,32,64,64,1.000000000,1272,39778,0.033610080,1243.062500000,32.000000000,42,48,20.190476190,2.377358491,3,38,64,1272,39778,0
2048,2,234,32,64,63,1.015873016,1239,38632,0.032641777,1230.531250000,31.394570435,42,48,19.666666667,2.440677966,3,43,63,1239,38632,0
2048,2,235,32,64,61,1.049180328,1268,39665,0.033514601,1305.000000000,30.394636015,41,51,20.126984127,2.533911672,3,51,61,1268,39665,0
2048,2,236,32,64,63,1.015873016,1277,40082,0.033866942,1275.437500000,31.426079287,41,51,20.269841270,2.516053250,3,51,63,1277,40082,0
2048,2,237,32,64,64,1.000000000,1299,40556,0.034267444,1267.375000000,32.000000000,44,47,20.619047619,2.279445727,3,42,64,1299,40556,0
2048,2,238,32,64,61,1.049180328,1340,41916,0.035416565,1397.093750000,30.002281522,43,49,21.269841270,2.303731343,3,42,61,1340,41916,0
2048,2,239,32,64,61,1.049180328,1220,38044,0.032144951,1234.437500000,30.818895246,36,48,19.365079365,2.478688525,3,45,61,1220,38044,0
2048,2,240,32,64,60,1.066666667,1390,43612,0.036849585,1487.093750000,29.327001072,44,47,22.063492063,2.130215827,3,43,60,1390,43612,0
2048,2,241,32,64,62,1.032258065,1246,38886,0.032856392,1264.343750000,30.755876319,43,51,19.777777778,2.578651685,3,51,62,1246,38886,0
2048,2,242,32,64,63,1.015873016,1347,42057,0.035535701,1336.468750000,31.468749269,43,51,21.380952381,2.385300668,3,51,63,1347,42057,0
2048,2,243,32,64,63,1.015873016,1226,38254,0.032322389,1222.312500000,31.296415606,41,48,19.460317460,2.466557912,3,36,63,1226,38254,0
2048,2,244,32,64,63,1.015873016,1407,43933,0.037120811,1395.156250000,31.489662896,42,50,22.333333333,2.238805970,3,42,63,1407,43933,0
2048,2,245,32,64,62,1.032258065,1284,40132,0.033909189,1308.343750000,30.673895908,42,49,20.380952381,2.404205607,3,40,62,1284,40132,0
2048,2,246,32,64,59,1.084745763,1254,39110,0.033045659,1320.250000000,29.623177429,37,48,19.904761905,2.411483254,3,37,59,1254,39110,0
2048,2,247,32,64,61,1.049180328,1354,42388,0.035815377,1404.281250000,30.184836549,44,51,21.492063492,2.372968981,3,51,61,1354,42388,0
2048,2,248,32,64,64,1.000000000,1332,41453,0.035025357,1295.406250000,32.000000000,40,60,21.142857143,2.837837838,3,60,64,1332,41453,0
2048,2,249,32,64,61,1.049180328,1252,39023,0.032972149,1300.687500000,30.001825957,42,48,19.873015873,2.415335463,3,42,61,1252,39023,0
2048,2,250,32,64,64,1.000000000,1416,44325,0.037452028,1385.156250000,32.000000000,44,48,22.476190476,2.135593220,3,40,64,1416,44325,0
2048,2,251,32,64,62,1.032258065,1304,40813,0.034484594,1319.937500000,30.920403428,44,49,20.698412698,2.367331288,3,41,62,1304,40813,0
2048,2,252,32,64,63,1.015873016,1237,38564,0.032584321,1246.000000000,30.950240770,40,60,19.634920635,3.055780113,3,60,63,1237,38564,0
2048,2,253,32,64,64,1.000000000,1464,45887,0.038771827,1433.968750000,32.000000000,47,51,23.238095238,2.194672131,3,48,64,1464,45887,0
2048,2,254,32,64,64,1.000000000,1386,43353,0.036630745,1354.781250000,32.000000000,40,46,22.000000000,2.090909091,3,37,64,1386,43353,0
2048,2,255,32,64,61,1.049180328,1319,41383,0.034966211,1370.406250000,30.197614758,40,60,20.936507937,2.865807430,3,60,61,1319,41383,0
2048,2,256,32,64,63,1.015873016,1341,41867,0.035375162,1326.187500000,31.569442481,43,51,21.285714286,2.395973154,3,42,63,1341,41867,0
2048,2,257,32,64,63,1.015873016,1286,40196,0.033963265,1283.812500000,31.309868069,39,60,20.412698413,2.939346812,4,60,63,1286,40196,0
2048,2,258,32,64,64,1.000000000,1294,40406,0.034140703,1262.687500000,32.000000000,40,48,20.539682540,2.336939722,3,45,64,1294,40406,0
2048,2,259,32,64,64,1.000000000,1349,42136,0.035602452,1316.750000000,32.000000000,41,48,21.412698413,2.241660489,2,42,64,1349,42136,0
2048,2,260,32,64,62,1.032258065,1305,40723,0.034408549,1329.937500000,30.620235913,40,48,20.714285714,2.317241379,3,38,62,1305,40723,0
2048,2,261,32,64,63,1.015873016,1224,38253,0.032321544,1215.187500000,31.479092733,40,48,19.428571429,2.470588235,3,37,63,1224,38253,0
2048,2,262,32,64,63,1.015873016,1262,39482,0.033359977,1254.875000000,31.462894711,40,48,20.031746032,2.396196513,3,42,63,1262,39482,0
2048,2,263,32,64,62,1.032258065,1334,41702,0.035235747,1362.593750000,30.604866638,43,47,21.174603175,2.219640180,3,45,62,1334,41702,0
2048,2,264,32,64,61,1.049180328,1232,38546,0.032569112,1280.593750000,30.100100051,43,51,19.555555556,2.607954545,3,43,61,1232,38546,0
2048,2,265,32,64,62,1.032258065,1426,44630,0.037709736,1429.968750000,31.210472257,44,60,22.634920635,2.650771388,3,60,62,1426,44630,0
2048,2,266,32,64,62,1.032258065,1284,40149,0.033923553,1292.500000000,31.063056093,40,48,20.380952381,2.355140187,3,43,62,1284,40149,0
2048,2,267,32,64,64,1.000000000,1426,44659,0.037734239,1395.593750000,32.000000000,46,48,22.634920635,2.120617111,2,38,64,1426,44659,0
2048,2,268,32,64,60,1.066666667,1258,39244,0.033158881,1306.125000000,30.046128816,41,48,19.968253968,2.403815580,3,39,60,1258,39244,0
2048,2,269,32,64,64,1.000000000,1298,40528,0.034243786,1266.500000000,32.000000000,42,48,20.603174603,2.329738059,3,39,64,1298,40528,0
2048,2,270,32,64,61,1.049180328,1238,38683,0.032684869,1258.968750000,30.725941371,36,58,19.650793651,2.951534733,3,58,61,1238,38683,0
2048,2,271,32,64,64,1.000000000,1334,41687,0.035223073,1302.718750000,32.000000000,43,47,21.174603175,2.219640180,3,42,64,1334,41687,0
2048,2,272,32,64,63,1.015873016,1358,42425,0.035846640,1345.593750000,31.528832532,41,60,21.555555556,2.783505155,3,60,63,1358,42425,0
2048,2,273,32,64,62,1.032258065,1426,44747,0.037808594,1446.343750000,30.938011797,39,48,22.634920635,2.120617111,3,42,62,1426,44747,0
2048,2,274,32,64,63,1.015873016,1292,40286,0.034039310,1276.031250000,31.571327113,42,60,20.507936508,2.925696594,3,60,63,1292,40286,0
2048,2,275,32,64,63,1.015873016,1382,43112,0.036427115,1367.625000000,31.523261128,43,48,21.936507937,2.188133140,3,43,63,1382,43112,0
2048,2,276,32,64,64,1.000000000,1455,45513,0.038455819,1422.281250000,32.000000000,41,58,23.095238095,2.511340206,3,58,64,1455,45513,0
2048,2,277,32,64,64,1.000000000,1402,44046,0.037216290,1376.437500000,32.000000000,44,50,22.253968254,2.246790300,3,45,64,1402,44046,0
2048,2,278,32,64,64,1.000000000,1335,41775,0.035297428,1305.468750000,32.000000000,43,46,21.190476190,2.170786517,3,43,64,1335,41775,0
2048,2,279,32,64,63,1.015873016,1313,40992,0.034635839,1315.750000000,31.154854646,43,49,20.841269841,2.351104341,3,40,63,1313,40992,0
2048,2,280,32,64,63,1.015873016,1262,39487,0.033364202,1267.406250000,31.155756096,43,46,20.031746032,2.296354992,4,44,63,1262,39487,0
2048,2,281,32,64,64,1.000000000,1299,40501,0.034220972,1265.656250000,32.000000000,42,49,20.619047619,2.376443418,3,36,64,1299,40501,0
2048,2,282,32,64,63,1.015873016,1297,40510,0.034228577,1290.718750000,31.385613636,39,58,20.587301587,2.817270625,3,58,63,1297,40510,0
2048,2,283,32,64,61,1.049180328,1208,37594,0.031764728,1235.500000000,30.428166734,43,48,19.174603175,2.503311258,3,39,61,1208,37594,0
2048,2,284,32,64,63,1.015873016,1308,40855,0.034520082,1294.218750000,31.567306531,44,48,20.761904762,2.311926606,3,40,63,1308,40855,0
2048,2,285,32,64,64,1.000000000,1349,42200,0.035656528,1318.750000000,32.000000000,45,48,21.412698413,2.241660489,3,43,64,1349,42200,0
2048,2,286,32,64,64,1.000000000,1262,39389,0.033281398,1230.906250000,32.000000000,41,48,20.031746032,2.396196513,3,34,64,1262,39389,0
2048,2,287,32,64,63,1.015873016,1346,42237,0.035687791,1344.625000000,31.411731896,46,49,21.365079365,2.293462110,2,44,63,1346,42237,0
2048,2,288,32,64,61,1.049180328,1231,38372,0.032422092,1253.218750000,30.618756701,38,49,19.539682540,2.507717303,3,34,61,1231,38372,0
2048,2,289,32,64,64,1.000000000,1293,40282,0.034035930,1258.812500000,32.000000000,45,46,20.523809524,2.241299304,3,39,64,1293,40282,0
2048,2,290,32,64,63,1.015873016,1392,43455,0.036716929,1383.531250000,31.408759289,46,48,22.095238095,2.172413793,3,48,63,1392,43455,0
2048,2,291,32,64,63,1.015873016,1357,42408,0.035832276,1349.406250000,31.427155462,44,50,21.539682540,2.321296979,3,41,63,1357,42408,0
2048,2,292,32,64,60,1.066666667,1348,42218,0.035671737,1420.562500000,29.719213340,40,48,21.396825397,2.243323442,3,39,60,1348,42218,0
2048,2,293,32,64,64,1.000000000,1362,42614,0.036006334,1331.687500000,32.000000000,45,51,21.619047619,2.359030837,3,51,64,1362,42614,0
2048,2,294,32,64,62,1.032258065,1285,40195,0.033962420,1306.812500000,30.758046774,42,58,20.396825397,2.843579767,3,58,62,1285,40195,0
2048,2,295,32,64,63,1.015873016,1265,39650,0.033501927,1260.125000000,31.465132427,43,51,20.079365079,2.539920949,2,44,63,1265,39650,0
2048,2,296,32,64,62,1.032258065,1300,40547,0.034259840,1309.562500000,30.962248843,43,49,20.634920635,2.374615385,3,43,62,1300,40547,0
2048,2,297,32,64,62,1.032258065,1409,44113,0.037272901,1447.531250000,30.474644330,43,48,22.365079365,2.146202981,3,48,62,1409,44113,0
2048,2,298,32,64,61,1.049180328,1199,37380,0.031583910,1248.718750000,29.934683050,40,47,19.031746032,2.469557965,3,41,61,1199,37380,0
2048,2,299,32,64,64,1.000000000,1264,39504,0.033378566,1234.500000000,32.000000000,42,48,20.063492063,2.392405063,3,37,64,1264,39504,0
2048,2,300,32,64,63,1.015873016,1420,44432,0.037542437,1423.812500000,31.206356174,44,48,22.539682540,2.129577465,2,37,63,1420,44432,0
2048,2,301,32,64,64,1.000000000,1353,42154,0.035617661,1317.312500000,32.000000000,45,48,21.476190476,2.235033259,3,39,64,1353,42154,0
2048,2,302,32,64,64,1.000000000,1408,44068,0.037234879,1377.125000000,32.000000000,44,51,22.349206349,2.281960227,3,43,64,1408,44068,0
2048,2,303,32,64,63,1.015873016,1266,39481,0.033359132,1259.031250000,31.358236740,45,48,20.095238095,2.388625592,3,36,63,1266,39481,0
2048,2,304,32,64,64,1.000000000,1360,42484,0.035896491,1327.625000000,32.000000000,42,49,21.587301587,2.269852941,3,41,64,1360,42484,0
2048,2,305,32,64,64,1.000000000,1488,46510,0.039298225,1453.437500000,32.000000000,43,48,23.619047619,2.032258065,3,46,64,1488,46510,0
2048,2,306,32,64,64,1.000000000,1302,40554,0.034265754,1267.312500000,32.000000000,40,58,20.666666667,2.806451613,3,58,64,1302,40554,0
2048,2,307,32,64,63,1.015873016,1240,38801,0.032784572,1228.531250000,31.583242185,40,48,19.682539683,2.438709677,3,43,63,1240,38801,0
2048,2,308,32,64,63,1.015873016,1303,40776,0.034453331,1289.343750000,31.625390824,46,48,20.682539683,2.320798158,3,48,63,1303,40776,0
2048,2,309,32,64,62,1.032258065,1400,43886,0.037081099,1433.062500000,30.623926033,43,60,22.222222222,2.700000000,3,60,62,1400,43886,0
2048,2,310,32,64,64,1.000000000,1334,41621,0.035167307,1300.656250000,32.000000000,43,47,21.174603175,2.219640180,2,37,64,1334,41621,0
2048,2,311,32,64,64,1.000000000,1244,38663,0.032667970,1208.218750000,32.000000000,39,48,19.746031746,2.430868167,3,38,64,1244,38663,0
2048,2,312,16,32,32,1.000000000,778,24456,0.020663887,1528.500000000,16.000000000,25,60,12.682539683,4.730913642,3,60,34,799,25079,32
2048,4,0,32,128,122,1.049180328,2536,79276,0.066983576,2611.437500000,30.357226623,56,74,40.253968254,1.838328076,4,40,122,2536,79276,0
2048,4,1,32,128,125,1.024000000,2677,83539,0.070585561,2672.312500000,31.260939729,58,75,42.492063492,1.765035487,4,43,125,2677,83539,0
2048,4,2,32,128,127,1.007874016,2703,84521,0.071415294,2671.281250000,31.640621893,57,75,42.904761905,1.748057714,4,60,127,2703,84521,0
2048,4,3,32,128,125,1.024000000,2546,79516,0.067186362,2567.187500000,30.973974437,54,76,40.412698413,1.880597015,4,37,125,2546,79516,0
2048,4,4,32,128,124,1.032258065,2590,80989,0.068430961,2615.875000000,30.960577245,56,75,41.111111111,1.824324324,4,43,124,2590,80989,0
2048,4,5,32,128,121,1.057851240,2341,73016,0.061694243,2403.625000000,30.377450725,52,73,37.158730159,1.964545066,5,45,121,2341,73016,0
2048,4,6,32,128,123,1.040650407,2579,80442,0.067968778,2639.687500000,30.474061797,56,73,40.936507937,1.783249321,4,46,123,2579,80442,0
2048,4,7,32,128,123,1.040650407,2655,82911,0.070054938,2721.500000000,30.465184641,58,74,42.142857143,1.755932203,4,42,123,2655,82911,0
2048,4,8,32,128,124,1.032258065,2539,79256,0.066966677,2563.375000000,30.918613156,55,75,40.301587302,1.860968885,4,38,124,2539,79256,0
2048,4,9,32,128,128,1.000000000,2651,82854,0.070006776,2589.187500000,32.000000000,56,74,42.079365079,1.758581667,5,48,128,2651,82854,0
2048,4,10,32,128,121,1.057851240,2578,80586,0.068090449,2656.343750000,30.337188099,56,74,40.920634921,1.808378588,4,37,121,2578,80586,0
2048,4,11,32,128,125,1.024000000,2618,81857,0.069164370,2639.156250000,31.016352291,57,75,41.555555556,1.804812834,4,58,125,2618,81857,0
2048,4,12,32,128,124,1.032258065,2433,76025,0.064236671,2441.625000000,31.137050120,60,73,38.619047619,1.890258940,4,60,124,2433,76025,0
2048,4,13,32,128,127,1.007874016,2597,81065,0.068495176,2554.406250000,31.735359244,58,73,41.222222222,1.770889488,4,34,127,2597,81065,0
2048,4,14,32,128,127,1.007874016,2661,83199,0.070298281,2623.781250000,31.709579448,57,77,42.238095238,1.822998873,5,44,127,2661,83199,0
2048,4,15,32,128,124,1.032258065,2430,75785,0.064033886,2478.968750000,30.571180052,57,74,38.571428571,1.918518519,5,36,124,2430,75785,0
2048,4,16,32,128,126,1.015873016,2541,79304,0.067007234,2537.031250000,31.258582250,55,75,40.333333333,1.859504132,4,42,126,2541,79304,0
2048,4,17,32,128,124,1.032258065,2607,81291,0.068686133,2649.750000000,30.678743278,55,73,41.380952381,1.764096663,4,48,124,2607,81291,0
2048,4,18,32,128,127,1.007874016,2723,85174,0.071967041,2678.843750000,31.795060835,54,74,43.222222222,1.712082262,4,39,127,2723,85174,0
2048,4,19,32,128,124,1.032258065,2646,82740,0.069910453,2692.843750000,30.725882257,59,75,42.000000000,1.785714286,4,60,124,2646,82740,0
2048,4,20,32,128,118,1.084745763,2407,75298,0.063622399,2567.375000000,29.328789133,56,74,38.206349206,1.936850852,4,37,118,2407,75298,0
2048,4,21,32,128,126,1.015873016,2553,79874,0.067488851,2549.156250000,31.333504959,52,74,40.523809524,1.826086957,5,58,126,2553,79874,0
2048,4,22,32,128,122,1.049180328,2629,82251,0.069497277,2674.093750000,30.758457889,56,74,41.730158730,1.773297832,4,46,122,2629,82251,0
2048,4,23,32,128,125,1.024000000,2715,84872,0.071711868,2698.812500000,31.447905329,56,75,43.095238095,1.740331492,4,60,125,2715,84872,0
2048,4,24,32,128,123,1.040650407,2616,81809,0.069123813,2646.937500000,30.907038795,55,75,41.523809524,1.806192661,4,44,123,2616,81809,0
2048,4,25,32,128,125,1.024000000,2464,76871,0.064951492,2466.468750000,31.166419603,54,75,39.111111111,1.917613636,4,37,125,2464,76871,0
2048,4,26,32,128,124,1.032258065,2683,83951,0.070933677,2739.968750000,30.639400541,58,73,42.587301587,1.714125978,4,44,124,2683,83951,0
2048,4,27,32,128,127,1.007874016,2763,86405,0.073007163,2715.812500000,31.815524820,57,75,43.857142857,1.710097720,4,43,127,2763,86405,0
2048,4,28,32,128,120,1.066666667,2591,80984,0.068426736,2742.968750000,29.524215323,58,75,41.126984127,1.823620224,5,44,120,2591,80984,0
2048,4,29,32,128,125,1.024000000,2662,82923,0.070065077,2665.343750000,31.111559250,58,74,42.253968254,1.751314801,4,46,125,2662,82923,0
2048,4,30,32,128,121,1.057851240,2647,82719,0.069892709,2735.093750000,30.243570262,55,74,42.015873016,1.761239139,4,58,121,2647,82719,0
2048,4,31,32,128,127,1.007874016,2602,81503,0.068865261,2569.781250000,31.715929128,57,74,41.301587302,1.791698693,5,43,127,2602,81503,0
2048,4,32,32,128,123,1.040650407,2606,81347,0.068733450,2617.718750000,31.075530937,55,75,41.365079365,1.813123561,4,51,123,2606,81347,0
2048,4,33,32,128,118,1.084745763,2616,81905,0.069204927,2832.781250000,28.913280897,58,75,41.523809524,1.806192661,4,58,118,2616,81905,0
2048,4,34,32,128,126,1.015873016,2842,89060,0.075250483,2830.593750000,31.463363473,58,73,45.111111111,1.618226601,4,60,126,2842,89060,0
2048,4,35,32,128,122,1.049180328,2423,75610,0.063886021,2476.500000000,30.530991318,55,74,38.460317460,1.924061081,5,43,122,2423,75610,0
2048,4,36,32,128,127,1.007874016,2663,83233,0.070327009,2622.656250000,31.736145368,57,76,42.269841270,1.797972212,4,48,127,2663,83233,0
2048,4,37,32,128,125,1.024000000,2567,80197,0.067761767,2557.718750000,31.354893887,58,74,40.746031746,1.816127776,5,41,125,2567,80197,0
2048,4,38,32,128,120,1.066666667,2593,81130,0.068550097,2746.187500000,29.542775211,58,74,41.158730159,1.797917470,5,39,120,2593,81130,0
2048,4,39,32,128,124,1.032258065,2698,84431,0.071339249,2745.625000000,30.751104029,57,75,42.825396825,1.751297257,4,60,124,2698,84431,0
2048,4,40,32,128,122,1.049180328,2558,79890,0.067502370,2620.750000000,30.483640179,57,75,40.603174603,1.847146208,4,38,122,2558,79890,0
2048,4,41,32,128,122,1.049180328,2350,73302,0.061935896,2439.031250000,30.053735474,60,73,37.301587302,1.957021277,4,37,122,2350,73302,0
2048,4,42,32,128,127,1.007874016,2576,80401,0.067934135,2539.312500000,31.662507076,55,75,40.888888889,1.834239130,5,58,127,2576,80401,0
2048,4,43,32,128,127,1.007874016,2612,81495,0.068858501,2566.906250000,31.748335180,54,75,41.460317460,1.808958652,4,51,127,2612,81495,0
2048,4,44,32,128,127,1.007874016,2558,79696,0.067338451,2514.312500000,31.696935047,56,75,40.603174603,1.847146208,4,37,127,2558,79696,0
2048,4,45,32,128,126,1.015873016,2686,84064,0.071029156,2648.937500000,31.734988085,59,75,42.634920635,1.759121370,5,60,126,2686,84064,0
2048,4,46,32,128,123,1.040650407,2521,78704,0.066500270,2572.906250000,30.589532751,59,74,40.015873016,1.849266164,4,60,123,2521,78704,0
2048,4,47,32,128,128,1.000000000,2636,82479,0.069689923,2577.468750000,32.000000000,58,74,41.841269841,1.768588771,4,60,128,2636,82479,0
2048,4,48,32,128,121,1.057851240,2196,68504,0.057881867,2278.062500000,30.071167933,54,74,34.857142857,2.122950820,4,40,121,2196,68504,0
2048,4,49,32,128,123,1.040650407,2504,78231,0.066100612,2528.750000000,30.936628769,59,76,39.746031746,1.912140575,4,51,123,2504,78231,0
2048,4,50,32,128,122,1.049180328,2550,79784,0.067412806,2632.593750000,30.306233159,58,73,40.476190476,1.803529412,4,43,122,2550,79784,0
2048,4,51,32,128,123,1.040650407,2562,79983,0.067580950,2572.343750000,31.093433761,58,76,40.666666667,1.868852459,4,51,123,2562,79983,0
2048,4,52,32,128,127,1.007874016,2792,87383,0.073833516,2753.000000000,31.741009807,59,74,44.317460317,1.669770774,5,60,127,2792,87383,0
2048,4,53,32,128,122,1.049180328,2420,75568,0.063850533,2452.500000000,30.812640163,56,74,38.412698413,1.926446281,5,37,122,2420,75568,0
2048,4,54,32,128,123,1.040650407,2671,83480,0.070535710,2695.531250000,30.969776366,58,75,42.396825397,1.769000374,4,46,123,2671,83480,0
2048,4,55,32,128,122,1.049180328,2472,77228,0.065253136,2554.468750000,30.232509206,57,75,39.238095238,1.911407767,4,58,122,2472,77228,0
2048,4,56,32,128,125,1.024000000,2621,81891,0.069193098,2619.375000000,31.263564782,56,74,41.603174603,1.778710416,5,48,125,2621,81891,0
2048,4,57,32,128,119,1.075630252,2359,73561,0.062154736,2481.750000000,29.640777677,53,73,37.444444444,1.949554896,5,37,119,2359,73561,0
2048,4,58,32,128,124,1.032258065,2550,79582,0.067242128,2541.437500000,31.313774193,56,75,40.476190476,1.852941176,4,43,124,2550,79582,0
2048,4,59,32,128,125,1.024000000,2732,85544,0.072279669,2719.250000000,31.458674267,55,75,43.365079365,1.729502196,4,60,125,2732,85544,0
2048,4,60,32,128,126,1.015873016,2689,84020,0.070991978,2681.093750000,31.337956757,57,75,42.682539683,1.757158795,4,58,126,2689,84020,0
2048,4,61,32,128,120,1.066666667,2544,79751,0.067384923,2723.937500000,29.277837689,56,74,40.380952381,1.832547170,4,51,120,2544,79751,0
2048,4,62,32,128,122,1.049180328,2521,78880,0.066648979,2587.718750000,30.482447136,58,72,40.015873016,1.799285998,4,60,122,2521,78880,0
2048,4,63,32,128,125,1.024000000,2714,84888,0.071725387,2716.218750000,31.252269354,57,74,43.079365079,1.717759764,4,46,125,2714,84888,0
2048,4,64,32,128,122,1.049180328,2656,82995,0.070125913,2718.250000000,30.532511726,59,74,42.158730159,1.755271084,4,60,122,2656,82995,0
2048,4,65,32,128,122,1.049180328,2490,77663,0.065620686,2548.218750000,30.477367769,57,74,39.523809524,1.872289157,4,37,122,2490,77663,0
2048,4,66,32,128,123,1.040650407,2602,81416,0.068791751,2643.406250000,30.799654801,57,73,41.301587302,1.767486549,4,48,123,2602,81416,0
2048,4,67,32,128,124,1.032258065,2676,83631,0.070663296,2729.406250000,30.640730012,60,75,42.476190476,1.765695067,4,44,124,2676,83631,0
2048,4,68,32,128,120,1.066666667,2400,74827,0.063224432,2546.218750000,29.387498619,53,74,38.095238095,1.942500000,5,43,120,2400,74827,0
2048,4,69,32,128,120,1.066666667,2457,76792,0.064884742,2537.031250000,30.268448605,54,74,39.000000000,1.897435897,4,43,120,2457,76792,0
2048,4,70,32,128,126,1.015873016,2558,80003,0.067597848,2541.343750000,31.480589747,59,76,40.603174603,1.871774824,4,37,126,2558,80003,0
2048,4,71,32,128,120,1.066666667,2495,78120,0.066006824,2609.187500000,29.940354996,53,75,39.603174603,1.893787575,4,41,120,2495,78120,0
2048,4,72,32,128,124,1.032258065,2494,77840,0.065770240,2498.437500000,31.155472170,53,74,39.587301587,1.869286287,4,44,124,2494,77840,0
2048,4,73,32,128,123,1.040650407,2567,79995,0.067591089,2624.812500000,30.476462604,54,77,40.746031746,1.889754577,4,39,123,2567,79995,0
2048,4,74,32,128,123,1.040650407,2710,84675,0.071545415,2817.218750000,30.056238977,56,75,43.015873016,1.743542435,5,60,123,2710,84675,0
2048,4,75,32,128,122,1.049180328,2533,79074,0.066812898,2639.093750000,29.962558170,55,75,40.206349206,1.865377023,4,44,122,2533,79074,0
2048,4,76,32,128,125,1.024000000,2646,82797,0.069958615,2637.906250000,31.387392937,56,75,42.000000000,1.785714286,4,58,125,2646,82797,0
2048,4,77,32,128,123,1.040650407,2594,80908,0.068362520,2669.781250000,30.305104585,56,74,41.174603175,1.797224364,5,58,123,2594,80908,0
2048,4,78,32,128,125,1.024000000,2893,90725,0.076657310,2926.375000000,31.002520183,57,74,45.920634921,1.611475976,4,60,125,2893,90725,0
2048,4,79,32,128,125,1.024000000,2489,77472,0.065459302,2495.406250000,31.045846743,55,75,39.507936508,1.898352752,4,46,125,2489,77472,0
2048,4,80,32,128,123,1.040650407,2566,80248,0.067804859,2652.500000000,30.253722903,59,75,40.730158730,1.841387373,5,48,123,2566,80248,0
2048,4,81,32,128,120,1.066666667,2320,72427,0.061196572,2382.937500000,30.393999003,54,74,36.825396825,2.009482759,4,37,120,2320,72427,0
2048,4,82,32,128,124,1.032258065,2464,76932,0.065003033,2477.625000000,31.050703799,53,75,39.111111111,1.917613636,5,48,124,2464,76932,0
2048,4,83,32,128,128,1.000000000,2564,79995,0.067591089,2499.843750000,32.000000000,56,75,40.698412698,1.842823713,5,46,128,2564,79995,0
2048,4,84,32,128,122,1.049180328,2638,82377,0.069603739,2673.437500000,30.813138515,59,74,41.873015873,1.767247915,4,44,122,2638,82377,0
2048,4,85,32,128,118,1.084745763,2515,78506,0.066332971,2671.125000000,29.390612570,55,76,39.920634921,1.903777336,4,60,118,2515,78506,0
2048,4,86,32,128,126,1.015873016,2488,77651,0.065610546,2456.062500000,31.616052116,58,77,39.492063492,1.949758842,4,43,126,2488,77651,0
2048,4,87,32,128,121,1.057851240,2612,81835,0.069145781,2729.218750000,29.984771283,58,75,41.460317460,1.808958652,4,51,121,2612,81835,0
2048,4,88,32,128,120,1.066666667,2540,79353,0.067048637,2666.437500000,29.759932494,56,74,40.317460317,1.835433071,4,48,120,2540,79353,0
2048,4,89,32,128,121,1.057851240,2577,80607,0.068108193,2692.500000000,29.937604457,53,76,40.904761905,1.857974389,4,43,121,2577,80607,0
2048,4,90,32,128,125,1.024000000,2601,81303,0.068696272,2611.312500000,31.134917786,55,75,41.285714286,1.816608997,5,43,125,2601,81303,0
2048,4,91,32,128,123,1.040650407,2543,79505,0.067177068,2588.500000000,30.714699633,55,74,40.365079365,1.833267794,4,43,123,2543,79505,0
2048,4,92,32,128,122,1.049180328,2485,77477,0.065463526,2615.187500000,29.625791650,55,75,39.444444444,1.901408451,5,48,122,2485,77477,0
2048,4,93,32,128,125,1.024000000,2672,83621,0.070654846,2663.531250000,31.394788404,58,73,42.412698413,1.721182635,5,48,125,2672,83621,0
2048,4,94,32,128,118,1.084745763,2296,71832,0.060693832,2423.937500000,29.634427455,53,74,36.444444444,2.030487805,4,48,118,2296,71832,0
2048,4,95,32,128,125,1.024000000,2632,82366,0.069594445,2676.218750000,30.777005803,57,75,41.777777778,1.795212766,5,58,125,2632,82366,0
2048,4,96,32,128,122,1.049180328,2438,76057,0.064263710,2512.187500000,30.275208359,59,74,38.698412698,1.912223134,4,58,122,2438,76057,0
2048,4,97,32,128,125,1.024000000,2491,77775,0.065715319,2473.406250000,31.444490771,56,74,39.539682540,1.871537535,4,40,125,2491,77775,0
2048,4,98,32,128,124,1.032258065,2515,78638,0.066444503,2549.218750000,30.847882317,56,76,39.920634921,1.903777336,4,51,124,2515,78638,0
2048,4,99,32,128,126,1.015873016,2486,77542,0.065518448,2459.250000000,31.530751245,56,75,39.460317460,1.900643604,4,39,126,2486,77542,0
2048,4,100,32,128,122,1.049180328,2377,74287,0.062768163,2436.875000000,30.484534496,51,74,37.730158730,1.961295751,5,40,122,2377,74287,0
2048,4,101,32,128,124,1.032258065,2691,84164,0.071113650,2737.406250000,30.745893124,56,75,42.714285714,1.755852843,5,44,124,2691,84164,0
2048,4,102,32,128,124,1.032258065,2557,79872,0.067487161,2591.562500000,30.820016882,57,74,40.587301587,1.823230348,5,37,124,2557,79872,0
2048,4,103,32,128,120,1.066666667,2465,76870,0.064950647,2610.750000000,29.443646462,57,74,39.126984127,1.891277890,5,44,120,2465,76870,0
2048,4,104,32,128,125,1.024000000,2573,80378,0.067914701,2581.531250000,31.135784237,53,75,40.841269841,1.836377769,5,44,125,2573,80378,0
2048,4,105,32,128,121,1.057851240,2467,77082,0.065129775,2542.656250000,30.315541080,58,75,39.158730159,1.915281719,4,58,121,2467,77082,0
2048,4,106,32,128,127,1.007874016,2640,82513,0.069718651,2585.750000000,31.910664217,56,76,41.904761905,1.813636364,4,48,127,2640,82513,0
2048,4,107,32,128,128,1.000000000,2612,81686,0.069019885,2552.687500000,32.000000000,55,72,41.460317460,1.736600306,4,38,128,2612,81686,0
2048,4,108,32,128,124,1.032258065,2782,86953,0.073470191,2812.406250000,30.917652811,59,75,44.158730159,1.698418404,4,45,124,2782,86953,0
2048,4,109,32,128,126,1.015873016,2517,78627,0.066435209,2505.000000000,31.388023952,54,73,39.952380952,1.827175209,5,58,126,2517,78627,0
2048,4,110,32,128,124,1.032258065,2701,84457,0.071361218,2736.562500000,30.862441475,56,74,42.873015873,1.726027397,4,46,124,2701,84457,0
2048,4,111,32,128,123,1.040650407,2356,73460,0.062069397,2422.968750000,30.318178887,57,74,37.396825397,1.978777589,5,44,123,2356,73460,0
2048,4,112,32,128,119,1.075630252,2499,78107,0.065995840,2631.187500000,29.685075655,55,72,39.666666667,1.815126050,4,42,119,2499,78107,0
2048,4,113,32,128,126,1.015873016,2654,82854,0.070006776,2624.406250000,31.570569534,55,75,42.126984127,1.780331575,4,40,126,2654,82854,0
2048,4,114,32,128,125,1.024000000,2621,81885,0.069188028,2619.000000000,31.265750286,56,76,41.603174603,1.826783670,4,39,125,2621,81885,0
2048,4,115,32,128,124,1.032258065,2390,74635,0.063062203,2429.875000000,30.715571789,56,74,37.936507937,1.950627615,5,60,124,2390,74635,0
2048,4,116,32,128,125,1.024000000,2515,78587,0.066401411,2549.406250000,30.825608904,52,74,39.920634921,1.853677932,4,45,125,2515,78587,0
2048,4,117,32,128,122,1.049180328,2611,81611,0.068956514,2713.406250000,30.076955856,57,75,41.444444444,1.809651475,4,45,122,2611,81611,0
2048,4,118,32,128,125,1.024000000,2613,81665,0.069002141,2597.375000000,31.441359064,57,73,41.476190476,1.760045924,4,45,125,2613,81665,0
2048,4,119,32,128,122,1.049180328,2464,76824,0.064911780,2522.406250000,30.456632432,56,76,39.111111111,1.943181818,4,40,122,2464,76824,0
2048,4,120,32,128,125,1.024000000,2781,86896,0.073422030,2776.343750000,31.298717963,55,74,44.142857143,1.676375405,4,58,125,2781,86896,0
2048,4,121,32,128,125,1.024000000,2410,75018,0.063385815,2387.500000000,31.421151832,58,75,38.253968254,1.960580913,4,42,125,2410,75018,0
2048,4,122,32,128,121,1.057851240,2493,77880,0.065804038,2616.500000000,29.764953182,54,75,39.571428571,1.895306859,4,58,121,2493,77880,0
2048,4,123,32,128,124,1.032258065,2656,83034,0.070158866,2705.000000000,30.696487985,57,74,42.158730159,1.755271084,5,44,124,2656,83034,0
2048,4,124,32,128,123,1.040650407,2470,77086,0.065133154,2525.718750000,30.520421167,56,73,39.206349206,1.861943320,4,44,123,2470,77086,0
2048,4,125,32,128,125,1.024000000,2478,77139,0.065177936,2475.937500000,31.155471412,59,75,39.333333333,1.906779661,4,40,125,2478,77139,0
2048,4,126,32,128,127,1.007874016,2531,78961,0.066717419,2487.468750000,31.743514366,54,75,40.174603175,1.866851047,5,45,127,2531,78961,0
2048,4,127,32,128,128,1.000000000,2521,78674,0.066474921,2458.562500000,32.000000000,58,70,40.015873016,1.749305831,4,40,128,2521,78674,0
2048,4,128,32,128,124,1.032258065,2593,80997,0.068437720,2596.812500000,31.190931190,61,74,41.158730159,1.797917470,4,51,124,2593,80997,0
2048,4,129,32,128,126,1.015873016,2769,86521,0.073105177,2768.312500000,31.254058203,56,74,43.952380952,1.683640303,4,58,126,2769,86521,0
2048,4,130,32,128,126,1.015873016,2751,86032,0.072692000,2747.437500000,31.313542164,60,75,43.666666667,1.717557252,4,48,126,2751,86032,0
2048,4,131,32,128,126,1.015873016,2695,84222,0.071162656,2675.718750000,31.476402369,55,74,42.777777778,1.729870130,4,46,126,2695,84222,0
2048,4,132,32,128,126,1.015873016,2561,79992,0.067588554,2545.968750000,31.419081636,59,75,40.650793651,1.844982429,5,58,126,2561,79992,0
2048,4,133,32,128,122,1.049180328,2435,76135,0.064329615,2496.250000000,30.499749624,56,75,38.650793651,1.940451745,4,42,122,2435,76135,0
2048,4,134,32,128,126,1.015873016,2475,77257,0.065277639,2467.906250000,31.304673749,55,74,39.285714286,1.883636364,4,37,126,2475,77257,0
2048,4,135,32,128,121,1.057851240,2601,81456,0.068825548,2720.218750000,29.944650591,56,78,41.285714286,1.889273356,4,51,121,2601,81456,0
2048,4,136,32,128,123,1.040650407,2565,80345,0.067886818,2651.968750000,30.296360016,60,74,40.714285714,1.817543860,4,60,123,2565,80345,0
2048,4,137,32,128,122,1.049180328,2590,80935,0.068385334,2723.125000000,29.721367914,57,74,41.111111111,1.800000000,4,48,122,2590,80935,0
2048,4,138,32,128,123,1.040650407,2726,85471,0.072217988,2773.968750000,30.811810695,57,75,43.269841270,1.733308877,4,60,123,2726,85471,0
2048,4,139,32,128,122,1.049180328,2672,83812,0.070816230,2785.500000000,30.088673488,55,76,42.412698413,1.791916168,4,51,122,2672,83812,0
2048,4,140,32,128,124,1.032258065,2657,83175,0.070278003,2685.281250000,30.974409105,55,74,42.174603175,1.754610463,4,46,124,2657,83175,0
2048,4,141,32,128,128,1.000000000,2714,84896,0.071732147,2653.000000000,32.000000000,60,75,43.079365079,1.740972734,4,60,128,2714,84896,0
2048,4,142,32,128,122,1.049180328,2474,77197,0.065226943,2550.343750000,30.269252919,55,74,39.269841270,1.884397736,5,38,122,2474,77197,0
2048,4,143,32,128,121,1.057851240,2552,79679,0.067324087,2650.000000000,30.067547170,54,74,40.507936508,1.826802508,5,43,121,2552,79679,0
2048,4,144,32,128,122,1.049180328,2571,80265,0.067819223,2637.562500000,30.431506362,57,74,40.809523810,1.813302217,5,60,122,2571,80265,0
2048,4,145,32,128,125,1.024000000,2439,76198,0.064382846,2433.468750000,31.312504013,57,76,38.714285714,1.963099631,5,43,125,2439,76198,0
2048,4,146,32,128,123,1.040650407,2793,87498,0.073930684,2837.500000000,30.836299559,56,75,44.333333333,1.691729323,4,60,123,2793,87498,0
2048,4,147,32,128,125,1.024000000,2639,82510,0.069716117,2638.343750000,31.273407796,58,74,41.888888889,1.766578249,4,48,125,2639,82510,0
2048,4,148,32,128,127,1.007874016,2885,90258,0.076262723,2830.687500000,31.885540174,57,75,45.793650794,1.637781629,4,48,127,2885,90258,0
2048,4,149,32,128,124,1.032258065,2458,76694,0.064801937,2469.250000000,31.059633492,59,75,39.015873016,1.922294548,4,45,124,2458,76694,0
2048,4,150,32,128,128,1.000000000,2499,77975,0.065884307,2436.718750000,32.000000000,56,74,39.666666667,1.865546218,5,35,128,2499,77975,0
2048,4,151,32,128,120,1.066666667,2357,73435,0.062048273,2439.437500000,30.103251262,56,75,37.412698413,2.004666950,4,45,120,2357,73435,0
2048,4,152,32,128,125,1.024000000,2689,84013,0.070986064,2701.125000000,31.102966357,54,75,42.682539683,1.757158795,4,51,125,2689,84013,0
2048,4,153,32,128,124,1.032258065,2578,80409,0.067940895,2602.781250000,30.893491337,54,74,40.920634921,1.808378588,5,43,124,2578,80409,0
2048,4,154,32,128,123,1.040650407,2511,78414,0.066255237,2556.406250000,30.673528513,57,73,39.857142857,1.831541219,5,39,123,2511,78414,0
2048,4,155,32,128,126,1.015873016,2654,82883,0.070031280,2647.625000000,31.304659837,57,75,42.126984127,1.780331575,4,45,126,2654,82883,0
2048,4,156,32,128,124,1.032258065,2586,80722,0.068205361,2587.406250000,31.198038576,53,74,41.047619048,1.802784223,5,44,124,2586,80722,0
2048,4,157,32,128,116,1.103448276,2510,78577,0.066392962,2820.781250000,27.856467069,57,69,39.841269841,1.731872510,4,51,116,2510,78577,0
2048,4,158,32,128,126,1.015873016,2552,79617,0.067271701,2539.906250000,31.346432570,57,74,40.507936508,1.826802508,4,43,126,2552,79617,0
2048,4,159,32,128,123,1.040650407,2605,81370,0.068752883,2660.562500000,30.583758134,53,75,41.349206349,1.813819578,5,42,123,2605,81370,0
2048,4,160,32,128,122,1.049180328,2607,81466,0.068833998,2667.062500000,30.545215945,57,75,41.380952381,1.812428078,4,42,122,2607,81466,0
2048,4,161,32,128,125,1.024000000,2489,77607,0.065573369,2483.812500000,31.245112101,57,73,39.507936508,1.847730012,5,43,125,2489,77607,0
2048,4,162,32,128,123,1.040650407,2576,80531,0.068043978,2660.437500000,30.269833439,55,74,40.888888889,1.809782609,5,43,123,2576,80531,0
2048,4,163,32,128,127,1.007874016,2682,83710,0.070730046,2643.625000000,31.664854130,59,74,42.571428571,1.738255034,4,37,127,2682,83710,0
2048,4,164,32,128,120,1.066666667,2394,74678,0.063098535,2487.625000000,30.019798000,53,74,38.000000000,1.947368421,4,43,120,2394,74678,0
2048,4,165,32,128,122,1.049180328,2575,80357,0.067896958,2676.468750000,30.023515126,56,74,40.873015873,1.810485437,4,38,122,2575,80357,0
2048,4,166,32,128,124,1.032258065,2673,83526,0.070574577,2666.312500000,31.326410539,56,75,42.428571429,1.767676768,4,44,124,2673,83526,0
2048,4,167,32,128,126,1.015873016,2599,81115,0.068537423,2575.250000000,31.497912824,57,72,41.253968254,1.745286649,4,44,126,2599,81115,0
2048,4,168,32,128,126,1.015873016,2661,83054,0.070175765,2626.625000000,31.620044734,57,73,42.238095238,1.728297632,4,48,126,2661,83054,0
2048,4,169,32,128,119,1.075630252,2585,80843,0.068307599,2731.593750000,29.595542895,56,78,41.031746032,1.900967118,4,42,119,2585,80843,0
2048,4,170,32,128,123,1.040650407,2590,81002,0.068441945,2632.375000000,30.771451636,54,75,41.111111111,1.824324324,4,51,123,2590,81002,0
2048,4,171,32,128,121,1.057851240,2630,82255,0.069500657,2752.562500000,29.883063509,61,76,41.746031746,1.820532319,4,48,121,2630,82255,0
2048,4,172,32,128,126,1.015873016,2527,79058,0.066799379,2530.968750000,31.236260819,57,74,40.111111111,1.844875346,5,41,126,2527,79058,0
2048,4,173,32,128,124,1.032258065,2658,83102,0.070216322,2675.281250000,31.062902265,60,74,42.190476190,1.753950339,4,51,124,2658,83102,0
2048,4,174,32,128,118,1.084745763,2466,77062,0.065112876,2636.500000000,29.228901953,57,74,39.142857143,1.890510949,5,43,118,2466,77062,0
2048,4,175,32,128,123,1.040650407,2500,77996,0.065902051,2553.593750000,30.543621122,57,75,39.682539683,1.890000000,4,45,123,2500,77996,0
2048,4,176,32,128,119,1.075630252,2477,77469,0.065456767,2609.906250000,29.682675383,56,74,39.317460317,1.882115462,4,42,119,2477,77469,0
2048,4,177,32,128,125,1.024000000,2502,78178,0.066055830,2512.750000000,31.112526117,54,73,39.714285714,1.838129496,4,42,125,2502,78178,0
2048,4,178,32,128,123,1.040650407,2519,78830,0.066606732,2556.625000000,30.833618540,57,74,39.984126984,1.850734418,4,43,123,2519,78830,0
2048,4,179,32,128,122,1.049180328,2532,79098,0.066833176,2596.968750000,30.457817407,56,74,40.190476190,1.841232227,4,42,122,2532,79098,0
2048,4,180,32,128,125,1.024000000,2611,81497,0.068860191,2596.187500000,31.391030116,55,75,41.444444444,1.809651475,4,44,125,2611,81497,0
2048,4,181,32,128,125,1.024000000,2638,82416,0.069636692,2655.500000000,31.035963095,57,76,41.873015873,1.815011372,4,48,125,2638,82416,0
2048,4,182,32,128,125,1.024000000,2467,76854,0.064937128,2450.437500000,31.363378988,58,73,39.158730159,1.864207540,4,60,125,2467,76854,0
2048,4,183,32,128,127,1.007874016,2614,81701,0.069032559,2571.500000000,31.771728563,54,74,41.492063492,1.783473604,5,48,127,2614,81701,0
2048,4,184,32,128,125,1.024000000,2522,78801,0.066582229,2508.375000000,31.415159217,58,72,40.031746032,1.798572561,4,39,125,2522,78801,0
2048,4,185,32,128,125,1.024000000,2573,80213,0.067775286,2572.218750000,31.184361750,58,73,40.841269841,1.787407695,4,43,125,2573,80213,0
2048,4,186,32,128,124,1.032258065,2635,82190,0.069445735,2666.656250000,30.821370396,53,75,41.825396825,1.793168880,4,41,124,2635,82190,0
2048,4,187,32,128,122,1.049180328,2619,81905,0.069204927,2715.656250000,30.160297350,57,73,41.571428571,1.756013746,5,48,122,2619,81905,0
2048,4,188,32,128,124,1.032258065,2646,82752,0.069920592,2656.687500000,31.148563766,57,76,42.000000000,1.809523810,5,51,124,2646,82752,0
2048,4,189,32,128,125,1.024000000,2607,81361,0.068745279,2651.687500000,30.682725623,53,75,41.380952381,1.812428078,4,58,125,2607,81361,0
2048,4,190,32,128,126,1.015873016,2625,81915,0.069213376,2601.031250000,31.493277907,56,75,41.666666667,1.800000000,5,43,126,2625,81915,0
2048,4,191,32,128,120,1.066666667,2448,76479,0.064620275,2579.625000000,29.647332461,58,75,38.857142857,1.930147059,5,51,120,2448,76479,0
2048,4,192,32,128,124,1.032258065,2549,79564,0.067226919,2573.812500000,30.912896724,52,75,40.460317460,1.853668105,4,58,124,2549,79564,0
2048,4,193,32,128,122,1.049180328,2350,73329,0.061958709,2430.937500000,30.164905515,54,75,37.301587302,2.010638298,5,58,122,2350,73329,0
2048,4,194,32,128,120,1.066666667,2490,77881,0.065804883,2610.406250000,29.834819772,55,73,39.523809524,1.846987952,4,43,120,2490,77881,0
2048,4,195,32,128,124,1.032258065,2461,76727,0.064829820,2486.343750000,30.859369305,57,74,39.063492063,1.894351889,4,43,124,2461,76727,0
2048,4,196,32,128,124,1.032258065,2495,77779,0.065718699,2524.750000000,30.806614516,58,74,39.603174603,1.868537074,4,51,124,2495,77779,0
2048,4,197,32,128,121,1.057851240,2577,80645,0.068140301,2641.343750000,30.531807910,56,75,40.904761905,1.833527357,4,48,121,2577,80645,0
2048,4,198,32,128,125,1.024000000,2501,77936,0.065851355,2501.750000000,31.152593185,54,74,39.698412698,1.864054378,5,38,125,2501,77936,0
2048,4,199,32,128,126,1.015873016,2541,79229,0.066943864,2516.406250000,31.484979820,57,74,40.333333333,1.834710744,4,45,126,2541,79229,0
2048,4,200,32,128,124,1.032258065,2480,77393,0.065392551,2496.687500000,30.998272711,59,74,39.365079365,1.879838710,4,38,124,2480,77393,0
2048,4,201,32,128,122,1.049180328,2662,83225,0.070320250,2755.312500000,30.205285244,55,74,42.253968254,1.751314801,4,43,122,2662,83225,0
2048,4,202,32,128,119,1.075630252,2438,76192,0.064377777,2571.656250000,29.627598945,54,73,38.698412698,1.886382281,5,58,119,2438,76192,0
2048,4,203,32,128,126,1.015873016,2496,77869,0.065794743,2480.687500000,31.390088433,56,75,39.619047619,1.893028846,4,42,126,2496,77869,0
2048,4,204,32,128,120,1.066666667,2492,77883,0.065806573,2597.312500000,29.985995139,57,75,39.555555556,1.896067416,4,58,120,2492,77883,0
2048,4,205,32,128,124,1.032258065,2502,78262,0.066126805,2527.531250000,30.963811031,57,75,39.714285714,1.888489209,5,44,124,2502,78262,0
2048,4,206,32,128,120,1.066666667,2258,70430,0.059509224,2318.312500000,30.379856038,54,74,35.841269841,2.064658990,4,51,120,2258,70430,0
2048,4,207,32,128,122,1.049180328,2536,79254,0.066964987,2608.531250000,30.382614738,57,74,40.253968254,1.838328076,4,51,122,2536,79254,0
2048,4,208,32,128,121,1.057851240,2648,82637,0.069823424,2699.437500000,30.612673937,58,74,42.031746032,1.760574018,4,46,121,2648,82637,0
2048,4,209,32,128,120,1.066666667,2608,81513,0.068873710,2789.500000000,29.221365836,50,73,41.396825397,1.763420245,4,60,120,2608,81513,0
2048,4,210,32,128,126,1.015873016,2758,86218,0.072849159,2732.000000000,31.558565154,59,74,43.777777778,1.690355330,5,58,126,2758,86218,0
2048,4,211,32,128,121,1.057851240,2461,76854,0.064937128,2540.875000000,30.247060560,57,73,39.063492063,1.868752540,5,43,121,2461,76854,0
2048,4,212,32,128,125,1.024000000,2643,82487,0.069696683,2633.343750000,31.324053307,57,75,41.952380952,1.787741203,4,39,125,2643,82487,0
2048,4,213,32,128,120,1.066666667,2505,78134,0.066018653,2663.281250000,29.337494867,57,73,39.761904762,1.835928144,4,42,120,2505,78134,0
2048,4,214,32,128,126,1.015873016,2517,78573,0.066389582,2497.406250000,31.461841661,55,73,39.952380952,1.827175209,5,36,126,2517,78573,0
2048,4,215,32,128,125,1.024000000,2678,83849,0.070847493,2695.000000000,31.112801484,58,75,42.507936508,1.764376400,4,43,125,2678,83849,0
2048,4,216,32,128,120,1.066666667,2535,79162,0.066887253,2718.875000000,29.115718818,59,74,40.238095238,1.839053254,4,44,120,2535,79162,0
2048,4,217,32,128,123,1.040650407,2671,83688,0.070711458,2716.562500000,30.806580007,58,74,42.396825397,1.745413703,4,60,123,2671,83688,0
2048,4,218,32,128,123,1.040650407,2499,77993,0.065899516,2539.718750000,30.709305902,52,76,39.666666667,1.915966387,4,37,123,2499,77993,0
2048,4,219,32,128,116,1.103448276,2504,78219,0.066090473,2790.812500000,28.027321792,55,76,39.746031746,1.912140575,4,51,116,2504,78219,0
2048,4,220,32,128,123,1.040650407,2631,82104,0.069373070,2696.812500000,30.444830703,56,72,41.761904762,1.724059293,4,44,123,2631,82104,0
2048,4,221,32,128,126,1.015873016,2455,76721,0.064824751,2431.218750000,31.556600985,55,75,38.968253968,1.924643585,4,58,126,2455,76721,0
2048,4,222,32,128,121,1.057851240,2473,77199,0.065228633,2578.875000000,29.935146139,57,74,39.253968254,1.885159725,4,58,121,2473,77199,0
2048,4,223,32,128,122,1.049180328,2322,72346,0.061128132,2383.625000000,30.351250721,56,74,36.857142857,2.007751938,5,45,122,2322,72346,0
2048,4,224,32,128,123,1.040650407,2621,81979,0.069267453,2693.968750000,30.430568283,54,75,41.603174603,1.802747043,5,60,123,2621,81979,0
2048,4,225,32,128,116,1.103448276,2330,72847,0.061551448,2504.062500000,29.091526270,56,75,36.984126984,2.027896996,4,48,116,2330,72847,0
2048,4,226,32,128,121,1.057851240,2442,76103,0.064302577,2546.156250000,29.889367552,56,76,38.761904762,1.960687961,4,58,121,2442,76103,0
2048,4,227,32,128,127,1.007874016,2703,84447,0.071352768,2663.750000000,31.702299390,57,75,42.904761905,1.748057714,4,43,127,2703,84447,0
2048,4,228,32,128,126,1.015873016,2575,80421,0.067951034,2558.062500000,31.438246720,57,74,40.873015873,1.810485437,5,58,126,2575,80421,0
2048,4,229,32,128,124,1.032258065,2600,81149,0.068566151,2631.062500000,30.842672875,59,74,41.269841270,1.793076923,4,42,124,2600,81149,0
2048,4,230,32,128,123,1.040650407,2446,76340,0.064502828,2487.656250000,30.687519628,51,75,38.825396825,1.931725266,4,44,123,2446,76340,0
2048,4,231,32,128,123,1.040650407,2691,84302,0.071230252,2736.187500000,30.810023070,57,75,42.714285714,1.755852843,5,44,123,2691,84302,0
2048,4,232,32,128,125,1.024000000,2794,87426,0.073869849,2815.281250000,31.054090955,59,75,44.349206349,1.691123837,4,60,125,2794,87426,0
2048,4,233,32,128,126,1.015873016,2492,77794,0.065731373,2466.781250000,31.536643146,58,74,39.555555556,1.870786517,4,38,126,2492,77794,0
2048,4,234,32,128,125,1.024000000,2560,79925,0.067531943,2556.968750000,31.257714823,56,75,40.634920635,1.845703125,4,43,125,2560,79925,0
2048,4,235,32,128,121,1.057851240,2535,79415,0.067101023,2628.843750000,30.209098582,58,75,40.238095238,1.863905325,4,51,121,2535,79415,0
2048,4,236,32,128,124,1.032258065,2464,77023,0.065079923,2493.468750000,30.889899863,53,74,39.111111111,1.892045455,5,51,124,2464,77023,0
2048,4,237,32,128,126,1.015873016,2561,79943,0.067547152,2535.656250000,31.527538482,56,74,40.650793651,1.820382663,5,42,126,2561,79943,0
2048,4,238,32,128,117,1.094017094,2451,76615,0.064735187,2681.562500000,28.571029018,58,75,38.904761905,1.927784578,4,42,117,2451,76615,0
2048,4,239,32,128,123,1.040650407,2429,75735,0.063991638,2465.031250000,30.723748431,53,78,38.555555556,2.023054755,5,45,123,2429,75735,0
2048,4,240,32,128,122,1.049180328,2707,84679,0.071548795,2812.218750000,30.111099999,58,75,42.968253968,1.745474695,4,60,122,2707,84679,0
2048,4,241,32,128,123,1.040650407,2504,78200,0.066074419,2567.937500000,30.452454548,57,75,39.746031746,1.886980831,4,51,123,2504,78200,0
2048,4,242,32,128,124,1.032258065,2577,80522,0.068036373,2600.031250000,30.969627769,55,73,40.904761905,1.784633295,4,51,124,2577,80522,0
2048,4,243,32,128,121,1.057851240,2370,73963,0.062494402,2472.406250000,29.915391130,53,73,37.619047619,1.940506329,5,38,121,2370,73963,0
2048,4,244,32,128,125,1.024000000,2651,82666,0.069847927,2676.843750000,30.881892154,54,74,42.079365079,1.758581667,4,46,125,2651,82666,0
2048,4,245,32,128,121,1.057851240,2444,76317,0.064483394,2543.500000000,30.004717908,55,74,38.793650794,1.907528642,5,40,121,2444,76317,0
2048,4,246,32,128,118,1.084745763,2422,75675,0.063940942,2582.000000000,29.308675445,54,75,38.444444444,1.950867052,4,37,118,2422,75675,0
2048,4,247,32,128,124,1.032258065,2690,84040,0.071008877,2730.843750000,30.774371474,59,74,42.698412698,1.733085502,4,51,124,2690,84040,0
2048,4,248,32,128,127,1.007874016,2559,79675,0.067320708,2518.250000000,31.639035044,58,75,40.619047619,1.846424385,4,60,127,2559,79675,0
2048,4,249,32,128,119,1.075630252,2479,77442,0.065433953,2700.562500000,28.676248004,55,75,39.349206349,1.906010488,4,42,119,2479,77442,0
2048,4,250,32,128,125,1.024000000,2760,86322,0.072937033,2745.281250000,31.443772837,56,75,43.809523810,1.711956522,4,60,125,2760,86322,0
2048,4,251,32,128,125,1.024000000,2535,79138,0.066866974,2532.812500000,31.245107958,57,74,40.238095238,1.839053254,4,41,125,2535,79138,0
2048,4,252,32,128,125,1.024000000,2397,74765,0.063172045,2410.156250000,31.020810373,53,73,38.047619048,1.918648310,5,60,125,2397,74765,0
2048,4,253,32,128,126,1.015873016,2739,85615,0.072339660,2724.406250000,31.425195857,55,76,43.476190476,1.748083242,4,48,126,2739,85615,0
2048,4,254,32,128,126,1.015873016,2599,81077,0.068505316,2588.687500000,31.319732490,57,71,41.253968254,1.721046556,4,37,126,2599,81077,0
2048,4,255,32,128,121,1.057851240,2596,81301,0.068694582,2706.062500000,30.044021526,55,74,41.206349206,1.795839753,4,60,121,2596,81301,0
2048,4,256,32,128,122,1.049180328,2468,76864,0.064945577,2529.500000000,30.387033010,57,74,39.174603175,1.888978930,4,42,122,2468,76864,0
2048,4,257,32,128,121,1.057851240,2534,79310,0.067012304,2618.718750000,30.285802933,57,73,40.222222222,1.814917127,4,60,121,2534,79310,0
2048,4,258,32,128,126,1.015873016,2567,80252,0.067808239,2550.531250000,31.464817379,55,75,40.746031746,1.840670043,5,45,126,2567,80252,0
2048,4,259,32,128,124,1.032258065,2497,77888,0.065810797,2537.156250000,30.698937048,57,72,39.634920635,1.816579896,4,42,124,2497,77888,0
2048,4,260,32,128,125,1.024000000,2554,79710,0.067350281,2561.093750000,31.123421390,56,74,40.539682540,1.825371966,4,46,125,2554,79710,0
2048,4,261,32,128,126,1.015873016,2448,76432,0.064580563,2431.250000000,31.437326478,56,71,38.857142857,1.827205882,4,43,126,2448,76432,0
2048,4,262,32,128,126,1.015873016,2573,80547,0.068057497,2554.968750000,31.525630206,56,72,40.841269841,1.762922658,4,42,126,2573,80547,0
2048,4,263,32,128,123,1.040650407,2581,80602,0.068103968,2672.093750000,30.164360813,56,72,40.968253968,1.757458349,4,45,123,2581,80602,0
2048,4,264,32,128,120,1.066666667,2369,73987,0.062514681,2508.187500000,29.498193417,52,74,37.603174603,1.967918953,4,43,120,2369,73987,0
2048,4,265,32,128,122,1.049180328,2660,83095,0.070210407,2744.156250000,30.280710145,59,74,42.222222222,1.752631579,4,60,122,2660,83095,0
2048,4,266,32,128,123,1.040650407,2438,76100,0.064300042,2487.250000000,30.596039803,54,75,38.698412698,1.938063987,4,43,123,2438,76100,0
2048,4,267,32,128,126,1.015873016,2648,82716,0.069890175,2636.812500000,31.369693522,54,74,42.031746032,1.760574018,4,38,126,2648,82716,0
2048,4,268,32,128,120,1.066666667,2422,75446,0.063747450,2508.250000000,30.079138842,56,75,38.444444444,1.950867052,4,39,120,2422,75446,0
2048,4,269,32,128,124,1.032258065,2524,78819,0.066597438,2523.062500000,31.239416384,57,73,40.063492063,1.822107765,4,39,124,2524,78819,0
2048,4,270,32,128,125,1.024000000,2481,77466,0.065454232,2470.937500000,31.350853674,53,75,39.380952381,1.904474002,5,58,125,2481,77466,0
2048,4,271,32,128,124,1.032258065,2488,77727,0.065674762,2495.500000000,31.146864356,58,74,39.492063492,1.873794212,5,42,124,2488,77727,0
2048,4,272,32,128,122,1.049180328,2559,79942,0.067546307,2627.062500000,30.430185806,55,74,40.619047619,1.821805393,4,60,122,2559,79942,0
2048,4,273,32,128,119,1.075630252,2656,83284,0.070370101,2828.593750000,29.443606032,58,74,42.158730159,1.755271084,5,58,119,2656,83284,0
2048,4,274,32,128,124,1.032258065,2472,76989,0.065051195,2471.406250000,31.151899855,57,74,39.238095238,1.885922330,5,60,124,2472,76989,0
2048,4,275,32,128,125,1.024000000,2553,79662,0.067309723,2550.218750000,31.237320328,55,72,40.523809524,1.776733255,4,43,125,2553,79662,0
2048,4,276,32,128,125,1.024000000,2656,83019,0.070146192,2668.156250000,31.114744498,58,75,42.158730159,1.778990964,4,58,125,2656,83019,0
2048,4,277,32,128,128,1.000000000,2809,88001,0.074355690,2750.031250000,32.000000000,61,73,44.587301587,1.637237451,4,45,128,2809,88001,0
2048,4,278,32,128,124,1.032258065,2574,80497,0.068015250,2583.593750000,31.156988207,59,74,40.857142857,1.811188811,4,46,124,2574,80497,0
2048,4,279,32,128,124,1.032258065,2508,78302,0.066160603,2563.843750000,30.540862718,56,74,39.809523810,1.858851675,5,41,124,2508,78302,0
2048,4,280,32,128,124,1.032258065,2421,75672,0.063938407,2457.500000000,30.792268566,52,75,38.428571429,1.951672862,4,44,124,2421,75672,0
2048,4,281,32,128,124,1.032258065,2472,77045,0.065098512,2496.781250000,30.857729327,56,74,39.238095238,1.885922330,4,43,124,2472,77045,0
2048,4,282,32,128,124,1.032258065,2608,81409,0.068785836,2636.250000000,30.880606923,55,75,41.396825397,1.811733129,4,58,124,2608,81409,0
2048,4,283,32,128,120,1.066666667,2272,70680,0.059720460,2357.687500000,29.978527689,56,74,36.063492063,2.051936620,4,39,120,2272,70680,0
2048,4,284,32,128,124,1.032258065,2475,77355,0.065360444,2521.656250000,30.676266839,56,74,39.285714286,1.883636364,4,40,124,2475,77355,0
2048,4,285,32,128,125,1.024000000,2513,78460,0.066294104,2508.906250000,31.272591393,56,73,39.888888889,1.830083565,4,43,125,2513,78460,0
2048,4,286,32,128,125,1.024000000,2468,77012,0.065070629,2489.812500000,30.930843186,54,74,39.174603175,1.888978930,5,38,125,2468,77012,0
2048,4,287,32,128,126,1.015873016,2570,80434,0.067962018,2565.593750000,31.351027418,52,74,40.793650794,1.814007782,4,44,126,2570,80434,0
2048,4,288,32,128,120,1.066666667,2436,75982,0.064200339,2539.343750000,29.921904035,55,75,38.666666667,1.939655172,5,58,120,2436,75982,0
2048,4,289,32,128,125,1.024000000,2460,76607,0.064728427,2440.031250000,31.395909376,56,74,39.047619048,1.895121951,5,39,125,2460,76607,0
2048,4,290,32,128,120,1.066666667,2621,81850,0.069158455,2745.062500000,29.817171740,57,74,41.603174603,1.778710416,4,48,120,2621,81850,0
2048,4,291,32,128,124,1.032258065,2651,82886,0.070033815,2680.468750000,30.922203439,57,75,42.079365079,1.782346284,4,51,124,2651,82886,0
2048,4,292,32,128,120,1.066666667,2611,81666,0.069002986,2757.781250000,29.612936124,56,75,41.444444444,1.809651475,4,44,120,2611,81666,0
2048,4,293,32,128,126,1.015873016,2543,79287,0.066992870,2541.093750000,31.201918465,56,74,40.365079365,1.833267794,5,51,126,2543,79287,0
2048,4,294,32,128,119,1.075630252,2521,78810,0.066589833,2670.062500000,29.516163011,53,75,40.015873016,1.874256248,4,58,119,2521,78810,0
2048,4,295,32,128,125,1.024000000,2549,79737,0.067373094,2554.687500000,31.212036697,54,74,40.460317460,1.828952530,4,44,125,2549,79737,0
2048,4,296,32,128,121,1.057851240,2544,79489,0.067163549,2661.187500000,29.869747998,60,74,40.380952381,1.832547170,4,51,121,2544,79489,0
2048,4,297,32,128,120,1.066666667,2602,81333,0.068721621,2776.406250000,29.294344082,60,75,41.301587302,1.815910838,4,48,120,2602,81333,0
2048,4,298,32,128,119,1.075630252,2364,73709,0.062279787,2531.468750000,29.117088647,54,74,37.523809524,1.972081218,6,41,119,2364,73709,0
2048,4,299,32,128,120,1.066666667,2280,71071,0.060050832,2378.531250000,29.880204433,55,74,36.190476190,2.044736842,4,37,120,2280,71071,0
2048,4,300,32,128,119,1.075630252,2640,82604,0.069795541,2805.656250000,29.441953197,56,75,41.904761905,1.789772727,4,51,119,2640,82604,0
2048,4,301,32,128,127,1.007874016,2680,83560,0.070603305,2626.625000000,31.812687384,59,75,42.539682540,1.763059701,4,58,127,2680,83560,0
2048,4,302,32,128,125,1.024000000,2726,85241,0.072023652,2732.156250000,31.199167324,58,75,43.269841270,1.733308877,4,43,125,2726,85241,0
2048,4,303,32,128,123,1.040650407,2406,75065,0.063425528,2470.093750000,30.389534810,56,72,38.190476190,1.885286783,5,36,123,2406,75065,0
2048,4,304,32,128,123,1.040650407,2474,77206,0.065234547,2556.750000000,30.196929696,56,75,39.269841270,1.909862571,4,60,123,2474,77206,0
2048,4,305,32,128,120,1.066666667,2628,82141,0.069404333,2796.093750000,29.377055043,58,75,41.714285714,1.797945205,4,46,120,2628,82141,0
2048,4,306,32,128,125,1.024000000,2481,77401,0.065399311,2473.875000000,31.287352837,55,74,39.380952381,1.879081016,5,58,125,2481,77401,0
2048,4,307,32,128,124,1.032258065,2431,75868,0.064104016,2461.968750000,30.815988221,59,73,38.587301587,1.891814068,4,43,124,2431,75868,0
2048,4,308,32,128,124,1.032258065,2521,78824,0.066601663,2542.687500000,31.000270383,55,72,40.015873016,1.799285998,4,48,124,2521,78824,0
2048,4,309,32,128,123,1.040650407,2511,78678,0.066478301,2583.531250000,30.453666856,55,75,39.857142857,1.881720430,5,60,123,2511,78678,0
2048,4,310,32,128,125,1.024000000,2533,78938,0.066697986,2540.031250000,31.077570404,59,76,40.206349206,1.890248717,4,38,125,2533,78938,0
2048,4,311,32,128,128,1.000000000,2426,75385,0.063695909,2355.781250000,32.000000000,57,74,38.507936508,1.921681781,5,38,128,2426,75385,0
2048,4,312,16,64,64,1.000000000,1433,44929,0.037962373,2808.062500000,16.000000000,45,68,23.666666667,2.873239437,4,60,68,1491,46723,64
2048,8,0,32,256,234,1.094017094,4875,152282,0.128669369,5247.906250000,29.017667760,62,123,77.380952381,1.589538462,6,42,234,4875,152282,0
2048,8,1,32,256,239,1.071129707,4965,154951,0.130924518,5196.593750000,29.817801324,63,124,78.809523810,1.573413897,6,43,239,4965,154951,0
2048,8,2,32,256,246,1.040650407,5093,159079,0.134412436,5185.718750000,30.676364776,63,123,80.841269841,1.521500098,7,60,246,5093,159079,0
2048,8,3,32,256,244,1.049180328,4947,154487,0.130532465,5120.906250000,30.167902410,62,128,78.523809524,1.630078836,7,48,244,4947,154487,0
2048,8,4,32,256,238,1.075630252,4962,155092,0.131043655,5250.843750000,29.536586382,63,120,78.761904762,1.523579202,7,48,238,4962,155092,0
2048,8,5,32,256,231,1.108225108,4447,138570,0.117083533,4786.500000000,28.950172360,63,122,70.587301587,1.728356195,7,45,231,4447,138570,0
2048,8,6,32,256,238,1.075630252,5088,158804,0.134180077,5325.156250000,29.821472375,62,125,80.761904762,1.547759434,6,58,238,5088,158804,0
2048,8,7,32,256,235,1.089361702,5071,158648,0.134048266,5466.468750000,29.022026331,62,123,80.492063492,1.528100966,7,45,235,5071,158648,0
2048,8,8,32,256,232,1.103448276,4804,150093,0.126819793,5178.687500000,28.982826247,62,122,76.253968254,1.599916736,6,48,232,4804,150093,0
2048,8,9,32,256,243,1.053497942,4873,152160,0.128566286,5008.156250000,30.382438647,61,124,77.349206349,1.603119228,7,48,243,4873,152160,0
2048,8,10,32,256,231,1.108225108,4778,149179,0.126047516,5245.093750000,28.441626997,62,122,75.841269841,1.608622855,6,46,231,4778,149179,0
2048,8,11,32,256,245,1.044897959,5051,157810,0.133340206,5151.250000000,30.635282698,63,123,80.174603175,1.534151653,6,58,245,5051,157810,0
2048,8,12,32,256,234,1.094017094,4538,141474,0.119537242,4837.187500000,29.247160669,60,124,72.031746032,1.721463200,6,60,234,4538,141474,0
2048,8,13,32,256,244,1.049180328,4931,153960,0.130087181,5065.812500000,30.391965751,62,125,78.269841270,1.597039140,7,42,244,4931,153960,0
2048,8,14,32,256,241,1.062240664,4957,154839,0.130829885,5178.875000000,29.898192175,62,124,78.682539683,1.575953197,6,44,241,4957,154839,0
2048,8,15,32,256,234,1.094017094,4714,147208,0.124382137,5117.031250000,28.768243305,61,125,74.825396825,1.670555791,7,43,234,4714,147208,0
2048,8,16,32,256,247,1.036437247,4965,154968,0.130938882,5025.687500000,30.835184241,63,123,78.809523810,1.560725076,7,42,247,4965,154968,0
2048,8,17,32,256,237,1.080168776,4859,151651,0.128136211,5158.312500000,29.399343293,62,124,77.126984127,1.607738218,7,48,237,4859,151651,0
2048,8,18,32,256,244,1.049180328,5241,163854,0.138447031,5396.906250000,30.360727500,63,124,83.190476190,1.490555238,7,58,244,5241,163854,0
2048,8,19,32,256,237,1.080168776,4891,152806,0.129112119,5176.000000000,29.522024730,61,124,77.634920635,1.597219383,7,60,237,4891,152806,0
2048,8,20,32,256,230,1.113043478,4640,144897,0.122429477,5081.406250000,28.515137911,62,123,73.650793651,1.670043103,7,43,230,4640,144897,0
2048,8,21,32,256,241,1.062240664,4838,151194,0.127750073,5015.343750000,30.146288577,62,124,76.793650794,1.614716825,6,58,241,4838,151194,0
2048,8,22,32,256,235,1.089361702,4989,155930,0.131751716,5310.468750000,29.362756348,63,123,79.190476190,1.553217078,7,46,235,4989,155930,0
2048,8,23,32,256,242,1.057851240,5083,158907,0.134267106,5234.312500000,30.358714731,62,123,80.682539683,1.524493409,6,60,242,5083,158907,0
2048,8,24,32,256,232,1.103448276,4724,147600,0.124713354,5029.312500000,29.347947657,62,124,74.984126984,1.653683319,7,44,232,4724,147600,0
2048,8,25,32,256,244,1.049180328,4913,153400,0.129614014,5027.437500000,30.512562314,62,125,77.984126984,1.602890291,7,42,244,4913,153400,0
2048,8,26,32,256,243,1.053497942,5115,159824,0.135041918,5297.156250000,30.171660502,62,126,81.190476190,1.551906158,7,44,243,5115,159824,0
2048,8,27,32,256,245,1.044897959,5156,160914,0.135962904,5295.812500000,30.385139202,63,128,81.841269841,1.564003103,7,46,245,5156,160914,0
2048,8,28,32,256,231,1.108225108,4774,149127,0.126003579,5284.062500000,28.222035602,63,123,75.777777778,1.623167155,6,44,231,4774,149127,0
2048,8,29,32,256,236,1.084745763,4804,149759,0.126537582,5149.875000000,29.080123304,63,123,76.253968254,1.613030808,7,46,236,4804,149759,0
2048,8,30,32,256,234,1.094017094,4945,154473,0.130520636,5317.531250000,29.049758758,61,123,78.492063492,1.567037412,6,58,234,4945,154473,0
2048,8,31,32,256,238,1.075630252,4719,147480,0.124611961,4965.750000000,29.699441172,62,122,74.904761905,1.628734901,7,43,238,4719,147480,0
2048,8,32,32,256,236,1.084745763,4798,149633,0.126431120,5043.531250000,29.668300360,63,122,76.158730159,1.601917466,6,51,236,4798,149633,0
2048,8,33,32,256,223,1.147982063,4711,147256,0.124422694,5448.906250000,27.024873111,61,124,74.777777778,1.658246657,6,58,223,4711,147256,0
2048,8,34,32,256,241,1.062240664,5089,159056,0.134393003,5293.125000000,30.049545401,62,124,80.777777778,1.535075653,7,60,241,5089,159056,0
2048,8,35,32,256,242,1.057851240,4678,145951,0.123320045,4807.000000000,30.362180154,62,123,74.253968254,1.656477127,8,43,242,4678,145951,0
2048,8,36,32,256,247,1.036437247,5046,157446,0.133032647,5111.281250000,30.803626781,63,124,80.095238095,1.548156956,6,48,247,5046,157446,0
2048,8,37,32,256,240,1.066666667,4878,152352,0.128728515,5088.125000000,29.942660607,62,123,77.428571429,1.588560886,7,46,240,4878,152352,0
2048,8,38,32,256,240,1.066666667,5078,158934,0.134289920,5364.281250000,29.628200423,62,124,80.603174603,1.538400945,6,43,240,5078,158934,0
2048,8,39,32,256,247,1.036437247,5222,163255,0.137940912,5314.062500000,30.721317260,62,122,82.888888889,1.471849866,6,60,247,5222,163255,0
2048,8,40,32,256,239,1.071129707,4910,153250,0.129487273,5143.937500000,29.792352648,63,121,77.936507937,1.552545825,6,42,239,4910,153250,0
2048,8,41,32,256,243,1.053497942,4495,139971,0.118267296,4664.937500000,30.004903603,62,124,71.349206349,1.737931034,7,37,243,4495,139971,0
2048,8,42,32,256,247,1.036437247,5045,157529,0.133102777,5123.906250000,30.743927058,63,124,80.079365079,1.548463826,7,58,247,5045,157529,0
2048,8,43,32,256,237,1.080168776,4729,147586,0.124701524,5006.250000000,29.480349563,63,123,75.063492063,1.638612815,6,51,237,4729,147586,0
2048,8,44,32,256,232,1.103448276,4562,142259,0.120200521,4939.656250000,28.799372426,63,124,72.412698413,1.712406839,7,45,232,4562,142259,0
2048,8,45,32,256,246,1.040650407,5108,159577,0.134833217,5154.875000000,30.956521739,63,122,81.079365079,1.504698512,7,60,246,5108,159577,0
2048,8,46,32,256,241,1.062240664,4895,152621,0.128955804,5063.593750000,30.140846113,61,124,77.698412698,1.595914198,7,60,241,4895,152621,0
2048,8,47,32,256,237,1.080168776,4835,151151,0.127713741,5069.156250000,29.817782792,61,124,76.746031746,1.615718718,8,60,237,4835,151151,0
2048,8,48,32,256,233,1.098712446,4272,133051,0.112420301,4578.312500000,29.061144253,62,120,67.809523810,1.769662921,7,45,233,4272,133051,0
2048,8,49,32,256,236,1.084745763,4725,147753,0.124842630,4985.937500000,29.633945472,61,122,75.000000000,1.626666667,7,60,236,4725,147753,0
2048,8,50,32,256,238,1.075630252,5019,156972,0.132632145,5294.656250000,29.647250471,60,123,79.666666667,1.543933054,7,60,238,5019,156972,0
2048,8,51,32,256,237,1.080168776,4887,152510,0.128862016,5120.468750000,29.784382533,63,123,77.571428571,1.585635359,7,51,237,4887,152510,0
2048,8,52,32,256,243,1.053497942,5066,158389,0.133829427,5246.843750000,30.187481760,63,124,80.412698413,1.542045006,7,60,243,5066,158389,0
2048,8,53,32,256,239,1.071129707,4742,148104,0.125139204,4908.218750000,30.174694231,63,123,75.269841270,1.634120624,6,46,239,4742,148104,0
2048,8,54,32,256,233,1.098712446,4837,151167,0.127727260,5171.187500000,29.232550551,63,123,76.777777778,1.602026049,7,46,233,4837,151167,0
2048,8,55,32,256,234,1.094017094,4675,146002,0.123363137,5058.656250000,28.861814835,63,128,74.206349206,1.724919786,7,58,234,4675,146002,0
2048,8,56,32,256,242,1.057851240,5081,158802,0.134178387,5246.187500000,30.269981772,62,120,80.650793651,1.487896083,6,48,242,5081,158802,0
2048,8,57,32,256,235,1.089361702,4519,140746,0.118922125,4801.531250000,29.312732266,62,122,71.730158730,1.700818765,7,39,235,4519,140746,0
2048,8,58,32,256,243,1.053497942,4824,150335,0.127024268,4894.906250000,30.712539183,62,123,76.571428571,1.606343284,7,58,243,4824,150335,0
2048,8,59,32,256,247,1.036437247,5049,157918,0.133431459,5110.625000000,30.899938853,61,123,80.142857143,1.534759358,7,60,247,5049,157918,0
2048,8,60,32,256,241,1.062240664,4944,154315,0.130387135,5168.062500000,29.859352514,61,125,78.476190476,1.592839806,6,58,241,4944,154315,0
2048,8,61,32,256,236,1.084745763,4803,150353,0.127039477,5194.500000000,28.944652998,62,121,76.238095238,1.587133042,6,51,236,4803,150353,0
2048,8,62,32,256,240,1.066666667,4862,151828,0.128285766,5078.781250000,29.894573624,62,123,77.174603175,1.593788564,7,60,240,4862,151828,0
2048,8,63,32,256,239,1.071129707,5040,157510,0.133086723,5314.187500000,29.639526268,63,123,80.000000000,1.537500000,6,51,239,5040,157510,0
2048,8,64,32,256,238,1.075630252,5011,156416,0.132162357,5272.843750000,29.664448145,63,123,79.539682540,1.546397925,6,60,238,5011,156416,0
2048,8,65,32,256,238,1.075630252,4782,149130,0.126006114,5003.843750000,29.803088875,63,123,75.904761905,1.620451694,6,43,238,4782,149130,0
2048,8,66,32,256,235,1.089361702,4901,153166,0.129416298,5257.468750000,29.133030986,63,121,77.793650794,1.555396858,6,48,235,4901,153166,0
2048,8,67,32,256,240,1.066666667,5001,156214,0.131991679,5293.281250000,29.511751336,62,124,79.380952381,1.562087582,6,44,240,5001,156214,0
2048,8,68,32,256,235,1.089361702,4699,146723,0.123972340,5104.968750000,28.741214136,62,123,74.587301587,1.649074271,7,44,235,4699,146723,0
2048,8,69,32,256,231,1.108225108,4529,141393,0.119468802,4831.031250000,29.267664125,61,119,71.888888889,1.655332303,6,43,231,4529,141393,0
2048,8,70,32,256,239,1.071129707,4786,149455,0.126280720,4979.062500000,30.016694910,63,124,75.968253968,1.632260761,7,58,239,4786,149455,0
2048,8,71,32,256,235,1.089361702,4869,152131,0.128541783,5192.500000000,29.298218584,62,125,77.285714286,1.617375231,7,60,235,4869,152131,0
2048,8,72,32,256,241,1.062240664,4910,153272,0.129505861,5075.000000000,30.201379310,62,124,77.936507937,1.591038697,7,45,241,4910,153272,0
2048,8,73,32,256,235,1.089361702,4794,149463,0.126287479,5157.187500000,28.981494274,62,120,76.095238095,1.576971214,6,39,235,4794,149463,0
2048,8,74,32,256,235,1.089361702,5064,158205,0.133673957,5505.125000000,28.737767081,62,123,80.380952381,1.530213270,6,60,235,5064,158205,0
2048,8,75,32,256,235,1.089361702,4928,153897,0.130033950,5325.093750000,28.900336262,63,121,78.222222222,1.546875000,6,45,235,4928,153897,0
2048,8,76,32,256,243,1.053497942,4946,154622,0.130646532,5067.125000000,30.514739621,62,121,78.507936508,1.541245451,6,58,243,4946,154622,0
2048,8,77,32,256,244,1.049180328,4963,154730,0.130737786,5111.718750000,30.269662234,63,123,78.777777778,1.561354020,7,58,244,4963,154730,0
2048,8,78,32,256,241,1.062240664,5408,169343,0.143084915,5693.625000000,29.742562954,62,125,85.841269841,1.456176036,6,60,241,5408,169343,0
2048,8,79,32,256,241,1.062240664,4727,147275,0.124438748,4919.812500000,29.935083908,63,121,75.031746032,1.612650730,7,46,241,4727,147275,0
2048,8,80,32,256,239,1.071129707,4809,150194,0.126905132,5085.343750000,29.534679932,62,122,76.333333333,1.598253275,7,48,239,4809,150194,0
2048,8,81,32,256,234,1.094017094,4614,143959,0.121636922,4861.437500000,29.612434594,63,120,73.238095238,1.638491547,7,58,234,4614,143959,0
2048,8,82,32,256,240,1.066666667,4762,148479,0.125456057,4925.781250000,30.143238699,62,121,75.587301587,1.600797984,7,48,240,4762,148479,0
2048,8,83,32,256,241,1.062240664,4864,151867,0.128318719,5029.406250000,30.195810887,63,124,77.206349206,1.606085526,7,51,241,4864,151867,0
2048,8,84,32,256,235,1.089361702,4902,153076,0.129340253,5210.937500000,29.375904048,63,123,77.809523810,1.580783354,7,44,235,4902,153076,0
2048,8,85,32,256,222,1.153153153,4495,140400,0.118629775,5073.531250000,27.673033452,62,123,71.349206349,1.723915462,6,60,222,4495,140400,0
2048,8,86,32,256,245,1.044897959,4821,150216,0.126923720,4901.218750000,30.648703447,63,121,76.523809524,1.581207218,8,43,245,4821,150216,0
2048,8,87,32,256,234,1.094017094,4869,152414,0.128780902,5208.875000000,29.260444914,63,122,77.285714286,1.578558226,7,60,234,4869,152414,0
2048,8,88,32,256,232,1.103448276,4741,148018,0.125066539,5207.812500000,28.422298230,63,121,75.253968254,1.607888631,7,48,232,4741,148018,0
2048,8,89,32,256,235,1.089361702,4829,150798,0.127415476,5194.062500000,29.032765778,62,123,76.650793651,1.604680058,7,43,235,4829,150798,0
2048,8,90,32,256,242,1.057851240,4959,154940,0.130915224,5133.812500000,30.180299729,63,122,78.714285714,1.549909256,7,45,242,4959,154940,0
2048,8,91,32,256,236,1.084745763,4826,150698,0.127330982,5114.093750000,29.467195434,61,123,76.603174603,1.605677580,6,43,236,4826,150698,0
2048,8,92,32,256,239,1.071129707,4871,152055,0.128477568,5174.093750000,29.387755102,63,123,77.317460317,1.590843769,7,58,239,4871,152055,0
2048,8,93,32,256,235,1.089361702,4964,155234,0.131163636,5273.781250000,29.435047197,62,123,78.793650794,1.561039484,6,48,235,4964,155234,0
2048,8,94,32,256,229,1.117903930,4515,141268,0.119363185,4887.000000000,28.906895846,62,125,71.666666667,1.744186047,6,48,229,4515,141268,0
2048,8,95,32,256,241,1.062240664,4995,156156,0.131942672,5282.718750000,29.559779233,62,123,79.285714286,1.551351351,7,58,241,4995,156156,0
2048,8,96,32,256,235,1.089361702,4543,141759,0.119778051,4836.125000000,29.312517770,62,122,72.111111111,1.691833590,8,58,235,4543,141759,0
2048,8,97,32,256,241,1.062240664,4935,154149,0.130246875,5116.250000000,30.129293916,61,124,78.333333333,1.582978723,7,60,241,4935,154149,0
2048,8,98,32,256,241,1.062240664,4681,146000,0.123361447,4882.875000000,29.900417275,62,121,74.301587302,1.628498184,8,51,241,4681,146000,0
2048,8,99,32,256,237,1.080168776,4681,146217,0.123544800,4902.312500000,29.826127975,62,123,74.301587302,1.655415510,6,40,237,4681,146217,0
2048,8,100,32,256,240,1.066666667,4576,142686,0.120561311,4786.187500000,29.812037243,62,123,72.634920635,1.693400350,7,40,240,4576,142686,0
2048,8,101,32,256,234,1.094017094,4870,152170,0.128574736,5324.531250000,28.579041582,61,122,77.301587302,1.578234086,6,44,234,4870,152170,0
2048,8,102,32,256,244,1.049180328,5088,159118,0.134445389,5236.531250000,30.386145409,63,124,80.761904762,1.535377358,7,58,244,5088,159118,0
2048,8,103,32,256,240,1.066666667,4889,152637,0.128969324,5159.218750000,29.585293316,63,124,77.603174603,1.597872776,6,44,240,4889,152637,0
2048,8,104,32,256,244,1.049180328,5043,157602,0.133164458,5214.031250000,30.226516191,63,124,80.047619048,1.549077930,8,46,244,5043,157602,0
2048,8,105,32,256,237,1.080168776,4754,148277,0.125285379,4993.437500000,29.694373866,63,121,75.460317460,1.603491796,7,58,237,4754,148277,0
2048,8,106,32,256,245,1.044897959,4930,153894,0.130031415,5027.937500000,30.607779035,62,122,78.253968254,1.559026369,7,48,245,4930,153894,0
2048,8,107,32,256,247,1.036437247,4901,153009,0.129283642,4946.406250000,30.933367028,62,125,77.793650794,1.606814936,8,46,247,4901,153009,0
2048,8,108,32,256,239,1.071129707,5164,161568,0.136515495,5477.437500000,29.497004758,63,123,81.968253968,1.500580945,7,45,239,5164,161568,0
2048,8,109,32,256,243,1.053497942,4785,149382,0.126219039,4979.718750000,29.998079711,62,124,75.952380952,1.632601881,7,58,243,4785,149382,0
2048,8,110,32,256,231,1.108225108,4864,152132,0.128542628,5355.312500000,28.407679290,61,123,77.206349206,1.593133224,6,46,231,4864,152132,0
2048,8,111,32,256,238,1.075630252,4592,143193,0.120989697,4832.125000000,29.633546318,62,124,72.888888889,1.701219512,7,44,238,4592,143193,0
2048,8,112,32,256,235,1.089361702,4846,151222,0.127773731,5160.468750000,29.303927090,62,123,76.920634921,1.599050764,7,42,235,4846,151222,0
2048,8,113,32,256,245,1.044897959,4988,155702,0.131559069,5094.281250000,30.564076139,62,124,79.174603175,1.566158781,7,48,245,4988,155702,0
2048,8,114,32,256,240,1.066666667,5070,158331,0.133780420,5330.781250000,29.701275024,63,125,80.476190476,1.553254438,7,46,240,5070,158331,0
2048,8,115,32,256,238,1.075630252,4557,142164,0.120120252,4866.437500000,29.213156441,62,123,72.333333333,1.700460829,7,60,238,4557,142164,0
2048,8,116,32,256,240,1.066666667,4810,150180,0.126893302,5051.593750000,29.729231493,62,121,76.349206349,1.584823285,7,45,240,4810,150180,0
2048,8,117,32,256,237,1.080168776,4950,154526,0.130565418,5260.093750000,29.377042947,63,120,78.571428571,1.527272727,6,48,237,4950,154526,0
2048,8,118,32,256,239,1.071129707,4923,153844,0.129989168,5134.593750000,29.962253586,63,125,78.142857143,1.599634369,7,45,239,4923,153844,0
2048,8,119,32,256,237,1.080168776,4786,149309,0.126157359,5051.781250000,29.555713641,63,124,75.968253968,1.632260761,6,48,237,4786,149309,0
2048,8,120,32,256,238,1.075630252,5192,162205,0.137053723,5414.562500000,29.957175672,61,121,82.412698413,1.468220339,6,58,238,5192,162205,0
2048,8,121,32,256,242,1.057851240,4718,147077,0.124271449,4833.937500000,30.425920898,61,125,74.888888889,1.669139466,7,51,242,4718,147077,0
2048,8,122,32,256,233,1.098712446,4690,146424,0.123719703,5037.781250000,29.065176262,61,124,74.444444444,1.665671642,7,58,233,4690,146424,0
2048,8,123,32,256,235,1.089361702,4859,151839,0.128295060,5265.250000000,28.837946916,61,121,77.126984127,1.568841325,6,44,235,4859,151839,0
2048,8,124,32,256,232,1.103448276,4567,142555,0.120450624,4996.500000000,28.530971680,62,125,72.492063492,1.724326691,7,44,232,4567,142555,0
2048,8,125,32,256,241,1.062240664,4540,141322,0.119408811,4730.781250000,29.872867193,61,124,72.063492063,1.720704846,7,40,241,4540,141322,0
2048,8,126,32,256,245,1.044897959,4850,151231,0.127781336,4939.812500000,30.614724749,61,122,76.984126984,1.584742268,7,45,245,4850,151231,0
2048,8,127,32,256,233,1.098712446,4544,141525,0.119580334,4921.156250000,28.758485366,63,122,72.126984127,1.691461268,6,40,233,4544,141525,0
2048,8,128,32,256,242,1.057851240,4888,152527,0.128876380,5079.156250000,30.029987756,62,123,77.587301587,1.585310966,7,51,242,4888,152527,0
2048,8,129,32,256,248,1.032258065,5252,164091,0.138647283,5324.187500000,30.819913837,62,124,83.365079365,1.487433359,7,58,248,5252,164091,0
2048,8,130,32,256,240,1.066666667,5025,156950,0.132613556,5253.343750000,29.876209795,62,124,79.761904762,1.554626866,6,60,240,5025,156950,0
2048,8,131,32,256,236,1.084745763,4854,151570,0.128067771,5244.875000000,28.898686813,63,122,77.047619048,1.583436341,7,58,236,4854,151570,0
2048,8,132,32,256,241,1.062240664,4790,149429,0.126258751,4976.906250000,30.024475546,63,128,76.031746032,1.683507307,7,58,241,4790,149429,0
2048,8,133,32,256,237,1.080168776,4680,146117,0.123460305,4962.750000000,29.442748476,63,124,74.285714286,1.669230769,6,46,237,4680,146117,0
2048,8,134,32,256,240,1.066666667,4623,144344,0.121962224,4850.312500000,29.759731976,63,124,73.380952381,1.689811811,7,39,240,4623,144344,0
2048,8,135,32,256,238,1.075630252,5062,158378,0.133820132,5369.468750000,29.496027889,62,123,80.349206349,1.530817859,6,51,238,5062,158378,0
2048,8,136,32,256,242,1.057851240,4931,154159,0.130255324,5093.437500000,30.266200380,63,123,78.269841270,1.571486514,7,60,242,4931,154159,0
2048,8,137,32,256,240,1.066666667,4887,152537,0.128884829,5201.000000000,29.328398385,63,123,77.571428571,1.585635359,6,58,240,4887,152537,0
2048,8,138,32,256,233,1.098712446,4863,152201,0.128600929,5278.750000000,28.832772910,61,123,77.190476190,1.593460827,6,60,233,4863,152201,0
2048,8,139,32,256,242,1.057851240,5031,157477,0.133058840,5279.531250000,29.827837462,63,125,79.857142857,1.565295170,7,60,242,5031,157477,0
2048,8,140,32,256,238,1.075630252,5002,156230,0.132005198,5255.187500000,29.728720431,63,120,79.396825397,1.511395442,6,46,238,5002,156230,0
2048,8,141,32,256,242,1.057851240,5101,159532,0.134795195,5290.656250000,30.153537191,62,122,80.968253968,1.506763380,6,60,242,5101,159532,0
2048,8,142,32,256,235,1.089361702,4675,145805,0.123196684,5046.156250000,28.894269772,63,121,74.206349206,1.630588235,6,38,235,4675,145805,0
2048,8,143,32,256,231,1.108225108,4689,146282,0.123599721,5174.156250000,28.271662650,61,121,74.428571429,1.625719770,7,43,231,4689,146282,0
2048,8,144,32,256,242,1.057851240,5033,157119,0.132756351,5238.000000000,29.995990836,63,125,79.888888889,1.564673157,8,60,242,5033,157119,0
2048,8,145,32,256,241,1.062240664,4622,144180,0.121823654,4816.312500000,29.935765173,61,124,73.365079365,1.690177412,7,43,241,4622,144180,0
2048,8,146,32,256,237,1.080168776,5089,159261,0.134566216,5358.281250000,29.722403989,62,121,80.777777778,1.497936726,6,60,237,5089,159261,0
2048,8,147,32,256,242,1.057851240,5051,157996,0.133497365,5226.125000000,30.231959626,63,122,80.174603175,1.521678875,6,48,242,5051,157996,0
2048,8,148,32,256,244,1.049180328,5360,167555,0.141574160,5565.875000000,30.103981854,62,122,85.079365079,1.433955224,6,60,244,5360,167555,0
2048,8,149,32,256,243,1.053497942,4799,149590,0.126394787,4942.812500000,30.264146172,60,120,76.174603175,1.575328193,7,51,243,4799,149590,0
2048,8,150,32,256,248,1.032258065,4866,152004,0.128434476,4866.687500000,31.233564925,63,123,77.238095238,1.592478422,7,42,248,4866,152004,0
2048,8,151,32,256,236,1.084745763,4519,140840,0.119001550,4758.875000000,29.595229965,63,123,71.730158730,1.714759903,7,45,236,4519,140840,0
2048,8,152,32,256,238,1.075630252,4887,152470,0.128828218,5123.875000000,29.756775878,62,122,77.571428571,1.572744015,6,51,238,4887,152470,0
2048,8,153,32,256,241,1.062240664,4861,151674,0.128155645,5062.343750000,29.961221025,63,124,77.158730159,1.607076733,7,46,241,4861,151674,0
2048,8,154,32,256,235,1.089361702,4892,152824,0.129127328,5166.406250000,29.580329654,62,120,77.650793651,1.545380213,7,46,235,4892,152824,0
2048,8,155,32,256,238,1.075630252,4809,150081,0.126809653,5084.000000000,29.520259638,62,123,76.333333333,1.611353712,7,45,238,4809,150081,0
2048,8,156,32,256,245,1.044897959,5056,157798,0.133330066,5095.218750000,30.969818519,62,123,80.253968254,1.532634494,7,45,245,5056,157798,0
2048,8,157,32,256,224,1.142857143,4745,148432,0.125416345,5457.062500000,27.199981675,62,123,75.317460317,1.633087460,6,51,224,4745,148432,0
2048,8,158,32,256,241,1.062240664,4703,146738,0.123985014,4888.687500000,30.015827357,62,122,74.650793651,1.634275994,7,51,241,4703,146738,0
2048,8,159,32,256,233,1.098712446,4772,148860,0.125777980,5228.812500000,28.469179187,62,122,75.746031746,1.610645432,6,42,233,4772,148860,0
2048,8,160,32,256,238,1.075630252,4771,148772,0.125703625,5057.843750000,29.414115452,62,123,75.730158730,1.624187801,8,42,238,4771,148772,0
2048,8,161,32,256,237,1.080168776,4617,143850,0.121544823,4893.531250000,29.395950011,63,124,73.285714286,1.692007797,7,43,237,4617,143850,0
2048,8,162,32,256,234,1.094017094,4944,154603,0.130630478,5330.156250000,29.005341072,62,124,78.476190476,1.580097087,7,58,234,4944,154603,0
2048,8,163,32,256,245,1.044897959,5133,160210,0.135368065,5263.218750000,30.439548043,61,124,81.476190476,1.521917008,7,39,245,5133,160210,0
2048,8,164,32,256,236,1.084745763,4738,147845,0.124920364,5039.250000000,29.338691274,63,124,75.206349206,1.648796961,7,60,236,4738,147845,0
2048,8,165,32,256,236,1.084745763,4881,152586,0.128926232,5264.593750000,28.983432957,63,123,77.476190476,1.587584511,6,45,236,4881,152586,0
2048,8,166,32,256,240,1.066666667,5047,157624,0.133183046,5225.687500000,30.163303872,62,124,80.111111111,1.547850208,6,44,240,5047,157624,0
2048,8,167,32,256,242,1.057851240,4856,151639,0.128126072,5027.500000000,30.161909498,61,124,77.079365079,1.608731466,6,60,242,4856,151639,0
2048,8,168,32,256,246,1.040650407,5099,159179,0.134496930,5173.406250000,30.768702922,63,122,80.936507937,1.507354383,7,48,246,5099,159179,0
2048,8,169,32,256,230,1.113043478,4789,149676,0.126467452,5230.250000000,28.617370107,63,117,76.015873016,1.539152224,6,43,230,4789,149676,0
2048,8,170,32,256,235,1.089361702,4716,147143,0.124327215,4996.281250000,29.450503812,62,121,74.857142857,1.616412214,8,51,235,4716,147143,0
2048,8,171,32,256,236,1.084745763,4876,152298,0.128682888,5200.812500000,29.283501376,61,123,77.396825397,1.589212469,7,48,236,4876,152298,0
2048,8,172,32,256,240,1.066666667,4826,150722,0.127351261,5044.125000000,29.880702798,63,124,76.603174603,1.618731869,8,46,240,4826,150722,0
2048,8,173,32,256,246,1.040650407,5172,161528,0.136481698,5256.781250000,30.727548345,63,124,82.095238095,1.510440835,7,58,246,5172,161528,0
2048,8,174,32,256,234,1.094017094,4801,149896,0.126653339,5149.968750000,29.106196033,60,125,76.206349206,1.640283274,6,46,234,4801,149896,0
2048,8,175,32,256,235,1.089361702,4887,152633,0.128965944,5203.031250000,29.335399437,62,122,77.571428571,1.572744015,7,60,235,4887,152633,0
2048,8,176,32,256,234,1.094017094,4719,147349,0.124501273,5078.750000000,29.012847650,63,121,74.904761905,1.615384615,6,42,234,4719,147349,0
2048,8,177,32,256,239,1.071129707,4702,146703,0.123955441,4888.750000000,30.008284326,63,123,74.634920635,1.648022118,7,42,239,4702,146703,0
2048,8,178,32,256,239,1.071129707,4800,150034,0.126769941,5034.843750000,29.799137262,61,125,76.190476190,1.640625000,7,48,239,4800,150034,0
2048,8,179,32,256,236,1.084745763,4806,150061,0.126792754,5109.562500000,29.368659254,61,122,76.285714286,1.599250936,6,45,236,4806,150061,0
2048,8,180,32,256,238,1.075630252,4906,153230,0.129470374,5162.656250000,29.680457613,61,122,77.873015873,1.566653078,7,44,238,4906,153230,0
2048,8,181,32,256,241,1.062240664,4983,155676,0.131537101,5208.437500000,29.889194216,62,123,79.095238095,1.555087297,7,48,241,4983,155676,0
2048,8,182,32,256,242,1.057851240,4739,147757,0.124846009,4854.843750000,30.434965080,62,122,75.222222222,1.621861152,7,60,242,4739,147757,0
2048,8,183,32,256,243,1.053497942,4950,154733,0.130740321,5105.031250000,30.309902608,63,124,78.571428571,1.578181818,6,51,243,4950,154733,0
2048,8,184,32,256,236,1.084745763,4705,146889,0.124112600,5019.406250000,29.264218253,63,125,74.682539683,1.673751328,8,46,236,4705,146889,0
2048,8,185,32,256,250,1.024000000,5081,158707,0.134098118,5092.000000000,31.167910448,62,122,80.650793651,1.512694352,6,43,250,5081,158707,0
2048,8,186,32,256,239,1.071129707,4963,155011,0.130975214,5239.218750000,29.586663088,63,124,78.777777778,1.574047955,7,48,239,4963,155011,0
2048,8,187,32,256,233,1.098712446,4782,149492,0.126311983,5163.968750000,28.949052025,59,122,75.904761905,1.607277290,6,48,233,4782,149492,0
2048,8,188,32,256,241,1.062240664,5109,159930,0.135131481,5272.437500000,30.333218744,62,125,81.095238095,1.541397534,8,51,241,5109,159930,0
2048,8,189,32,256,245,1.044897959,4947,154503,0.130545984,5108.750000000,30.242818693,62,124,78.523809524,1.579138872,8,58,245,4947,154503,0
2048,8,190,32,256,240,1.066666667,4924,153705,0.129871721,5115.781250000,30.045264347,62,123,78.158730159,1.573720552,7,48,240,4924,153705,0
2048,8,191,32,256,233,1.098712446,4683,146130,0.123471290,5117.625000000,28.554261010,63,123,74.333333333,1.654708520,7,51,233,4683,146130,0
2048,8,192,32,256,240,1.066666667,4909,153229,0.129469529,5137.062500000,29.828136216,62,123,77.920634921,1.578529232,7,58,240,4909,153229,0
2048,8,193,32,256,242,1.057851240,4686,146383,0.123685060,4841.031250000,30.237978736,63,124,74.380952381,1.667093470,7,58,242,4686,146383,0
2048,8,194,32,256,236,1.084745763,4653,145026,0.122538474,4979.718750000,29.123331513,63,121,73.857142857,1.638297872,6,45,236,4653,145026,0
2048,8,195,32,256,234,1.094017094,4627,144418,0.122024750,4908.156250000,29.424083636,62,121,73.444444444,1.647503782,7,51,234,4627,144418,0
2048,8,196,32,256,237,1.080168776,4677,145881,0.123260899,4953.718750000,29.448785319,63,122,74.238095238,1.643361129,7,51,237,4677,145881,0
2048,8,197,32,256,240,1.066666667,4940,154247,0.130329679,5130.250000000,30.066176112,63,123,78.412698413,1.568623482,9,60,240,4940,154247,0
2048,8,198,32,256,240,1.066666667,4636,144520,0.122110934,4911.562500000,29.424444869,62,122,73.587301587,1.657894737,8,38,240,4636,144520,0
2048,8,199,32,256,247,1.036437247,4904,152818,0.129122258,4953.531250000,30.850315116,63,123,77.841269841,1.580138662,7,45,247,4904,152818,0
2048,8,200,32,256,245,1.044897959,4987,155912,0.131736507,5143.031250000,30.315195927,62,124,79.158730159,1.566472829,6,48,245,4987,155912,0
2048,8,201,32,256,237,1.080168776,4943,154505,0.130547674,5323.093750000,29.025414027,61,123,78.460317460,1.567671455,7,43,237,4943,154505,0
2048,8,202,32,256,230,1.113043478,4588,143171,0.120971108,5043.718750000,28.385999913,62,125,72.825396825,1.716434176,6,58,230,4588,143171,0
2048,8,203,32,256,241,1.062240664,4695,146484,0.123770399,4931.312500000,29.704870661,63,122,74.523809524,1.637060703,7,46,241,4695,146484,0
2048,8,204,32,256,228,1.122807018,4470,139480,0.117852429,4934.531250000,28.266109370,63,123,70.952380952,1.733557047,7,58,228,4470,139480,0
2048,8,205,32,256,232,1.103448276,4618,144175,0.121819429,5014.906250000,28.749291176,63,123,73.301587302,1.677999134,7,44,232,4618,144175,0
2048,8,206,32,256,226,1.132743363,4327,135014,0.114078921,4765.187500000,28.333407657,61,122,68.682539683,1.776288422,7,51,226,4327,135014,0
2048,8,207,32,256,238,1.075630252,4774,149137,0.126012029,5075.781250000,29.382077882,63,125,75.777777778,1.649560117,7,51,238,4774,149137,0
2048,8,208,32,256,234,1.094017094,4973,155320,0.131236301,5318.718750000,29.202521754,62,119,78.936507937,1.507540720,6,46,234,4973,155320,0
2048,8,209,32,256,234,1.094017094,4908,153207,0.129450940,5326.500000000,28.763165306,63,121,77.904761905,1.553178484,6,60,234,4908,153207,0
2048,8,210,32,256,238,1.075630252,5089,159081,0.134414126,5373.718750000,29.603521770,62,122,80.777777778,1.510316369,6,58,238,5089,159081,0
2048,8,211,32,256,237,1.080168776,4825,150800,0.127417166,5088.500000000,29.635452491,63,124,76.587301587,1.619067358,7,46,237,4825,150800,0
2048,8,212,32,256,238,1.075630252,4902,152944,0.129228721,5160.250000000,29.638874086,63,122,77.809523810,1.567931457,7,39,238,4902,152944,0
2048,8,213,32,256,233,1.098712446,4699,146530,0.123809266,5119.468750000,28.622110448,61,124,74.587301587,1.662481379,7,43,233,4699,146530,0
2048,8,214,32,256,244,1.049180328,4784,149259,0.126115111,4936.968750000,30.232923796,63,118,75.936507937,1.553929766,7,41,244,4784,149259,0
2048,8,215,32,256,239,1.071129707,4999,156205,0.131984075,5272.250000000,29.627768031,63,124,79.349206349,1.562712543,6,44,239,4999,156205,0
2048,8,216,32,256,222,1.153153153,4594,143587,0.121322604,5354.687500000,26.815196965,62,125,72.920634921,1.714192425,6,44,222,4594,143587,0
2048,8,217,32,256,237,1.080168776,4956,154940,0.130915224,5212.718750000,29.723452853,61,125,78.666666667,1.588983051,8,60,237,4956,154940,0
2048,8,218,32,256,241,1.062240664,4825,150729,0.127357175,5009.375000000,30.089382408,63,123,76.587301587,1.606010363,6,45,241,4825,150729,0
2048,8,219,32,256,233,1.098712446,4769,148846,0.125766151,5222.531250000,28.500738986,63,126,75.698412698,1.664499895,7,51,233,4769,148846,0
2048,8,220,32,256,237,1.080168776,4856,151446,0.127962998,5172.093750000,29.281371785,63,121,77.079365079,1.569810544,6,44,237,4856,151446,0
2048,8,221,32,256,238,1.075630252,4566,142342,0.120270652,4773.312500000,29.820381548,63,124,72.476190476,1.710906702,7,58,238,4566,142342,0
2048,8,222,32,256,229,1.117903930,4639,144913,0.122442996,5171.187500000,28.023157157,63,122,73.634920635,1.656822591,7,58,229,4639,144913,0
2048,8,223,32,256,239,1.071129707,4591,143116,0.120924636,4814.218750000,29.727772549,62,123,72.873015873,1.687867567,7,45,239,4591,143116,0
2048,8,224,32,256,241,1.062240664,5003,156214,0.131991679,5232.968750000,29.851888567,62,123,79.412698413,1.548870678,7,60,241,5003,156214,0
2048,8,225,32,256,223,1.147982063,4371,136452,0.115293947,4951.156250000,27.559623068,62,123,69.380952381,1.772820865,7,48,223,4371,136452,0
2048,8,226,32,256,239,1.071129707,4683,145866,0.123248225,4911.875000000,29.696602621,63,124,74.333333333,1.668161435,7,58,239,4683,145866,0
2048,8,227,32,256,244,1.049180328,4960,154868,0.130854388,5084.656250000,30.457909519,61,123,78.730158730,1.562298387,7,43,244,4960,154868,0
2048,8,228,32,256,243,1.053497942,4874,152094,0.128510520,5050.375000000,30.115387471,61,123,77.365079365,1.589864588,7,58,243,4874,152094,0
2048,8,229,32,256,238,1.075630252,4855,151564,0.128062701,5157.093750000,29.389421125,62,124,77.063492063,1.609062822,6,60,238,4855,151564,0
2048,8,230,32,256,235,1.089361702,4688,146248,0.123570993,4987.843750000,29.320886405,62,123,74.412698413,1.652943686,7,44,235,4688,146248,0
2048,8,231,32,256,240,1.066666667,5012,156777,0.132467381,5237.593750000,29.933020292,62,120,79.555555556,1.508379888,7,60,240,5012,156777,0
2048,8,232,32,256,230,1.113043478,4895,152905,0.129195768,5357.312500000,28.541362857,63,124,77.698412698,1.595914198,6,60,230,4895,152905,0
2048,8,233,32,256,240,1.066666667,4720,147325,0.124480995,4927.187500000,29.900424938,61,123,74.920634921,1.641737288,7,44,240,4720,147325,0
2048,8,234,32,256,244,1.049180328,4923,153648,0.129823559,5031.531250000,30.537025881,62,122,78.142857143,1.561243144,7,43,244,4923,153648,0
2048,8,235,32,256,237,1.080168776,4917,153558,0.129747515,5199.281250000,29.534466903,62,121,78.047619048,1.550335570,7,51,237,4917,153558,0
2048,8,236,32,256,238,1.075630252,4706,146891,0.124114290,4955.125000000,29.644257208,62,123,74.698412698,1.646621334,7,51,238,4706,146891,0
2048,8,237,32,256,241,1.062240664,4901,152824,0.129127328,5111.250000000,29.899535339,62,120,77.793650794,1.542542338,7,45,241,4901,152824,0
2048,8,238,32,256,223,1.147982063,4593,143385,0.121151926,5229.375000000,27.419146648,62,122,72.904761905,1.673416068,6,42,223,4593,143385,0
2048,8,239,32,256,241,1.062240664,4534,141296,0.119386843,4689.406250000,30.130893437,63,125,71.968253968,1.736876930,7,45,241,4534,141296,0
2048,8,240,32,256,234,1.094017094,4866,152051,0.128474188,5288.843750000,28.749384022,63,121,77.238095238,1.566584464,7,60,234,4866,152051,0
2048,8,241,32,256,241,1.062240664,4689,146385,0.123686750,4911.687500000,29.803402598,62,123,74.428571429,1.652591171,7,51,241,4689,146385,0
2048,8,242,32,256,242,1.057851240,4874,152340,0.128718376,5033.781250000,30.263532012,62,124,77.365079365,1.602790316,7,51,242,4874,152340,0
2048,8,243,32,256,242,1.057851240,4696,146478,0.123765329,4900.437500000,29.890800566,61,126,74.539682540,1.690374787,7,38,242,4696,146478,0
2048,8,244,32,256,237,1.080168776,5017,156493,0.132227418,5403.500000000,28.961413898,62,123,79.634920635,1.544548535,7,51,237,5017,156493,0
2048,8,245,32,256,237,1.080168776,4794,149604,0.126406616,5090.593750000,29.388320370,63,122,76.095238095,1.603254068,7,48,237,4794,149604,0
2048,8,246,32,256,235,1.089361702,4809,150193,0.126904287,5179.968750000,28.994962566,61,123,76.333333333,1.611353712,7,43,235,4809,150193,0
2048,8,247,32,256,238,1.075630252,5002,156262,0.132032236,5296.156250000,29.504794161,62,123,79.396825397,1.549180328,7,51,238,5002,156262,0
2048,8,248,32,256,242,1.057851240,4804,149614,0.126415066,4946.687500000,30.245290409,63,124,76.253968254,1.626144879,8,60,242,4804,149614,0
2048,8,249,32,256,228,1.122807018,4588,143122,0.120929706,5257.562500000,27.222120517,61,122,72.825396825,1.675239756,6,42,228,4588,143122,0
2048,8,250,32,256,245,1.044897959,5150,161038,0.136067676,5256.687500000,30.634881758,63,122,81.746031746,1.492427184,7,60,245,5150,161038,0
2048,8,251,32,256,246,1.040650407,4956,154714,0.130724267,5093.625000000,30.374045989,63,124,78.666666667,1.576271186,7,45,246,4956,154714,0
2048,8,252,32,256,238,1.075630252,4452,138734,0.117222103,4691.281250000,29.572731330,63,126,70.666666667,1.783018868,7,60,238,4452,138734,0
2048,8,253,32,256,245,1.044897959,5205,162677,0.137452535,5308.156250000,30.646611053,61,124,82.619047619,1.500864553,6,48,245,5205,162677,0
2048,8,254,32,256,242,1.057851240,4856,151650,0.128135366,5034.312500000,30.123278998,62,123,77.079365079,1.595757825,7,45,242,4856,151650,0
2048,8,255,32,256,237,1.080168776,5102,159679,0.134919401,5414.281250000,29.492187906,63,125,80.984126984,1.543512348,6,60,237,5102,159679,0
2048,8,256,32,256,231,1.108225108,4764,148581,0.125542241,5173.843750000,28.717720747,61,126,75.619047619,1.666246851,7,42,231,4764,148581,0
2048,8,257,32,256,237,1.080168776,4824,150806,0.127422236,5101.187500000,29.562920398,62,122,76.571428571,1.593283582,7,60,237,4824,150806,0
2048,8,258,32,256,246,1.040650407,4969,155130,0.131075763,5071.312500000,30.589714201,62,123,78.873015873,1.559468706,7,45,246,4969,155130,0
2048,8,259,32,256,238,1.075630252,4727,147434,0.124573093,5021.656250000,29.359636076,63,122,75.031746032,1.625978422,7,48,238,4727,147434,0
2048,8,260,32,256,244,1.049180328,4942,154289,0.130365167,5083.843750000,30.348887099,62,122,78.444444444,1.555240793,7,46,244,4942,154289,0
2048,8,261,32,256,251,1.019920319,4870,152068,0.128488552,4849.187500000,31.359480325,63,124,77.301587302,1.604106776,7,45,251,4870,152068,0
2048,8,262,32,256,245,1.044897959,5008,156562,0.132285719,5133.062500000,30.500700118,61,123,79.492063492,1.547324281,6,58,245,5008,156562,0
2048,8,263,32,256,236,1.084745763,4851,151557,0.128056787,5219.593750000,29.036167805,62,123,77.000000000,1.597402597,7,45,236,4851,151557,0
2048,8,264,32,256,233,1.098712446,4554,142093,0.120060261,4905.281250000,28.967350241,63,122,72.285714286,1.687747036,7,43,233,4554,142093,0
2048,8,265,32,256,231,1.108225108,4921,153575,0.129761879,5474.406250000,28.053270617,62,124,78.111111111,1.587482219,7,60,231,4921,153575,0
2048,8,266,32,256,237,1.080168776,4543,141618,0.119658914,4836.156250000,29.283172974,62,120,72.111111111,1.664098613,6,43,237,4543,141618,0
2048,8,267,32,256,237,1.080168776,4888,152610,0.128946510,5160.968750000,29.570029851,63,123,77.587301587,1.585310966,6,39,237,4888,152610,0
2048,8,268,32,256,233,1.098712446,4600,143358,0.121129112,4991.468750000,28.720604531,62,121,73.015873016,1.657173913,6,39,233,4600,143358,0
2048,8,269,32,256,240,1.066666667,4687,146078,0.123427353,4868.156250000,30.006842940,61,121,74.396825397,1.626413484,7,39,240,4687,146078,0
2048,8,270,32,256,240,1.066666667,4901,153189,0.129435731,5109.875000000,29.979011228,62,123,77.793650794,1.581105897,6,58,240,4901,153189,0
2048,8,271,32,256,244,1.049180328,4753,148361,0.125356354,4865.687500000,30.491271788,62,124,75.444444444,1.643593520,7,43,244,4753,148361,0
2048,8,272,32,256,235,1.089361702,4900,153135,0.129390104,5358.281250000,28.579126936,63,120,77.777777778,1.542857143,6,60,235,4900,153135,0
2048,8,273,32,256,225,1.137777778,4876,152663,0.128991292,5529.625000000,27.608201279,63,122,77.396825397,1.576292043,6,60,225,4876,152663,0
2048,8,274,32,256,243,1.053497942,4729,147307,0.124465786,4830.125000000,30.497554411,62,123,75.063492063,1.638612815,6,60,243,4729,147307,0
2048,8,275,32,256,243,1.053497942,5000,155985,0.131798187,5103.062500000,30.566938970,61,123,79.365079365,1.549800000,8,58,243,5000,155985,0
2048,8,276,32,256,241,1.062240664,4921,153651,0.129826094,5132.718750000,29.935596997,62,124,78.111111111,1.587482219,7,58,241,4921,153651,0
2048,8,277,32,256,244,1.049180328,5137,160679,0.135764342,5271.718750000,30.479433297,63,121,81.539682540,1.483940043,7,60,244,5137,160679,0
2048,8,278,32,256,246,1.040650407,4990,155891,0.131718763,5075.750000000,30.712899571,63,122,79.206349206,1.540280561,7,46,246,4990,155891,0
2048,8,279,32,256,234,1.094017094,4741,147991,0.125043726,5159.250000000,28.684595629,62,124,75.253968254,1.647753638,7,60,234,4741,147991,0
2048,8,280,32,256,241,1.062240664,4814,150317,0.127009059,5062.500000000,29.692246914,62,126,76.412698413,1.648940590,8,44,241,4814,150317,0
2048,8,281,32,256,232,1.103448276,4562,142306,0.120240234,4914.062500000,28.958931638,63,122,72.412698413,1.684787374,6,43,232,4562,142306,0
2048,8,282,32,256,234,1.094017094,4799,149992,0.126734454,5158.718750000,29.075436609,62,122,76.174603175,1.601583663,7,58,234,4799,149992,0
2048,8,283,32,256,230,1.113043478,4333,134881,0.113966544,4630.812500000,29.126854089,62,121,68.777777778,1.759289176,8,39,230,4333,134881,0
2048,8,284,32,256,243,1.053497942,4888,152741,0.129057197,5064.562500000,30.158774820,63,124,77.587301587,1.598199673,6,48,243,4888,152741,0
2048,8,285,32,256,239,1.071129707,4712,147021,0.124224133,4960.968750000,29.635542453,62,122,74.793650794,1.631154499,7,46,239,4712,147021,0
2048,8,286,32,256,241,1.062240664,4779,149067,0.125952883,4983.250000000,29.913610595,63,124,75.857142857,1.634651601,8,38,241,4779,149067,0
2048,8,287,32,256,244,1.049180328,4957,154871,0.130856923,5100.343750000,30.364816097,62,122,78.682539683,1.550534598,7,44,244,4957,154871,0
2048,8,288,32,256,233,1.098712446,4747,148032,0.125078368,5130.843750000,28.851395056,62,123,75.349206349,1.632399410,8,58,233,4747,148032,0
2048,8,289,32,256,246,1.040650407,4871,151894,0.128341532,4928.718750000,30.818151269,62,124,77.317460317,1.603777458,7,39,246,4871,151894,0
2048,8,290,32,256,232,1.103448276,4964,155092,0.131043655,5434.656250000,28.537591499,62,124,78.793650794,1.573730862,6,48,232,4964,155092,0
2048,8,291,32,256,242,1.057851240,5010,156494,0.132228263,5179.000000000,30.217030315,63,124,79.523809524,1.559281437,7,51,242,5010,156494,0
2048,8,292,32,256,232,1.103448276,4913,153306,0.129534589,5362.562500000,28.588198273,61,121,77.984126984,1.551597802,6,45,232,4913,153306,0
2048,8,293,32,256,236,1.084745763,4679,145768,0.123165421,5014.500000000,29.069299033,62,123,74.269841270,1.656123103,6,51,236,4679,145768,0
2048,8,294,32,256,235,1.089361702,4800,149789,0.126562930,5162.375000000,29.015520957,63,122,76.190476190,1.601250000,7,58,235,4800,149789,0
2048,8,295,32,256,235,1.089361702,4618,144154,0.121801685,4917.437500000,29.314861653,63,122,73.301587302,1.664356864,7,58,235,4618,144154,0
2048,8,296,32,256,231,1.108225108,4582,143111,0.120920412,5076.062500000,28.193309283,62,124,72.730158730,1.704932344,7,51,231,4582,143111,0
2048,8,297,32,256,230,1.113043478,4815,150366,0.127050462,5255.093750000,28.613381065,62,122,76.428571429,1.596261682,6,48,230,4815,150366,0
2048,8,298,32,256,230,1.113043478,4554,141963,0.119950419,5060.187500000,28.054889270,60,123,72.285714286,1.701581028,7,60,230,4554,141963,0
2048,8,299,32,256,229,1.117903930,4323,134827,0.113920917,4734.250000000,28.479062153,63,124,68.619047619,1.807078418,7,37,229,4323,134827,0
2048,8,300,32,256,228,1.122807018,4827,150782,0.127401957,5469.281250000,27.568887594,62,124,76.619047619,1.618396520,7,51,228,4827,150782,0
2048,8,301,32,256,247,1.036437247,5255,164105,0.138659112,5316.562500000,30.866748957,63,124,83.412698413,1.486584206,7,58,247,5255,164105,0
2048,8,302,32,256,241,1.062240664,5052,157911,0.133425545,5302.875000000,29.778374938,63,123,80.190476190,1.533847981,6,48,241,5052,157911,0
2048,8,303,32,256,238,1.075630252,4679,146094,0.123440872,4947.656250000,29.527920417,62,122,74.269841270,1.642658688,7,38,238,4679,146094,0
2048,8,304,32,256,234,1.094017094,4723,147412,0.124554505,5146.375000000,28.643851255,62,124,74.968253968,1.654033453,6,60,234,4723,147412,0
2048,8,305,32,256,235,1.089361702,4859,151881,0.128330548,5329.125000000,28.500175920,63,121,77.126984127,1.568841325,7,46,235,4859,151881,0
2048,8,306,32,256,246,1.040650407,4915,153454,0.129659641,5016.656250000,30.588900724,62,122,78.015873016,1.563784334,7,58,246,4915,153454,0
2048,8,307,32,256,243,1.053497942,4753,148300,0.125304813,4887.843750000,30.340577069,62,124,75.444444444,1.643593520,8,43,243,4753,148300,0
2048,8,308,32,256,243,1.053497942,4852,151463,0.127977362,4988.000000000,30.365477145,62,125,77.015873016,1.623042045,6,48,243,4852,151463,0
2048,8,309,32,256,240,1.066666667,4840,151374,0.127902163,5061.031250000,29.909714547,62,125,76.825396825,1.627066116,6,60,240,4840,151374,0
2048,8,310,32,256,243,1.053497942,4814,150074,0.126803739,4951.906250000,30.306308808,61,125,76.412698413,1.635853760,7,38,243,4814,150074,0
2048,8,311,32,256,250,1.024000000,4876,151885,0.128333928,4863.812500000,31.227560684,62,123,77.396825397,1.589212469,7,58,250,4876,151885,0
2048,8,312,16,128,127,1.007874016,2702,84491,0.071389946,5329.875000000,15.852341753,55,110,44.904761905,2.449628844,6,60,135,2829,88446,128
2048,12,0,32,384,338,1.136094675,6998,218619,0.184720248,7821.625000000,27.950585716,63,168,111.079365079,1.512432123,9,44,338,6998,218619,0
2048,12,1,32,384,343,1.119533528,7082,221086,0.186804719,7804.875000000,28.326654815,63,172,112.412698413,1.530076250,8,51,343,7082,221086,0
2048,12,2,32,384,360,1.066666667,7394,231022,0.195200057,7729.437500000,29.888591505,63,165,117.365079365,1.405869624,9,60,360,7394,231022,0
2048,12,3,32,384,347,1.106628242,6953,217045,0.183390311,7612.312500000,28.512360731,63,165,110.365079365,1.495038113,9,51,347,6953,217045,0
2048,12,4,32,384,348,1.103448276,7133,222674,0.188146486,7713.312500000,28.868790160,63,167,113.222222222,1.474975466,8,48,348,7133,222674,0
2048,12,5,32,384,331,1.160120846,6425,200310,0.169250216,7223.562500000,27.730084705,61,168,101.984126984,1.647315175,9,48,331,6425,200310,0
2048,12,6,32,384,334,1.149700599,7035,219589,0.185539842,7914.718750000,27.744384474,63,165,111.666666667,1.477611940,9,58,334,7035,219589,0
2048,12,7,32,384,339,1.132743363,7215,225414,0.190461625,8070.312500000,27.931260407,63,166,114.523809524,1.449480249,8,51,339,7215,225414,0
2048,12,8,32,384,342,1.122807018,6975,217689,0.183934453,7720.437500000,28.196459074,63,163,110.714285714,1.472258065,9,48,342,6975,217689,0
2048,12,9,32,384,342,1.122807018,6820,212781,0.179787480,7529.093750000,28.261170211,63,168,108.253968254,1.551906158,9,48,342,6820,212781,0
2048,12,10,32,384,339,1.132743363,6910,215643,0.182205703,7748.406250000,27.830626459,63,164,109.682539683,1.495224313,9,46,339,6910,215643,0
2048,12,11,32,384,359,1.069637883,7238,225944,0.190909444,7534.625000000,29.987424723,63,166,114.888888889,1.444874275,10,58,359,7238,225944,0
2048,12,12,32,384,339,1.132743363,6508,202776,0.171333841,7189.906250000,28.202871213,63,163,103.301587302,1.577904118,9,60,339,6508,202776,0
2048,12,13,32,384,356,1.078651685,7221,225337,0.190396565,7651.031250000,29.451846769,63,164,114.619047619,1.430826755,9,46,356,7221,225337,0
2048,12,14,32,384,345,1.113043478,6971,217650,0.183901500,7649.843750000,28.451561511,63,167,110.650793651,1.509252618,9,44,345,6971,217650,0
2048,12,15,32,384,331,1.160120846,6573,205131,0.173323678,7617.968750000,26.927256692,63,163,104.333333333,1.562300319,10,48,331,6573,205131,0
2048,12,16,32,384,356,1.078651685,7131,222518,0.188014675,7570.218750000,29.393866591,63,166,113.190476190,1.466554480,8,42,356,7131,222518,0
2048,12,17,32,384,347,1.106628242,6947,216838,0.183215408,7588.500000000,28.574553601,63,168,110.269841270,1.523535339,9,48,347,6947,216838,0
2048,12,18,32,384,354,1.084745763,7381,230550,0.194801244,7874.875000000,29.276655185,63,166,117.158730159,1.416881181,8,58,354,7381,230550,0
2048,12,19,32,384,347,1.106628242,7121,222341,0.187865120,7723.937500000,28.785965707,63,166,113.031746032,1.468613959,10,60,347,7121,222341,0
2048,12,20,32,384,338,1.136094675,6755,210934,0.178226874,7533.406250000,27.999817480,63,168,107.222222222,1.566839378,9,48,338,6755,210934,0
2048,12,21,32,384,348,1.103448276,6816,213015,0.179985197,7325.093750000,29.080173889,63,167,108.190476190,1.543573944,9,58,348,6816,213015,0
2048,12,22,32,384,329,1.167173252,6786,212022,0.179146170,7809.375000000,27.149675870,62,162,107.714285714,1.503978780,9,46,329,6786,212022,0
2048,12,23,32,384,350,1.097142857,7290,227769,0.192451462,7839.187500000,29.055179507,63,162,115.714285714,1.400000000,9,60,350,7290,227769,0
2048,12,24,32,384,339,1.132743363,6804,212340,0.179414861,7503.062500000,28.300443985,62,165,108.000000000,1.527777778,9,58,339,6804,212340,0
2048,12,25,32,384,352,1.090909091,7158,223567,0.188901018,7624.218750000,29.323266728,63,167,113.619047619,1.469823973,10,42,352,7158,223567,0
2048,12,26,32,384,355,1.081690141,7212,225171,0.190256305,7682.625000000,29.309122858,63,163,114.476190476,1.423876872,10,44,355,7212,225171,0
2048,12,27,32,384,353,1.087818697,7277,227157,0.191934358,7788.093750000,29.167214378,63,167,115.507936508,1.445788099,9,46,353,7277,227157,0
2048,12,28,32,384,340,1.129411765,6885,214898,0.181576221,7740.625000000,27.762357691,63,168,109.285714286,1.537254902,9,44,340,6885,214898,0
2048,12,29,32,384,351,1.094017094,7090,221238,0.186933150,7608.968750000,29.075950667,63,167,112.539682540,1.483921016,9,58,351,7090,221238,0
2048,12,30,32,384,343,1.119533528,7157,223417,0.188774277,7830.625000000,28.531183654,63,168,113.603174603,1.478831913,8,58,343,7157,223417,0
2048,12,31,32,384,341,1.126099707,6785,211993,0.179121666,7533.437500000,28.140274609,63,163,107.698412698,1.513485630,9,46,341,6785,211993,0
2048,12,32,32,384,344,1.116279070,6922,215866,0.182394125,7527.312500000,28.677698714,63,166,109.873015873,1.510835019,9,51,344,6922,215866,0
2048,12,33,32,384,317,1.211356467,6531,203951,0.172326648,8004.687500000,25.478945930,61,167,103.666666667,1.610932476,9,58,317,6531,203951,0
2048,12,34,32,384,347,1.106628242,7126,222539,0.188032419,7739.031250000,28.755407855,63,166,113.111111111,1.467583497,9,60,347,7126,222539,0
2048,12,35,32,384,350,1.097142857,6815,212625,0.179655669,7303.937500000,29.111010328,63,164,108.174603175,1.516067498,9,48,350,6815,212625,0
2048,12,36,32,384,360,1.066666667,7304,227852,0.192521592,7597.968750000,29.988541345,63,166,115.936507937,1.431818182,9,48,360,7304,227852,0
2048,12,37,32,384,348,1.103448276,7051,220041,0.185921755,7594.125000000,28.975161720,63,166,111.920634921,1.483193873,8,51,348,7051,220041,0
2048,12,38,32,384,340,1.129411765,7043,220242,0.186091588,7844.250000000,28.076871594,63,165,111.793650794,1.475933551,8,43,340,7043,220242,0
2048,12,39,32,384,356,1.078651685,7324,228838,0.193354705,7774.062500000,29.436089561,63,167,116.253968254,1.436510104,9,60,356,7324,228838,0
2048,12,40,32,384,343,1.119533528,6880,214606,0.181329498,7587.437500000,28.284384550,63,166,109.206349206,1.520058140,8,42,343,6880,214606,0
2048,12,41,32,384,357,1.075630252,6679,208220,0.175933703,7077.281250000,29.420902271,63,168,106.015873016,1.584668364,9,48,357,6679,208220,0
2048,12,42,32,384,361,1.063711911,7151,223232,0.188617963,7499.656250000,29.765630925,63,167,113.507936508,1.471262760,9,58,361,7151,223232,0
2048,12,43,32,384,347,1.106628242,6861,214088,0.180891819,7458.656250000,28.703293572,63,167,108.904761905,1.533449934,9,51,347,6861,214088,0
2048,12,44,32,384,336,1.142857143,6615,206382,0.174380700,7448.468750000,27.707976891,63,166,105.000000000,1.580952381,9,48,336,6615,206382,0
2048,12,45,32,384,355,1.081690141,7184,224223,0.189455300,7553.093750000,29.686246116,63,167,114.031746032,1.464504454,10,60,355,7184,224223,0
2048,12,46,32,384,347,1.106628242,7026,219066,0.185097937,7584.968750000,28.881595590,62,168,111.523809524,1.506404782,9,60,347,7026,219066,0
2048,12,47,32,384,346,1.109826590,6993,218470,0.184594352,7573.250000000,28.847588552,63,162,111.000000000,1.459459459,8,60,346,6993,218470,0
2048,12,48,32,384,342,1.122807018,6427,200328,0.169265425,7034.687500000,28.477171161,63,164,102.015873016,1.607592967,10,45,342,6427,200328,0
2048,12,49,32,384,345,1.113043478,6907,215720,0.182270763,7504.656250000,28.744820924,63,169,109.634920635,1.541479658,10,60,345,6907,215720,0
2048,12,50,32,384,344,1.116279070,7138,223001,0.188422782,7841.562500000,28.438337385,63,161,113.301587302,1.420986271,8,60,344,7138,223001,0
2048,12,51,32,384,343,1.119533528,6961,217179,0.183503533,7598.031250000,28.583588676,63,168,110.492063492,1.520471197,9,51,343,6961,217179,0
2048,12,52,32,384,352,1.090909091,7154,223445,0.188797936,7657.812500000,29.178698225,63,167,113.555555556,1.470645793,9,60,352,7154,223445,0
2048,12,53,32,384,349,1.100286533,6952,217154,0.183482409,7380.281250000,29.423539923,63,166,110.349206349,1.504315305,9,46,349,6952,217154,0
2048,12,54,32,384,341,1.126099707,6867,214307,0.181076861,7529.343750000,28.462905549,63,164,109.000000000,1.504587156,8,58,341,6867,214307,0
2048,12,55,32,384,338,1.136094675,6632,207097,0.174984833,7474.375000000,27.707600970,63,167,105.269841270,1.586399276,9,58,338,6632,207097,0
2048,12,56,32,384,351,1.094017094,7154,223269,0.188649226,7660.093750000,29.147032306,63,168,113.555555556,1.479452055,10,48,351,7154,223269,0
2048,12,57,32,384,331,1.160120846,6425,200168,0.169130234,7272.531250000,27.523841854,63,163,101.984126984,1.598287938,9,42,331,6425,200168,0
2048,12,58,32,384,348,1.103448276,6898,214895,0.181573686,7383.187500000,29.105992500,63,164,109.492063492,1.497825457,9,58,348,6898,214895,0
2048,12,59,32,384,359,1.069637883,7179,224342,0.189555848,7557.750000000,29.683702160,63,167,113.952380952,1.465524446,9,60,359,7179,224342,0
2048,12,60,32,384,342,1.122807018,6933,216226,0.182698304,7701.375000000,28.076285079,63,167,110.047619048,1.517524881,10,58,342,6933,216226,0
2048,12,61,32,384,342,1.122807018,6883,215181,0.181815340,7641.343750000,28.160099459,63,166,109.253968254,1.519395612,10,51,342,6883,215181,0
2048,12,62,32,384,350,1.097142857,7071,220815,0.186575740,7701.968750000,28.669942344,63,168,112.238095238,1.496817989,9,60,350,7071,220815,0
2048,12,63,32,384,347,1.106628242,7235,225930,0.190897615,7848.531250000,28.786277687,63,165,114.841269841,1.436765722,9,51,347,7235,225930,0
2048,12,64,32,384,345,1.113043478,7202,224840,0.189976629,7864.218750000,28.590252528,63,166,114.317460317,1.452096640,9,60,345,7202,224840,0
2048,12,65,32,384,342,1.122807018,6893,215001,0.181663250,7478.281250000,28.750055369,62,165,109.412698413,1.508051647,9,48,342,6893,215001,0
2048,12,66,32,384,334,1.149700599,6836,213486,0.180383164,7796.031250000,27.383933331,63,165,108.507936508,1.520626097,9,48,334,6836,213486,0
2048,12,67,32,384,351,1.094017094,7156,223534,0.188873135,7792.968750000,28.684062155,62,165,113.587301587,1.452627166,9,44,351,7156,223534,0
2048,12,68,32,384,337,1.139465875,6608,206185,0.174214247,7508.968750000,27.458497547,63,162,104.888888889,1.544491525,10,44,337,6608,206185,0
2048,12,69,32,384,340,1.129411765,6524,203487,0.171934595,7099.375000000,28.662663967,63,163,103.555555556,1.574034335,9,43,340,6524,203487,0
2048,12,70,32,384,339,1.132743363,6808,212526,0.179572020,7506.875000000,28.310848389,63,164,108.063492063,1.517626322,9,58,339,6808,212526,0
2048,12,71,32,384,339,1.132743363,6900,215530,0.182110224,7660.781250000,28.134206286,63,165,109.523809524,1.506521739,9,60,339,6900,215530,0
2048,12,72,32,384,345,1.113043478,6833,213359,0.180275856,7522.062500000,28.364427974,63,167,108.460317460,1.539733646,10,45,345,6833,213359,0
2048,12,73,32,384,336,1.142857143,6862,214254,0.181032079,7762.375000000,27.601603891,63,166,108.920634921,1.524045468,9,48,336,6862,214254,0
2048,12,74,32,384,343,1.119533528,7264,227033,0.191829585,8107.687500000,28.002189280,63,164,115.301587302,1.422356828,8,60,343,7264,227033,0
2048,12,75,32,384,347,1.106628242,7143,223039,0.188454889,7831.343750000,28.480297522,63,163,113.380952381,1.437631247,8,45,347,7143,223039,0
2048,12,76,32,384,346,1.109826590,7041,219965,0.185857539,7669.687500000,28.679786497,63,168,111.761904762,1.503195569,9,58,346,7041,219965,0
2048,12,77,32,384,349,1.100286533,6975,217428,0.183713923,7560.750000000,28.757464537,63,166,110.714285714,1.499354839,9,58,349,6975,217428,0
2048,12,78,32,384,348,1.103448276,7696,240793,0.203455979,8350.593750000,28.835434606,63,168,122.158730159,1.375259875,8,60,348,7696,240793,0
2048,12,79,32,384,351,1.094017094,6868,214121,0.180919702,7336.031250000,29.187580137,62,167,109.015873016,1.531887012,11,58,351,6868,214121,0
2048,12,80,32,384,346,1.109826590,6909,215711,0.182263159,7519.937500000,28.685211812,63,163,109.666666667,1.486322188,9,48,346,6909,215711,0
2048,12,81,32,384,342,1.122807018,6853,213866,0.180704242,7501.875000000,28.508339582,63,169,108.777777778,1.553626149,9,58,342,6853,213866,0
2048,12,82,32,384,354,1.084745763,7054,220137,0.186002869,7460.968750000,29.505149717,62,167,111.968253968,1.491494188,9,48,354,7054,220137,0
2048,12,83,32,384,353,1.087818697,7132,222804,0.188256328,7554.000000000,29.494837172,63,165,113.206349206,1.457515423,9,58,353,7132,222804,0
2048,12,84,32,384,345,1.113043478,6952,216796,0.183179920,7572.937500000,28.627728672,63,166,110.349206349,1.504315305,10,44,345,6952,216796,0
2048,12,85,32,384,324,1.185185185,6536,204174,0.172515070,7545.312500000,27.059714227,63,165,103.746031746,1.590422277,9,60,324,6536,204174,0
2048,12,86,32,384,355,1.081690141,6875,214275,0.181049823,7300.406250000,29.351106317,62,167,109.126984127,1.530327273,10,43,355,6875,214275,0
2048,12,87,32,384,335,1.146268657,6842,213832,0.180675514,7710.250000000,27.733471677,63,165,108.603174603,1.519292605,9,60,335,6842,213832,0
2048,12,88,32,384,331,1.160120846,6710,209356,0.176893556,7717.875000000,27.126119560,63,166,106.507936508,1.558569300,9,48,331,6710,209356,0
2048,12,89,32,384,335,1.146268657,6855,214134,0.180930686,7764.218750000,27.579593890,63,165,108.809523810,1.516411379,8,44,335,6855,214134,0
2048,12,90,32,384,351,1.094017094,7021,219145,0.185164688,7592.781250000,28.862282843,63,167,111.444444444,1.498504487,10,46,351,7021,219145,0
2048,12,91,32,384,336,1.142857143,6848,213724,0.180584260,7696.156250000,27.770226209,63,164,108.698412698,1.508761682,8,43,336,6848,213724,0
2048,12,92,32,384,346,1.109826590,6949,216913,0.183278778,7691.500000000,28.201651173,63,166,110.301587302,1.504964743,9,58,346,6949,216913,0
2048,12,93,32,384,333,1.153153153,6849,214042,0.180852951,7742.687500000,27.644406416,63,169,108.714285714,1.554533509,10,48,333,6849,214042,0
2048,12,94,32,384,330,1.163636364,6499,203000,0.171523108,7389.593750000,27.471063616,63,165,103.158730159,1.599476843,8,48,330,6499,203000,0
2048,12,95,32,384,356,1.078651685,7304,227998,0.192644954,7803.156250000,29.218689553,63,166,115.936507937,1.431818182,9,58,356,7304,227998,0
2048,12,96,32,384,335,1.146268657,6494,202579,0.171167388,7279.656250000,27.828099713,63,166,103.079365079,1.610409609,9,58,335,6494,202579,0
2048,12,97,32,384,344,1.116279070,6985,218034,0.184225958,7644.968750000,28.519933453,62,165,110.873015873,1.488188976,9,60,344,6985,218034,0
2048,12,98,32,384,348,1.103448276,6786,211831,0.178984786,7370.156250000,28.741724438,63,166,107.714285714,1.541114058,9,51,348,6786,211831,0
2048,12,99,32,384,342,1.122807018,6650,207567,0.175381956,7283.187500000,28.499472243,63,163,105.555555556,1.544210526,9,44,342,6650,207567,0
2048,12,100,32,384,351,1.094017094,6507,202586,0.171173303,6953.593750000,29.133999955,62,166,103.285714286,1.607192254,9,40,351,6507,202586,0
2048,12,101,32,384,339,1.132743363,6939,216772,0.183159642,7863.250000000,27.567735987,62,163,110.142857143,1.479896239,10,58,339,6939,216772,0
2048,12,102,32,384,354,1.084745763,7246,226427,0.191317551,7755.031250000,29.197432312,63,166,115.015873016,1.443279051,9,58,354,7246,226427,0
2048,12,103,32,384,352,1.090909091,7116,222313,0.187841462,7670.937500000,28.981203406,63,167,112.952380952,1.478499157,9,48,352,7116,222313,0
2048,12,104,32,384,353,1.087818697,7153,223393,0.188753999,7665.687500000,29.141939324,63,167,113.539682540,1.470851391,9,46,353,7153,223393,0
2048,12,105,32,384,345,1.113043478,6838,213147,0.180096729,7419.781250000,28.726857682,62,167,108.539682540,1.538607780,11,58,345,6838,213147,0
2048,12,106,32,384,358,1.072625698,7199,224807,0.189948746,7523.500000000,29.880640659,63,163,114.269841270,1.426448118,9,48,358,7199,224807,0
2048,12,107,32,384,363,1.057851240,7077,220723,0.186498005,7247.750000000,30.454002966,63,168,112.333333333,1.495548961,9,46,363,7077,220723,0
2048,12,108,32,384,342,1.122807018,7241,226410,0.191303187,8080.218750000,28.020281010,63,168,114.936507937,1.461676564,9,45,342,7241,226410,0
2048,12,109,32,384,348,1.103448276,6888,215102,0.181748589,7454.312500000,28.856048093,63,165,109.333333333,1.509146341,9,60,348,6888,215102,0
2048,12,110,32,384,334,1.149700599,6997,218649,0.184745597,7939.781250000,27.538416124,63,163,111.063492063,1.467628984,8,46,334,6997,218649,0
2048,12,111,32,384,351,1.094017094,6839,213184,0.180127992,7292.937500000,29.231568212,63,165,108.555555556,1.519959058,9,45,351,6839,213184,0
2048,12,112,32,384,336,1.142857143,6760,210772,0.178089993,7518.625000000,28.033317262,63,164,107.301587302,1.528402367,9,42,336,6760,210772,0
2048,12,113,32,384,357,1.075630252,7316,228395,0.192980396,7721.343750000,29.579695892,63,167,116.126984127,1.438080919,9,51,357,7316,228395,0
2048,12,114,32,384,343,1.119533528,7110,221932,0.187519539,7863.531250000,28.222943732,63,167,112.857142857,1.479746835,8,58,343,7110,221932,0
2048,12,115,32,384,338,1.136094675,6516,203395,0.171856860,7350.218750000,27.671965545,63,163,103.428571429,1.575966851,9,60,338,6516,203395,0
2048,12,116,32,384,351,1.094017094,7078,221011,0.186741348,7647.312500000,28.900479744,63,168,112.349206349,1.495337666,9,60,351,7078,221011,0
2048,12,117,32,384,348,1.103448276,7003,218456,0.184582523,7586.781250000,28.794292705,63,166,111.158730159,1.493359989,10,48,348,7003,218456,0
2048,12,118,32,384,331,1.160120846,6773,211603,0.178792139,7688.218750000,27.523020205,63,166,107.507936508,1.544072051,10,45,331,6773,211603,0
2048,12,119,32,384,343,1.119533528,6809,212146,0.179250943,7476.750000000,28.374093022,63,167,108.079365079,1.545160817,8,48,343,6809,212146,0
2048,12,120,32,384,335,1.146268657,7208,225214,0.190292637,8031.187500000,28.042428346,63,165,114.412698413,1.442147614,8,58,335,7208,225214,0
2048,12,121,32,384,348,1.103448276,6795,211866,0.179014359,7293.031250000,29.050471983,63,166,107.857142857,1.539072848,10,51,348,6795,211866,0
2048,12,122,32,384,342,1.122807018,6782,211566,0.178760877,7443.906250000,28.421368149,63,166,107.650793651,1.542023002,10,58,342,6782,211566,0
2048,12,123,32,384,344,1.116279070,6935,216583,0.182999948,7725.250000000,28.035726999,63,163,110.079365079,1.480749820,8,44,344,6935,216583,0
2048,12,124,32,384,336,1.142857143,6642,207457,0.175289012,7524.187500000,27.572013590,63,166,105.428571429,1.574525745,9,44,336,6642,207457,0
2048,12,125,32,384,345,1.113043478,6464,201256,0.170049530,7060.687500000,28.503739898,63,165,102.603174603,1.608137376,9,43,345,6464,201256,0
2048,12,126,32,384,352,1.090909091,6996,218255,0.184412690,7484.968750000,29.159106376,63,166,111.047619048,1.494854202,10,45,352,6996,218255,0
2048,12,127,32,384,334,1.149700599,6496,202338,0.170963757,7369.750000000,27.455205400,63,167,103.111111111,1.619612069,9,40,334,6496,202338,0
2048,12,128,32,384,351,1.094017094,6931,216281,0.182744775,7417.875000000,29.156732892,63,165,110.015873016,1.499783581,9,51,351,6931,216281,0
2048,12,129,32,384,360,1.066666667,7435,232200,0.196195398,7816.218750000,29.707459249,63,165,118.015873016,1.398117014,9,58,360,7435,232200,0
2048,12,130,32,384,344,1.116279070,7186,224438,0.189636962,7885.906250000,28.460647754,62,166,114.063492063,1.455329808,9,60,344,7186,224438,0
2048,12,131,32,384,329,1.167173252,6704,209339,0.176879192,7947.031250000,26.341786438,63,166,106.412698413,1.559964200,9,58,329,6704,209339,0
2048,12,132,32,384,352,1.090909091,7068,220627,0.186416891,7517.718750000,29.347599629,62,169,112.190476190,1.506366723,9,58,352,7068,220627,0
2048,12,133,32,384,344,1.116279070,6717,209366,0.176902005,7377.343750000,28.379591232,63,164,106.619047619,1.538186690,9,46,344,6717,209366,0
2048,12,134,32,384,352,1.090909091,6793,212091,0.179204471,7323.312500000,28.961074650,63,164,107.825396825,1.520977477,9,40,352,6793,212091,0
2048,12,135,32,384,344,1.116279070,7218,225603,0.190621319,7930.468750000,28.447624865,63,166,114.571428571,1.448877805,9,51,344,7218,225603,0
2048,12,136,32,384,352,1.090909091,7008,218913,0.184968661,7431.093750000,29.459055068,63,166,111.238095238,1.492294521,9,60,352,7008,218913,0
2048,12,137,32,384,349,1.100286533,7026,219332,0.185322692,7652.343750000,28.662068402,63,167,111.523809524,1.497438087,9,58,349,7026,219332,0
2048,12,138,32,384,336,1.142857143,6836,213716,0.180577501,7717.937500000,27.690817657,63,159,108.507936508,1.465330603,9,60,336,6836,213716,0
2048,12,139,32,384,340,1.129411765,6972,218002,0.184198919,7818.281250000,27.883622120,63,165,110.666666667,1.490963855,8,60,340,6972,218002,0
2048,12,140,32,384,340,1.129411765,7072,221094,0.186811478,7822.718750000,28.263063912,63,165,112.253968254,1.469881222,9,46,340,7072,221094,0
2048,12,141,32,384,357,1.075630252,7337,229363,0.193798299,7792.656250000,29.433224390,63,166,116.460317460,1.425378220,9,60,357,7337,229363,0
2048,12,142,32,384,341,1.126099707,6863,214080,0.180885059,7640.250000000,28.020025523,63,164,108.936507937,1.505464083,9,38,341,6863,214080,0
2048,12,143,32,384,340,1.129411765,6760,210791,0.178106047,7558.093750000,27.889439715,63,168,107.301587302,1.565680473,9,43,340,6760,210791,0
2048,12,144,32,384,354,1.084745763,7267,226972,0.191778044,7790.531250000,29.134341769,63,164,115.349206349,1.421769644,9,60,354,7267,226972,0
2048,12,145,32,384,351,1.094017094,6667,207820,0.175595726,7099.937500000,29.270680200,63,166,105.825396825,1.568621569,9,43,351,6667,207820,0
2048,12,146,32,384,339,1.132743363,7087,221384,0.187056511,7850.656250000,28.199426003,63,167,112.492063492,1.484549175,9,60,339,7087,221384,0
2048,12,147,32,384,356,1.078651685,7308,228416,0.192998139,7704.125000000,29.648532442,63,166,116.000000000,1.431034483,9,48,356,7308,228416,0
2048,12,148,32,384,354,1.084745763,7690,240217,0.202969293,8232.093750000,29.180547172,63,165,122.063492063,1.351755527,9,60,354,7690,240217,0
2048,12,149,32,384,354,1.084745763,7063,220345,0.186178617,7522.562500000,29.291215593,63,165,112.111111111,1.471754212,10,51,354,7063,220345,0
2048,12,150,32,384,362,1.060773481,7101,221617,0.187253383,7300.968750000,30.354464947,63,166,112.714285714,1.472750317,9,42,362,7101,221617,0
2048,12,151,32,384,342,1.122807018,6580,205233,0.173409862,7134.500000000,28.766276544,63,166,104.444444444,1.589361702,10,45,342,6580,205233,0
2048,12,152,32,384,342,1.122807018,7035,219595,0.185544911,7701.906250000,28.511772654,63,165,111.666666667,1.477611940,8,51,342,7035,219595,0
2048,12,153,32,384,347,1.106628242,6981,217867,0.184084852,7572.312500000,28.771527852,63,166,110.809523810,1.498066180,9,46,347,6981,217867,0
2048,12,154,32,384,336,1.142857143,6905,215619,0.182185424,7674.531250000,28.095396706,62,167,109.603174603,1.523678494,9,58,336,6905,215619,0
2048,12,155,32,384,348,1.103448276,7102,221828,0.187431665,7677.687500000,28.892553910,63,166,112.730158730,1.472542946,9,48,348,7102,221828,0
2048,12,156,32,384,365,1.052054795,7269,226912,0.191727348,7420.062500000,30.580874487,63,166,115.380952381,1.438712340,10,45,365,7269,226912,0
2048,12,157,32,384,324,1.185185185,6858,214325,0.181092070,8163.625000000,26.253655698,63,167,108.857142857,1.534120735,9,51,324,6858,214325,0
2048,12,158,32,384,351,1.094017094,6811,212387,0.179454573,7252.781250000,29.283524855,63,166,108.111111111,1.535457348,9,51,351,6811,212387,0
2048,12,159,32,384,333,1.153153153,6684,208506,0.176175356,7718.750000000,27.012923077,63,169,106.095238095,1.592908438,9,42,333,6684,208506,0
2048,12,160,32,384,348,1.103448276,6876,214451,0.181198533,7464.187500000,28.730655547,63,167,109.142857143,1.530104712,9,46,348,6876,214451,0
2048,12,161,32,384,344,1.116279070,6601,205553,0.173680244,7187.437500000,28.598926947,63,166,104.777777778,1.584305408,8,46,344,6601,205553,0
2048,12,162,32,384,338,1.136094675,6980,218268,0.184423674,7791.625000000,28.013155151,63,165,110.793650794,1.489255014,9,58,338,6980,218268,0
2048,12,163,32,384,351,1.094017094,7182,224103,0.189353907,7746.687500000,28.928880893,63,167,114.000000000,1.464912281,11,42,351,7182,224103,0
2048,12,164,32,384,345,1.113043478,6820,212740,0.179752838,7454.937500000,28.536791891,63,166,108.253968254,1.533431085,8,60,345,6820,212740,0
2048,12,165,32,384,344,1.116279070,7060,220523,0.186329017,7785.531250000,28.324720937,63,167,112.063492063,1.490226629,9,45,344,7060,220523,0
2048,12,166,32,384,353,1.087818697,7370,230036,0.194366945,7829.031250000,29.382434768,63,171,116.984126984,1.461736771,9,44,353,7370,230036,0
2048,12,167,32,384,345,1.113043478,6926,216241,0.182710978,7606.781250000,28.427398251,63,168,109.936507937,1.528154779,9,60,345,6926,216241,0
2048,12,168,32,384,353,1.087818697,7231,225589,0.190609490,7634.250000000,29.549595573,63,167,114.777777778,1.454985479,9,48,353,7231,225589,0
2048,12,169,32,384,332,1.156626506,6913,216000,0.182507347,7871.250000000,27.441638876,63,159,109.730158730,1.449009113,8,48,332,6913,216000,0
2048,12,170,32,384,338,1.136094675,6864,214074,0.180879990,7671.218750000,27.906126390,63,165,108.952380952,1.514423077,9,51,338,6864,214074,0
2048,12,171,32,384,342,1.122807018,6974,217745,0.183981770,7706.500000000,28.254720042,63,167,110.698412698,1.508603384,9,48,342,6974,217745,0
2048,12,172,32,384,353,1.087818697,7132,222630,0.188109308,7599.000000000,29.297275957,63,165,113.206349206,1.457515423,10,46,353,7132,222630,0
2048,12,173,32,384,357,1.075630252,7248,226245,0.191163772,7661.250000000,29.531081743,63,167,115.047619048,1.451572848,9,58,357,7248,226245,0
2048,12,174,32,384,340,1.129411765,6850,213822,0.180667064,7617.375000000,28.070299808,63,165,108.730158730,1.517518248,9,46,340,6850,213822,0
2048,12,175,32,384,340,1.129411765,6945,216722,0.183117394,7666.343750000,28.269277646,63,168,110.238095238,1.523974082,8,60,340,6945,216722,0
2048,12,176,32,384,347,1.106628242,6753,210678,0.178010569,7319.468750000,28.783236488,62,167,107.190476190,1.557974234,10,42,347,6753,210678,0
2048,12,177,32,384,344,1.116279070,6825,212976,0.179952244,7381.375000000,28.853160827,63,167,108.333333333,1.541538462,9,46,344,6825,212976,0
2048,12,178,32,384,342,1.122807018,6776,211558,0.178754117,7435.812500000,28.451228430,63,168,107.555555556,1.561983471,9,48,342,6776,211558,0
2048,12,179,32,384,336,1.142857143,6593,205842,0.173924432,7455.343750000,27.609994509,63,160,104.650793651,1.528894282,9,45,336,6593,205842,0
2048,12,180,32,384,345,1.113043478,7096,221489,0.187145230,7721.750000000,28.683782821,62,165,112.634920635,1.464909808,8,48,345,7096,221489,0
2048,12,181,32,384,349,1.100286533,7080,220995,0.186727829,7668.625000000,28.818073644,63,165,112.380952381,1.468220339,10,48,349,7080,220995,0
2048,12,182,32,384,347,1.106628242,6670,207849,0.175620229,7174.281250000,28.971403930,63,165,105.873015873,1.558470765,9,60,347,6670,207849,0
2048,12,183,32,384,354,1.084745763,7117,222429,0.187939475,7567.250000000,29.393637054,63,166,112.968253968,1.469439371,9,51,354,7117,222429,0
2048,12,184,32,384,347,1.106628242,6848,213631,0.180505681,7502.781250000,28.473574383,63,168,108.698412698,1.545560748,10,51,347,6848,213631,0
2048,12,185,32,384,360,1.066666667,7397,231156,0.195313279,7701.718750000,30.013560285,63,167,117.412698413,1.422333378,9,48,360,7397,231156,0
2048,12,186,32,384,343,1.119533528,7072,220837,0.186594328,7837.843750000,28.175733919,63,165,112.253968254,1.469881222,9,48,343,7072,220837,0
2048,12,187,32,384,344,1.116279070,7005,218961,0.185009218,7759.406250000,28.218782848,63,165,111.190476190,1.483940043,10,48,344,7005,218961,0
2048,12,188,32,384,356,1.078651685,7399,231204,0.195353836,7770.562500000,29.753830562,63,168,117.444444444,1.430463576,8,51,356,7399,231204,0
2048,12,189,32,384,358,1.072625698,7116,222189,0.187736689,7532.781250000,29.496276691,63,165,112.952380952,1.460792580,8,58,358,7116,222189,0
2048,12,190,32,384,348,1.103448276,7101,221541,0.187189167,7577.500000000,29.236687562,63,166,112.714285714,1.472750317,10,48,348,7101,221541,0
2048,12,191,32,384,339,1.132743363,6792,211871,0.179018584,7651.468750000,27.690239211,63,166,107.809523810,1.539752650,8,58,339,6792,211871,0
2048,12,192,32,384,345,1.113043478,7132,222757,0.188216616,7757.906250000,28.713546261,63,164,113.206349206,1.448681997,9,58,345,7132,222757,0
2048,12,193,32,384,348,1.103448276,6883,215084,0.181733380,7401.406250000,29.059883046,63,168,109.253968254,1.537701584,9,58,348,6883,215084,0
2048,12,194,32,384,346,1.109826590,6841,213297,0.180223470,7516.843750000,28.375872520,63,167,108.587301587,1.537933051,10,45,346,6841,213297,0
2048,12,195,32,384,337,1.139465875,6576,205200,0.173381979,7282.906250000,28.175565215,63,166,104.380952381,1.590328467,9,51,337,6576,205200,0
2048,12,196,32,384,352,1.090909091,6863,213955,0.180779442,7358.843750000,29.074540413,63,166,108.936507937,1.523823401,9,51,352,6863,213955,0
2048,12,197,32,384,348,1.103448276,7016,218836,0.184903601,7548.218750000,28.991740601,63,164,111.365079365,1.472633979,10,60,348,7016,218836,0
2048,12,198,32,384,341,1.126099707,6796,211962,0.179095473,7498.250000000,28.268195912,62,166,107.873015873,1.538846380,9,48,341,6796,211962,0
2048,12,199,32,384,359,1.069637883,7099,221284,0.186972017,7410.781250000,29.859739822,63,167,112.682539683,1.482039724,9,45,359,7099,221284,0
2048,12,200,32,384,344,1.116279070,6929,216522,0.182948406,7606.062500000,28.467028768,63,163,109.984126984,1.482032039,9,51,344,6929,216522,0
2048,12,201,32,384,342,1.122807018,7159,223676,0.188993117,8022.531250000,27.880975845,63,167,113.634920635,1.469618662,9,48,342,7159,223676,0
2048,12,202,32,384,333,1.153153153,6465,201611,0.170349485,7374.062500000,27.340560241,63,166,102.619047619,1.617633411,11,58,333,6465,201611,0
2048,12,203,32,384,350,1.097142857,6792,212010,0.179136030,7355.031250000,28.825166446,63,167,107.809523810,1.549028269,9,46,350,6792,212010,0
2048,12,204,32,384,323,1.188854489,6277,195900,0.165524024,7332.093750000,26.718152642,62,167,99.634920635,1.676119165,9,58,323,6277,195900,0
2048,12,205,32,384,338,1.136094675,6703,209157,0.176725413,7484.375000000,27.945820459,63,168,106.396825397,1.578994480,9,44,338,6703,209157,0
2048,12,206,32,384,330,1.163636364,6271,195498,0.165184358,7063.343750000,27.677826100,63,166,99.539682540,1.667676607,9,51,330,6271,195498,0
2048,12,207,32,384,341,1.126099707,6832,213398,0.180308809,7615.031250000,28.023259918,63,167,108.444444444,1.539959016,9,51,341,6832,213398,0
2048,12,208,32,384,347,1.106628242,7257,226516,0.191392751,7874.000000000,28.767589535,63,166,115.190476190,1.441091360,9,46,347,7257,226516,0
2048,12,209,32,384,346,1.109826590,7193,224480,0.189672450,7845.625000000,28.612124592,63,167,114.174603175,1.462672042,9,60,346,7193,224480,0
2048,12,210,32,384,348,1.103448276,7289,227790,0.192469206,7878.343750000,28.913437548,63,166,115.698412698,1.434764714,9,60,348,7289,227790,0
2048,12,211,32,384,348,1.103448276,7032,219611,0.185558430,7633.156250000,28.770667442,63,167,111.619047619,1.496160410,10,46,348,7032,219611,0
2048,12,212,32,384,347,1.106628242,7178,223829,0.189122393,7744.000000000,28.903538223,63,166,113.936507937,1.456951797,9,39,347,7178,223829,0
2048,12,213,32,384,339,1.132743363,6721,209575,0.177078598,7575.750000000,27.663927664,63,168,106.682539683,1.574765660,9,43,339,6721,209575,0
2048,12,214,32,384,347,1.106628242,6836,213355,0.180272477,7459.968750000,28.599985757,63,165,108.507936508,1.520626097,9,41,347,6836,213355,0
2048,12,215,32,384,348,1.103448276,7234,225895,0.190868042,7806.312500000,28.937478483,63,172,114.825396825,1.497926458,9,44,348,7234,225895,0
2048,12,216,32,384,318,1.207547170,6561,205056,0.173260308,7987.531250000,25.672012238,63,167,104.142857143,1.603566529,8,44,318,6561,205056,0
2048,12,217,32,384,337,1.139465875,6912,215974,0.182485378,7633.531250000,28.292803544,63,167,109.714285714,1.522135417,8,60,337,6912,215974,0
2048,12,218,32,384,345,1.113043478,6885,215046,0.181701273,7538.750000000,28.525418670,63,167,109.285714286,1.528104575,9,48,345,6885,215046,0
2048,12,219,32,384,332,1.156626506,6617,206385,0.174383235,7533.500000000,27.395632840,63,167,105.031746032,1.589995466,10,51,332,6617,206385,0
2048,12,220,32,384,341,1.126099707,6810,212226,0.179318538,7580.531250000,27.996190900,63,166,108.095238095,1.535682819,10,44,341,6810,212226,0
2048,12,221,32,384,347,1.106628242,6569,204783,0.173029639,7093.343750000,28.869741439,63,166,104.269841270,1.592023139,9,58,347,6569,204783,0
2048,12,222,32,384,336,1.142857143,6742,210593,0.177938749,7661.437500000,27.487400374,63,165,107.015873016,1.541827351,9,58,336,6742,210593,0
2048,12,223,32,384,349,1.100286533,6726,209817,0.177283074,7309.531250000,28.704576644,63,166,106.761904762,1.554861731,10,60,349,6726,209817,0
2048,12,224,32,384,345,1.113043478,7017,219066,0.185097937,7746.125000000,28.280721006,63,166,111.380952381,1.490380504,9,60,345,7017,219066,0
2048,12,225,32,384,323,1.188854489,6254,195111,0.164857365,7314.250000000,26.675462283,63,160,99.269841270,1.611768468,9,48,323,6254,195111,0
2048,12,226,32,384,342,1.122807018,6771,210989,0.178273345,7479.406250000,28.209324771,63,166,107.476190476,1.544528135,9,58,342,6771,210989,0
2048,12,227,32,384,354,1.084745763,7047,220005,0.185891337,7463.281250000,29.478320946,63,165,111.857142857,1.475095785,11,43,354,7047,220005,0
2048,12,228,32,384,350,1.097142857,7028,219339,0.185328606,7650.031250000,28.671647583,61,165,111.555555556,1.479083665,9,58,350,7028,219339,0
2048,12,229,32,384,341,1.126099707,6918,216021,0.182525091,7705.718750000,28.033854726,62,167,109.809523810,1.520815265,10,60,341,6918,216021,0
2048,12,230,32,384,339,1.132743363,6695,208919,0.176524317,7414.343750000,28.177679245,63,165,106.269841270,1.552651232,8,44,339,6695,208919,0
2048,12,231,32,384,347,1.106628242,7139,223153,0.188551213,7715.312500000,28.923390984,63,165,113.317460317,1.456086287,9,60,347,7139,223153,0
2048,12,232,32,384,341,1.126099707,7122,222365,0.187885399,7865.937500000,28.269357594,63,167,113.047619048,1.477253580,9,60,341,7122,222365,0
2048,12,233,32,384,344,1.116279070,6786,211884,0.179029568,7330.062500000,28.906165534,63,165,107.714285714,1.531830239,9,48,344,6786,211884,0
2048,12,234,32,384,355,1.081690141,7067,220499,0.186308738,7440.625000000,29.634472911,63,166,112.174603175,1.479835857,9,43,355,7067,220499,0
2048,12,235,32,384,348,1.103448276,7065,220402,0.186226779,7688.781250000,28.665401295,63,165,112.142857143,1.471337580,9,51,348,7065,220402,0
2048,12,236,32,384,355,1.081690141,6859,213988,0.180807325,7238.968750000,29.560564134,63,166,108.873015873,1.524712057,9,51,355,6859,213988,0
2048,12,237,32,384,347,1.106628242,6919,215895,0.182418628,7589.468750000,28.446655110,63,166,109.825396825,1.511490100,10,45,347,6919,215895,0
2048,12,238,32,384,333,1.153153153,6612,206194,0.174221851,7595.843750000,27.145634743,63,168,104.952380952,1.600725953,9,43,333,6612,206194,0
2048,12,239,32,384,351,1.094017094,6565,204531,0.172816714,7073.937500000,28.913317371,63,167,104.206349206,1.602589490,11,45,351,6565,204531,0
2048,12,240,32,384,337,1.139465875,6875,214683,0.181394559,7796.937500000,27.534272270,63,167,109.126984127,1.530327273,9,60,337,6875,214683,0
2048,12,241,32,384,353,1.087818697,6893,215020,0.181679304,7343.468750000,29.280440528,63,167,109.412698413,1.526331060,10,51,353,6893,215020,0
2048,12,242,32,384,353,1.087818697,7063,220553,0.186354365,7490.531250000,29.444240020,63,163,112.111111111,1.453914767,9,51,353,7063,220553,0
2048,12,243,32,384,353,1.087818697,6791,211808,0.178965352,7216.875000000,29.348991080,63,164,107.793650794,1.521425416,9,58,353,6791,211808,0
2048,12,244,32,384,346,1.109826590,7256,226422,0.191313326,8064.406250000,28.076710545,63,167,115.174603175,1.449972437,8,58,346,7256,226422,0
2048,12,245,32,384,339,1.132743363,6780,211365,0.178591043,7582.125000000,27.876749592,63,165,107.619047619,1.533185841,10,48,339,6780,211365,0
2048,12,246,32,384,339,1.132743363,6826,213071,0.180032513,7643.937500000,27.874508393,63,167,108.349206349,1.541312628,9,43,339,6826,213071,0
2048,12,247,32,384,346,1.109826590,7100,221631,0.187265212,7827.781250000,28.313387015,63,167,112.698412698,1.481830986,8,51,346,7100,221631,0
2048,12,248,32,384,343,1.119533528,6869,214004,0.180820844,7525.781250000,28.436117513,62,167,109.031746032,1.531663998,9,60,343,6869,214004,0
2048,12,249,32,384,320,1.200000000,6385,199063,0.168196574,7797.500000000,25.529079833,62,166,101.349206349,1.637901331,9,42,320,6385,199063,0
2048,12,250,32,384,353,1.087818697,7311,228367,0.192956737,7802.937500000,29.266798561,63,169,116.047619048,1.456298728,9,60,353,7311,228367,0
2048,12,251,32,384,352,1.090909091,6938,216506,0.182934887,7541.406250000,28.708969232,63,167,110.126984127,1.516431248,9,60,352,6938,216506,0
2048,12,252,32,384,345,1.113043478,6323,197018,0.166468669,6903.625000000,28.538340365,63,167,100.365079365,1.663925352,11,60,345,6323,197018,0
2048,12,253,32,384,349,1.100286533,7273,227252,0.192014628,7853.125000000,28.937779546,63,165,115.444444444,1.429258903,9,48,349,7273,227252,0
2048,12,254,32,384,348,1.103448276,6871,214257,0.181034614,7437.718750000,28.806816606,63,166,109.063492063,1.522049192,10,45,348,6871,214257,0
2048,12,255,32,384,343,1.119533528,7168,224144,0.189388550,7903.093750000,28.361551449,63,163,113.777777778,1.432617188,8,60,343,7168,224144,0
2048,12,256,32,384,339,1.132743363,6843,213462,0.180362885,7608.656250000,28.055151000,62,170,108.619047619,1.565103025,10,42,339,6843,213462,0
2048,12,257,32,384,341,1.126099707,6801,212349,0.179422466,7468.781250000,28.431546312,63,163,107.952380952,1.509925011,9,60,341,6801,212349,0
2048,12,258,32,384,352,1.090909091,6930,216274,0.182738861,7452.812500000,29.019111912,63,166,110.000000000,1.509090909,9,45,352,6930,216274,0
2048,12,259,32,384,343,1.119533528,6681,208221,0.175934547,7412.906250000,28.088983319,63,166,106.047619048,1.565334531,9,58,343,6681,208221,0
2048,12,260,32,384,357,1.075630252,7057,220044,0.185924290,7398.656250000,29.741076293,63,161,112.015873016,1.437296302,9,46,357,7057,220044,0
2048,12,261,32,384,362,1.060773481,6853,213791,0.180640871,7099.531250000,30.113396571,63,167,108.777777778,1.535240041,10,45,362,6853,213791,0
2048,12,262,32,384,360,1.066666667,7381,230752,0.194971923,7716.156250000,29.905045015,63,167,117.158730159,1.425416610,9,58,360,7381,230752,0
2048,12,263,32,384,345,1.113043478,7017,219125,0.185147789,7722.875000000,28.373500801,63,166,111.380952381,1.490380504,9,48,345,7017,219125,0
2048,12,264,32,384,334,1.149700599,6520,203194,0.171687027,7407.781250000,27.429805652,63,164,103.492063492,1.584662577,9,43,334,6520,203194,0
2048,12,265,32,384,339,1.132743363,7028,219301,0.185296498,7982.906250000,27.471323492,63,165,111.555555556,1.479083665,8,60,339,7028,219301,0
2048,12,266,32,384,345,1.113043478,6667,207841,0.175613470,7236.062500000,28.722941517,63,163,105.825396825,1.540272986,9,43,345,6667,207841,0
2048,12,267,32,384,339,1.132743363,6847,213557,0.180443155,7566.156250000,28.225296035,63,167,108.682539683,1.536585366,9,40,339,6847,213557,0
2048,12,268,32,384,336,1.142857143,6664,207724,0.175514612,7508.281250000,27.665985474,63,167,105.777777778,1.578781513,9,42,336,6664,207724,0
2048,12,269,32,384,354,1.084745763,6922,215856,0.182385675,7357.875000000,29.336731053,62,164,109.873015873,1.492632187,10,46,354,6922,215856,0
2048,12,270,32,384,350,1.097142857,7099,221729,0.187348016,7602.812500000,29.164075794,63,167,112.682539683,1.482039724,9,58,350,7099,221729,0
2048,12,271,32,384,350,1.097142857,6719,209426,0.176952702,7206.218750000,29.061843286,63,165,106.650793651,1.547105224,9,43,350,6719,209426,0
2048,12,272,32,384,336,1.142857143,6903,215666,0.182225136,7978.843750000,27.029730968,62,166,109.571428571,1.514993481,9,60,336,6903,215666,0
2048,12,273,32,384,327,1.174311927,6973,218171,0.184341715,8194.187500000,26.625092482,63,166,110.682539683,1.499784885,8,60,327,6973,218171,0
2048,12,274,32,384,353,1.087818697,6890,214785,0.181480743,7272.156250000,29.535256479,63,166,109.365079365,1.517851959,9,60,353,6890,214785,0
2048,12,275,32,384,358,1.072625698,7154,223278,0.188656830,7473.468750000,29.876086657,63,166,113.555555556,1.461839530,10,58,358,7154,223278,0
2048,12,276,32,384,341,1.126099707,6804,212200,0.179296569,7601.625000000,27.915083946,63,166,108.000000000,1.537037037,9,58,341,6804,212200,0
2048,12,277,32,384,348,1.103448276,7201,224997,0.190109285,7780.531250000,28.917948244,63,167,114.301587302,1.461047077,9,60,348,7201,224997,0
2048,12,278,32,384,359,1.069637883,7370,230157,0.194469182,7646.406250000,30.100022478,63,167,116.984126984,1.427544098,9,46,359,7370,230157,0
2048,12,279,32,384,340,1.129411765,6936,216511,0.182939112,7802.250000000,27.749815758,63,161,110.095238095,1.462370242,8,60,340,6936,216511,0
2048,12,280,32,384,352,1.090909091,6983,217990,0.184188780,7521.906250000,28.980685581,63,167,110.841269841,1.506659029,9,44,352,6983,217990,0
2048,12,281,32,384,336,1.142857143,6564,204656,0.172922331,7350.343750000,27.843051558,63,166,104.190476190,1.593235832,9,43,336,6564,204656,0
2048,12,282,32,384,341,1.126099707,6862,214291,0.181063342,7627.062500000,28.096137930,63,164,108.920634921,1.505683474,9,58,341,6862,214291,0
2048,12,283,32,384,341,1.126099707,6430,200301,0.169242611,6967.031250000,28.749835161,63,166,102.063492063,1.626438569,10,39,341,6430,200301,0
2048,12,284,32,384,351,1.094017094,6979,217941,0.184147378,7529.843750000,28.943628478,63,167,110.777777778,1.507522568,9,48,351,6979,217941,0
2048,12,285,32,384,346,1.109826590,6652,207453,0.175285632,7284.656250000,28.478076780,63,165,105.587301587,1.562687913,10,46,346,6652,207453,0
2048,12,286,32,384,356,1.078651685,6924,216129,0.182616344,7290.343750000,29.645927190,63,167,109.904761905,1.519497400,9,38,356,6924,216129,0
2048,12,287,32,384,354,1.084745763,7066,220544,0.186346761,7565.125000000,29.152723848,63,167,112.158730159,1.488961223,10,44,354,7066,220544,0
2048,12,288,32,384,332,1.156626506,6675,208120,0.175849208,7708.906250000,26.997344792,63,165,105.952380952,1.557303371,9,58,332,6675,208120,0
2048,12,289,32,384,358,1.072625698,7055,219901,0.185803463,7400.093750000,29.715974882,63,166,111.984126984,1.482352941,9,42,358,7055,219901,0
2048,12,290,32,384,343,1.119533528,7233,225991,0.190949156,8012.343750000,28.205355019,63,168,114.809523810,1.463293239,8,48,343,7233,225991,0
2048,12,291,32,384,355,1.081690141,7246,226225,0.191146873,7626.375000000,29.663503303,63,166,115.015873016,1.443279051,9,51,355,7246,226225,0
2048,12,292,32,384,340,1.129411765,6997,218562,0.184672087,7876.218750000,27.749610179,63,167,111.063492063,1.503644419,9,45,340,6997,218562,0
2048,12,293,32,384,345,1.113043478,6698,208686,0.176327445,7354.750000000,28.374315918,63,161,106.317460317,1.514332637,8,51,345,6698,208686,0
2048,12,294,32,384,348,1.103448276,6959,217160,0.183487479,7578.843750000,28.653447302,63,166,110.460317460,1.502802127,10,58,348,6959,217160,0
2048,12,295,32,384,342,1.122807018,6730,209977,0.177418265,7409.218750000,28.339964993,63,165,106.825396825,1.544576523,9,58,342,6730,209977,0
2048,12,296,32,384,335,1.146268657,6608,206351,0.174354507,7520.156250000,27.439722413,63,165,104.888888889,1.573093220,9,51,335,6608,206351,0
2048,12,297,32,384,336,1.142857143,7011,218954,0.185003304,7907.937500000,27.687876896,62,167,111.285714286,1.500641849,9,48,336,7011,218954,0
2048,12,298,32,384,339,1.132743363,6663,207799,0.175577982,7543.156250000,27.548017450,63,162,105.761904762,1.531742458,10,60,339,6663,207799,0
2048,12,299,32,384,333,1.153153153,6223,193860,0.163800344,7035.312500000,27.555279172,63,165,98.777777778,1.670416198,9,42,333,6223,193860,0
2048,12,300,32,384,338,1.136094675,7009,218858,0.184922189,8002.875000000,27.347422020,63,169,111.253968254,1.519046940,9,51,338,7009,218858,0
2048,12,301,32,384,351,1.094017094,7317,228381,0.192968566,7850.156250000,29.092541948,63,170,116.142857143,1.463714637,9,58,351,7317,228381,0
2048,12,302,32,384,347,1.106628242,7174,224099,0.189350527,7839.968750000,28.584170058,63,169,113.873015873,1.484109284,10,58,347,7174,224099,0
2048,12,303,32,384,338,1.136094675,6535,204036,0.172398468,7392.906250000,27.598889138,61,167,103.730158730,1.609946442,9,42,338,6535,204036,0
2048,12,304,32,384,340,1.129411765,6741,210353,0.177735963,7620.187500000,27.604701328,63,166,107.000000000,1.551401869,10,60,340,6741,210353,0
2048,12,305,32,384,344,1.116279070,6963,217517,0.183789123,7798.156250000,27.893388261,62,166,110.523809524,1.501938819,9,46,344,6963,217517,0
2048,12,306,32,384,356,1.078651685,7065,220543,0.186345916,7492.968750000,29.433327077,63,164,112.142857143,1.462420382,9,58,356,7065,220543,0
2048,12,307,32,384,347,1.106628242,6847,213637,0.180510750,7373.375000000,28.974112940,63,167,108.682539683,1.536585366,10,48,347,6847,213637,0
2048,12,308,32,384,345,1.113043478,6913,215734,0.182282592,7540.093750000,28.611580592,63,165,109.730158730,1.503688702,8,48,345,6913,215734,0
2048,12,309,32,384,349,1.100286533,6904,215700,0.182253864,7435.062500000,29.011188541,63,169,109.587301587,1.542149479,10,60,349,6904,215700,0
2048,12,310,32,384,360,1.066666667,7071,220375,0.186203965,7390.406250000,29.819064412,63,165,112.238095238,1.470089096,9,40,360,7071,220375,0
2048,12,311,32,384,358,1.072625698,6942,216340,0.182794627,7270.250000000,29.756885939,63,166,110.190476190,1.506482282,10,58,358,6942,216340,0
2048,12,312,16,192,188,1.021276596,3935,123033,0.103955678,7880.937500000,15.611467544,63,165,65.730158730,2.510263221,7,60,200,4141,129439,192
2048,16,0,32,512,442,1.158371041,8967,279956,0.236546420,10207.000000000,27.427843637,63,204,142.333333333,1.433255269,10,44,442,8967,279956,0
2048,16,1,32,512,435,1.177011494,8943,279200,0.235907645,10392.750000000,26.864881769,63,197,141.952380952,1.387789332,10,58,435,8943,279200,0
2048,16,2,32,512,457,1.120350109,9255,288947,0.244143289,10236.031250000,28.228421049,63,203,146.904761905,1.381847650,11,60,457,9255,288947,0
2048,16,3,32,512,440,1.163636364,8771,273828,0.231368619,10060.031250000,27.219398548,63,203,139.222222222,1.458100559,11,51,440,8771,273828,0
2048,16,4,32,512,447,1.145413870,9174,286373,0.241968409,10349.937500000,27.669055973,63,200,145.619047619,1.373446697,11,60,447,9174,286373,0
2048,16,5,32,512,413,1.239709443,7886,245747,0.207641819,9436.281250000,26.042780359,63,190,125.174603175,1.517879787,10,58,413,7886,245747,0
2048,16,6,32,512,426,1.201877934,8963,279875,0.236477980,10490.968750000,26.677707909,63,199,142.269841270,1.398750418,11,58,426,8963,279875,0
2048,16,7,32,512,422,1.213270142,8828,275721,0.232968093,10704.812500000,25.756733245,63,199,140.126984127,1.420140462,10,58,422,8828,275721,0
2048,16,8,32,512,448,1.142857143,9074,283153,0.239247698,10258.125000000,27.602802656,63,200,144.031746032,1.388582764,10,48,448,9074,283153,0
2048,16,9,32,512,438,1.168949772,8627,269156,0.227421053,9883.812500000,27.232001821,63,203,136.936507937,1.482438855,11,48,438,8627,269156,0
2048,16,10,32,512,433,1.182448037,8776,273609,0.231183577,10282.812500000,26.608381705,63,200,139.301587302,1.435733820,12,46,433,8776,273609,0
2048,16,11,32,512,470,1.089361702,9415,293669,0.248133102,9973.281250000,29.445574895,63,201,149.444444444,1.344981413,12,58,470,9415,293669,0
2048,16,12,32,512,438,1.168949772,8440,263043,0.222255926,9598.187500000,27.405486713,63,202,133.968253968,1.507819905,12,60,438,8440,263043,0
2048,16,13,32,512,461,1.110629067,9307,290474,0.245433514,10195.312500000,28.490936398,63,202,147.730158730,1.367357903,10,46,461,9307,290474,0
2048,16,14,32,512,437,1.171624714,8744,272839,0.230532972,10124.812500000,26.947560757,63,201,138.793650794,1.448193047,11,44,437,8744,272839,0
2048,16,15,32,512,424,1.207547170,8353,260595,0.220187509,10099.218750000,25.803481086,63,202,132.587301587,1.523524482,10,48,424,8353,260595,0
2048,16,16,32,512,453,1.130242826,9052,282673,0.238842126,10107.750000000,27.965966709,63,200,143.682539683,1.391957578,11,42,453,9052,282673,0
2048,16,17,32,512,447,1.145413870,8851,276315,0.233469989,10003.875000000,27.620796941,63,202,140.492063492,1.437803638,10,48,447,8851,276315,0
2048,16,18,32,512,450,1.137777778,9201,287241,0.242701818,10332.000000000,27.801103368,63,200,146.047619048,1.369416368,12,58,450,9201,287241,0
2048,16,19,32,512,448,1.142857143,9124,284711,0.240564117,10260.437500000,27.748426907,63,205,144.825396825,1.415497589,10,60,448,9124,284711,0
2048,16,20,32,512,431,1.187935035,8530,266295,0.225003675,10018.125000000,26.581321355,63,201,135.396825397,1.484525205,11,48,431,8530,266295,0
2048,16,21,32,512,457,1.120350109,8835,275870,0.233093990,9652.937500000,28.578865242,63,200,140.238095238,1.426146010,11,58,457,8835,275870,0
2048,16,22,32,512,419,1.221957041,8524,266294,0.225002831,10285.593750000,25.889997843,63,200,135.301587302,1.478179259,10,46,419,8524,266294,0
2048,16,23,32,512,447,1.145413870,9275,289820,0.244880922,10441.343750000,27.756963753,63,197,147.222222222,1.338113208,12,60,447,9275,289820,0
2048,16,24,32,512,442,1.158371041,8731,272352,0.230121486,9868.937500000,27.596891763,62,203,138.587301587,1.464780667,11,58,442,8731,272352,0
2048,16,25,32,512,448,1.142857143,9083,283704,0.239713261,10141.125000000,27.975594424,63,205,144.174603175,1.421887042,10,46,448,9083,283704,0
2048,16,26,32,512,453,1.130242826,9109,284320,0.240233745,10148.375000000,28.016308030,63,203,144.587301587,1.403996048,11,44,453,9109,284320,0
2048,16,27,32,512,448,1.142857143,9145,285366,0.241117553,10299.843750000,27.705857188,63,199,145.158730159,1.370913067,10,46,448,9145,285366,0
2048,16,28,32,512,438,1.168949772,8802,274703,0.232107943,10233.906250000,26.842438585,63,200,139.714285714,1.431492843,11,44,438,8802,274703,0
2048,16,29,32,512,463,1.105831533,9250,288449,0.243722508,10047.562500000,28.708355882,63,200,146.825396825,1.362162162,12,58,463,9250,288449,0
2048,16,30,32,512,440,1.163636364,9075,283298,0.239370214,10301.187500000,27.501489513,63,205,144.047619048,1.423140496,10,58,440,9075,283298,0
2048,16,31,32,512,435,1.177011494,8547,266791,0.225422766,9944.968750000,26.826730853,63,199,135.666666667,1.466830467,11,48,435,8547,266791,0
2048,16,32,32,512,431,1.187935035,8608,268447,0.226821989,9938.750000000,27.010137090,63,202,136.634920635,1.478392193,12,51,431,8608,268447,0
2048,16,33,32,512,416,1.230769231,8506,265562,0.224384333,10564.968750000,25.136089494,63,198,135.015873016,1.466494239,12,58,416,8506,265562,0
2048,16,34,32,512,450,1.137777778,9188,286986,0.242486358,10280.937500000,27.914380376,63,202,145.841269841,1.385067479,11,60,450,9188,286986,0
2048,16,35,32,512,452,1.132743363,8869,276552,0.233670240,9782.687500000,28.269532273,63,204,140.777777778,1.449092344,10,48,452,8869,276552,0
2048,16,36,32,512,457,1.120350109,9257,288663,0.243903325,10151.531250000,28.435414608,63,203,146.936507937,1.381549098,11,58,457,9257,288663,0
2048,16,37,32,512,451,1.135254989,8986,280289,0.236827786,9915.468750000,28.267851684,63,203,142.634920635,1.423213888,12,51,451,8986,280289,0
2048,16,38,32,512,431,1.187935035,8824,275724,0.232970628,10401.437500000,26.508259075,63,202,140.063492063,1.442203083,11,43,431,8824,275724,0
2048,16,39,32,512,452,1.132743363,9198,287304,0.242755050,10292.281250000,27.914511178,63,201,146.000000000,1.376712329,10,60,452,9198,287304,0
2048,16,40,32,512,441,1.160997732,8767,273450,0.231049231,10005.406250000,27.330224597,63,204,139.158730159,1.465951865,12,42,441,8767,273450,0
2048,16,41,32,512,464,1.103448276,8701,271295,0.229228383,9426.500000000,28.780035008,63,203,138.111111111,1.469831054,12,48,464,8701,271295,0
2048,16,42,32,512,467,1.096359743,9144,285174,0.240955325,9886.281250000,28.845426585,63,202,145.142857143,1.391732283,11,58,467,9144,285174,0
2048,16,43,32,512,451,1.135254989,8820,274998,0.232357201,9829.375000000,27.977160298,63,201,140.000000000,1.435714286,11,51,451,8820,274998,0
2048,16,44,32,512,433,1.182448037,8457,263773,0.222872733,9827.218750000,26.841063246,63,198,134.238095238,1.474991132,10,48,433,8457,263773,0
2048,16,45,32,512,452,1.132743363,9082,283364,0.239425981,9974.562500000,28.408664540,63,202,144.158730159,1.401233209,11,60,452,9082,283364,0
2048,16,46,32,512,440,1.163636364,8840,275747,0.232990062,10055.156250000,27.423442575,63,204,140.317460317,1.453846154,11,60,440,8840,275747,0
2048,16,47,32,512,451,1.135254989,9064,283062,0.239170808,10080.500000000,28.080154754,63,200,143.873015873,1.390114740,11,60,451,9064,283062,0
2048,16,48,32,512,434,1.179723502,8145,253903,0.214533161,9357.937500000,27.132367576,63,194,129.285714286,1.500552486,12,45,434,8145,253903,0
2048,16,49,32,512,442,1.158371041,8710,271844,0.229692255,9885.843750000,27.498310400,63,202,138.253968254,1.461079219,12,60,442,8710,271844,0
2048,16,50,32,512,448,1.142857143,9204,287524,0.242940937,10399.812500000,27.647036906,63,202,146.095238095,1.382659713,10,60,448,9204,287524,0
2048,16,51,32,512,446,1.147982063,8945,279178,0.235889056,10049.156250000,27.781237853,63,200,141.984126984,1.408608161,10,58,446,8945,279178,0
2048,16,52,32,512,452,1.132743363,9132,285071,0.240868296,10182.218750000,27.996943201,63,197,144.952380952,1.359067017,11,60,452,9132,285071,0
2048,16,53,32,512,448,1.142857143,8863,276894,0.233959210,9791.562500000,28.278837009,63,200,140.682539683,1.421640528,11,46,448,8863,276894,0
2048,16,54,32,512,442,1.158371041,8845,275974,0.233181864,10028.062500000,27.520171519,63,203,140.396825397,1.445901639,10,58,442,8845,275974,0
2048,16,55,32,512,429,1.193473193,8369,261341,0.220817836,9881.625000000,26.447168355,62,203,132.841269841,1.528139563,10,58,429,8369,261341,0
2048,16,56,32,512,453,1.130242826,9235,288178,0.243493529,10248.468750000,28.119127553,63,203,146.587301587,1.384840282,11,48,453,9235,288178,0
2048,16,57,32,512,432,1.185185185,8329,259383,0.219163440,9603.156250000,27.010182199,63,203,132.206349206,1.535478449,10,48,432,8329,259383,0
2048,16,58,32,512,442,1.158371041,8735,272179,0.229975311,9791.843750000,27.796501553,63,202,138.650793651,1.456897539,11,58,442,8735,272179,0
2048,16,59,32,512,454,1.127753304,8992,280642,0.237126050,10015.781250000,28.019980968,63,202,142.730158730,1.415258007,10,60,454,8992,280642,0
2048,16,60,32,512,443,1.155756208,8882,277125,0.234154391,10215.562500000,27.127727915,63,203,140.984126984,1.439878406,11,58,443,8882,277125,0
2048,16,61,32,512,440,1.163636364,8833,275965,0.233174259,10091.531250000,27.346196842,63,202,140.206349206,1.440733613,12,51,440,8833,275965,0
2048,16,62,32,512,447,1.145413870,8977,280189,0.236743292,10188.593750000,27.500262242,63,201,142.492063492,1.410604879,11,60,447,8977,280189,0
2048,16,63,32,512,446,1.147982063,9331,291303,0.246133971,10489.000000000,27.772237582,63,201,148.111111111,1.357089272,10,51,446,9331,291303,0
2048,16,64,32,512,434,1.179723502,8940,279057,0.235786818,10447.218750000,26.711128261,63,201,141.904761905,1.416442953,11,60,434,8940,279057,0
2048,16,65,32,512,435,1.177011494,8753,273053,0.230713790,9928.000000000,27.503323932,63,202,138.936507937,1.453901519,11,48,435,8753,273053,0
2048,16,66,32,512,432,1.185185185,8835,275758,0.232999356,10384.406250000,26.555008862,63,198,140.238095238,1.411884550,11,48,432,8835,275758,0
2048,16,67,32,512,451,1.135254989,9253,289038,0.244220178,10457.843750000,27.638393431,63,200,146.873015873,1.361720523,10,44,451,9253,289038,0
2048,16,68,32,512,442,1.158371041,8673,270555,0.228603126,9960.375000000,27.163133918,63,200,137.666666667,1.452784504,11,44,442,8673,270555,0
2048,16,69,32,512,440,1.163636364,8264,257481,0.217556362,9278.906250000,27.749067946,63,200,131.174603175,1.524685382,12,43,440,8264,257481,0
2048,16,70,32,512,436,1.174311927,8658,270273,0.228364852,9961.593750000,27.131501925,63,203,137.428571429,1.477130977,11,58,436,8658,270273,0
2048,16,71,32,512,432,1.185185185,8821,275623,0.232885289,10291.937500000,26.780477437,63,204,140.015873016,1.456977667,11,60,432,8821,275623,0
2048,16,72,32,512,439,1.166287016,8696,271397,0.229314567,10024.125000000,27.074383051,63,201,138.031746032,1.456186753,12,45,439,8696,271397,0
2048,16,73,32,512,432,1.185185185,8622,269144,0.227410914,10196.125000000,26.396694823,63,199,136.857142857,1.454070981,10,48,432,8622,269144,0
2048,16,74,32,512,437,1.171624714,9229,288462,0.243733492,10735.218750000,26.870621523,63,199,146.492063492,1.358435367,11,60,437,9229,288462,0
2048,16,75,32,512,436,1.174311927,8800,274554,0.231982047,10214.531250000,26.878766463,62,204,139.682539683,1.460454545,11,45,436,8800,274554,0
2048,16,76,32,512,445,1.150561798,9070,283262,0.239339797,10293.468750000,27.518614656,63,205,143.968253968,1.423925028,12,58,445,9070,283262,0
2048,16,77,32,512,448,1.142857143,8865,276267,0.233429431,10011.531250000,27.594879654,63,199,140.714285714,1.414213198,11,58,448,8865,276267,0
2048,16,78,32,512,440,1.163636364,9487,296524,0.250545410,11077.812500000,26.767378487,63,200,150.587301587,1.328133235,10,60,440,9487,296524,0
2048,16,79,32,512,447,1.145413870,8626,268922,0.227223337,9704.625000000,27.710704947,63,193,136.920634921,1.409575701,11,58,447,8626,268922,0
2048,16,80,32,512,453,1.130242826,8961,279615,0.236258295,9937.000000000,28.138774278,63,199,142.238095238,1.399062605,11,48,453,8961,279615,0
2048,16,81,32,512,447,1.145413870,8905,277879,0.234791477,9949.250000000,27.929642938,63,197,141.349206349,1.393711398,11,58,447,8905,277879,0
2048,16,82,32,512,452,1.132743363,8916,278345,0.235185220,9883.937500000,28.161347641,63,203,141.523809524,1.434387618,10,48,452,8916,278345,0
2048,16,83,32,512,453,1.130242826,9104,284191,0.240124747,10083.500000000,28.183765558,63,203,144.507936508,1.404767135,11,58,453,9104,284191,0
2048,16,84,32,512,444,1.153153153,8794,274216,0.231696456,9973.562500000,27.494288024,63,199,139.587301587,1.425631112,11,44,444,8794,274216,0
2048,16,85,32,512,424,1.207547170,8461,264237,0.223264786,9973.687500000,26.493410787,63,199,134.301587302,1.481739747,10,60,424,8461,264237,0
2048,16,86,32,512,463,1.105831533,8963,279506,0.236166197,9819.250000000,28.465106806,63,201,142.269841270,1.412808212,11,43,463,8963,279506,0
2048,16,87,32,512,433,1.182448037,8745,273265,0.230892917,10194.250000000,26.805797386,63,201,138.809523810,1.448027444,12,60,433,8745,273265,0
2048,16,88,32,512,418,1.224880383,8479,264677,0.223636560,10374.375000000,25.512573047,63,203,134.587301587,1.508314660,10,48,418,8479,264677,0
2048,16,89,32,512,431,1.187935035,8792,274499,0.231935575,10296.718750000,26.658881015,63,202,139.555555556,1.447452229,12,48,431,8792,274499,0
2048,16,90,32,512,442,1.158371041,8847,276182,0.233357611,10182.406250000,27.123451296,63,203,140.428571429,1.445574771,11,58,442,8847,276182,0
2048,16,91,32,512,428,1.196261682,8769,273633,0.231203856,10314.000000000,26.530250145,63,200,139.190476190,1.436879918,10,48,428,8769,273633,0
2048,16,92,32,512,447,1.145413870,8878,277012,0.234058913,10173.531250000,27.228697017,63,203,140.920634921,1.440527146,11,58,447,8878,277012,0
2048,16,93,32,512,424,1.207547170,8587,268097,0.226526260,10243.250000000,26.173040783,63,200,136.301587302,1.467334343,10,48,424,8587,268097,0
2048,16,94,32,512,420,1.219047619,8154,254531,0.215063785,9649.843750000,26.376696514,63,201,129.428571429,1.552980132,10,48,420,8154,254531,0
2048,16,95,32,512,467,1.096359743,9436,294385,0.248738080,10262.281250000,28.686116939,63,201,149.777777778,1.341988131,11,58,467,9436,294385,0
2048,16,96,32,512,436,1.174311927,8415,262280,0.221611236,9687.187500000,27.074937901,63,201,133.571428571,1.504812834,12,58,436,8415,262280,0
2048,16,97,32,512,442,1.158371041,8935,278843,0.235606000,10222.000000000,27.278712581,63,194,141.825396825,1.367879127,11,60,442,8935,278843,0
2048,16,98,32,512,445,1.150561798,8544,266552,0.225220825,9687.312500000,27.515577721,63,203,135.619047619,1.496839888,11,51,445,8544,266552,0
2048,16,99,32,512,445,1.150561798,8598,268297,0.226695248,9670.250000000,27.744577441,63,202,136.476190476,1.480111654,11,44,445,8598,268297,0
2048,16,100,32,512,450,1.137777778,8414,261987,0.221363668,9324.406250000,28.096909656,63,202,133.555555556,1.512479201,12,40,450,8414,261987,0
2048,16,101,32,512,443,1.155756208,9030,281949,0.238230388,10438.156250000,27.011379524,63,203,143.333333333,1.416279070,11,58,443,9030,281949,0
2048,16,102,32,512,448,1.142857143,9134,285197,0.240974758,10322.000000000,27.630013563,63,203,144.984126984,1.400153273,11,58,448,9134,285197,0
2048,16,103,32,512,448,1.142857143,8958,279671,0.236305612,10109.187500000,27.665032427,63,205,142.190476190,1.441728064,11,48,448,8958,279671,0
2048,16,104,32,512,459,1.115468410,9215,287594,0.243000083,10116.500000000,28.428211338,63,202,146.269841270,1.381009224,11,46,459,9215,287594,0
2048,16,105,32,512,442,1.158371041,8649,269403,0.227629753,9774.312500000,27.562347735,63,203,137.285714286,1.478668054,11,58,442,8649,269403,0
2048,16,106,32,512,461,1.110629067,9186,286609,0.242167816,10022.906250000,28.595398665,63,200,145.809523810,1.371652515,11,48,461,9186,286609,0
2048,16,107,32,512,471,1.087048832,9162,285636,0.241345688,9643.031250000,29.620976288,63,203,145.428571429,1.395874263,11,46,471,9162,285636,0
2048,16,108,32,512,439,1.166287016,9101,284523,0.240405268,10537.343750000,27.001396818,63,201,144.460317460,1.391385562,11,45,439,9101,284523,0
2048,16,109,32,512,448,1.142857143,8843,276108,0.233295086,9941.531250000,27.773186349,63,201,140.365079365,1.431980097,12,60,448,8843,276108,0
2048,16,110,32,512,431,1.187935035,8890,277766,0.234695999,10414.812500000,26.670283310,63,202,141.111111111,1.431496063,10,46,431,8890,277766,0
2048,16,111,32,512,457,1.120350109,8795,274208,0.231689697,9625.343750000,28.488125424,63,200,139.603174603,1.432632177,11,48,457,8795,274208,0
2048,16,112,32,512,429,1.193473193,8530,266007,0.224760332,9975.281250000,26.666616543,63,202,135.396825397,1.491910903,12,42,429,8530,266007,0
2048,16,113,32,512,463,1.105831533,9423,294244,0.248618943,10290.281250000,28.594359362,63,203,149.571428571,1.357211079,11,51,463,9423,294244,0
2048,16,114,32,512,434,1.179723502,8837,275677,0.232930916,10279.687500000,26.817644019,63,203,140.269841270,1.447210592,11,58,434,8837,275677,0
2048,16,115,32,512,436,1.174311927,8405,262196,0.221540261,9752.031250000,26.886296124,63,206,133.412698413,1.544080904,12,60,436,8405,262196,0
2048,16,116,32,512,456,1.122807018,9072,282984,0.239104903,10099.031250000,28.020905471,63,204,144.000000000,1.416666667,12,60,456,9072,282984,0
2048,16,117,32,512,442,1.158371041,8734,272380,0.230145144,9959.500000000,27.348762488,63,204,138.634920635,1.471490726,11,48,442,8734,272380,0
2048,16,118,32,512,423,1.210401891,8648,270209,0.228310776,10349.531250000,26.108332201,63,199,137.269841270,1.449699352,10,48,423,8648,270209,0
2048,16,119,32,512,438,1.168949772,8628,268792,0.227113494,9964.812500000,26.974115168,63,198,136.952380952,1.445757997,10,48,438,8628,268792,0
2048,16,120,32,512,425,1.204705882,9023,281901,0.238189831,10571.031250000,26.667313087,63,200,143.222222222,1.396431342,10,58,425,9023,281901,0
2048,16,121,32,512,454,1.127753304,8746,272609,0.230338636,9640.468750000,28.277566897,63,203,138.825396825,1.462268466,13,51,454,8746,272609,0
2048,16,122,32,512,446,1.147982063,8715,271695,0.229566359,9780.562500000,27.779077124,63,205,138.333333333,1.481927711,11,58,446,8715,271695,0
2048,16,123,32,512,440,1.163636364,8883,277311,0.234311550,10350.093750000,26.793090642,63,201,141.000000000,1.425531915,11,44,440,8883,277311,0
2048,16,124,32,512,434,1.179723502,8543,266604,0.225264762,10048.250000000,26.532381260,63,204,135.603174603,1.504389559,11,44,434,8543,266604,0
2048,16,125,32,512,446,1.147982063,8338,259569,0.219320600,9426.468750000,27.536186337,63,200,132.349206349,1.511153754,11,43,446,8338,259569,0
2048,16,126,32,512,458,1.117903930,8905,277791,0.234717122,9807.843750000,28.323350889,63,200,141.349206349,1.414935430,13,45,458,8905,277791,0
2048,16,127,32,512,421,1.216152019,8203,255497,0.215879998,9790.062500000,26.097586200,63,197,130.206349206,1.512983055,10,40,421,8203,255497,0
2048,16,128,32,512,452,1.132743363,8786,274177,0.231663504,9742.093750000,28.143539473,63,204,139.460317460,1.462781698,11,51,452,8786,274177,0
2048,16,129,32,512,468,1.094017094,9648,301390,0.254656895,10497.406250000,28.710901800,63,202,153.142857143,1.319029851,11,58,468,9648,301390,0
2048,16,130,32,512,436,1.174311927,8951,279390,0.236068183,10299.656250000,27.126148021,63,203,142.079365079,1.428778907,11,60,436,8951,279390,0
2048,16,131,32,512,418,1.224880383,8489,265112,0.224004110,10593.031250000,25.027019532,63,200,134.746031746,1.484273766,10,58,418,8489,265112,0
2048,16,132,32,512,457,1.120350109,9179,286568,0.242133173,10018.687500000,28.603347494,63,202,145.698412698,1.386425537,11,58,457,9179,286568,0
2048,16,133,32,512,441,1.160997732,8694,271116,0.229077138,9926.562500000,27.312173776,63,201,138.000000000,1.456521739,11,58,441,8694,271116,0
2048,16,134,32,512,461,1.110629067,8868,276791,0.233872181,9676.312500000,28.605008364,62,203,140.761904762,1.442151556,13,43,461,8868,276791,0
2048,16,135,32,512,443,1.155756208,9189,287131,0.242608875,10463.843750000,27.440298886,63,204,145.857142857,1.398628795,11,60,443,9189,287131,0
2048,16,136,32,512,450,1.137777778,8850,276207,0.233378735,9827.218750000,28.106324590,63,201,140.476190476,1.430847458,10,60,450,8850,276207,0
2048,16,137,32,512,445,1.150561798,8929,278748,0.235525731,10200.000000000,27.328235294,63,203,141.730158730,1.432299250,11,58,445,8929,278748,0
2048,16,138,32,512,434,1.179723502,8775,274243,0.231719270,10178.125000000,26.944353700,63,208,139.285714286,1.493333333,12,60,434,8775,274243,0
2048,16,139,32,512,441,1.160997732,8959,279904,0.236502483,10342.812500000,27.062658247,63,195,142.206349206,1.371246791,10,60,441,8959,279904,0
2048,16,140,32,512,442,1.158371041,9011,281472,0.237827351,10255.750000000,27.445286790,63,204,143.031746032,1.426256797,11,46,442,9011,281472,0
2048,16,141,32,512,455,1.125274725,9155,285873,0.241545939,10197.000000000,28.035010297,63,201,145.317460317,1.383178591,10,60,455,9155,285873,0
2048,16,142,32,512,440,1.163636364,8800,274533,0.231964303,10216.406250000,26.871777931,63,202,139.682539683,1.446136364,11,43,440,8800,274533,0
2048,16,143,32,512,446,1.147982063,8760,273101,0.230754347,9939.687500000,27.475813500,63,203,139.047619048,1.459931507,11,45,446,8760,273101,0
2048,16,144,32,512,449,1.140311804,9186,286846,0.242368067,10316.281250000,27.805174466,63,201,145.809523810,1.378510777,11,60,449,9186,286846,0
2048,16,145,32,512,452,1.132743363,8671,270299,0.228386821,9658.437500000,27.985789627,63,198,137.634920635,1.438588398,11,43,452,8671,270299,0
2048,16,146,32,512,430,1.190697674,8856,276579,0.233693053,10307.875000000,26.831815481,63,200,140.571428571,1.422764228,11,60,430,8856,276579,0
2048,16,147,32,512,451,1.135254989,9229,288205,0.243516342,10294.968750000,27.994742578,63,202,146.492063492,1.378914292,12,48,451,9229,288205,0
2048,16,148,32,512,456,1.122807018,9653,301362,0.254633236,10662.562500000,28.263562347,63,203,153.222222222,1.324873096,10,60,456,9653,301362,0
2048,16,149,32,512,449,1.140311804,8868,276552,0.233670240,9935.531250000,27.834646487,63,202,140.761904762,1.435047361,13,51,449,8868,276552,0
2048,16,150,32,512,472,1.084745763,9212,287342,0.242787158,9737.718750000,29.508143270,63,204,146.222222222,1.395136778,12,51,472,9212,287342,0
2048,16,151,32,512,448,1.142857143,8615,268850,0.227162501,9600.968750000,28.002382572,63,202,136.746031746,1.477190946,12,58,448,8615,268850,0
2048,16,152,32,512,435,1.177011494,8865,276750,0.233837538,10205.968750000,27.116485145,63,203,140.714285714,1.442639594,11,51,435,8865,276750,0
2048,16,153,32,512,439,1.166287016,8734,272449,0.230203445,10034.750000000,27.150551832,63,199,138.634920635,1.435424777,11,46,439,8734,272449,0
2048,16,154,32,512,428,1.196261682,8670,270745,0.228763665,10181.843750000,26.590960012,63,203,137.619047619,1.475086505,11,58,428,8670,270745,0
2048,16,155,32,512,451,1.135254989,9211,287798,0.243172451,10293.093750000,27.960301051,63,200,146.206349206,1.367929649,10,48,451,9211,287798,0
2048,16,156,32,512,473,1.082452431,9372,292311,0.246985671,9795.250000000,29.842117353,63,203,148.761904762,1.364596671,12,51,473,9372,292311,0
2048,16,157,32,512,420,1.219047619,8833,276012,0.233213971,10822.875000000,25.502650636,63,202,140.206349206,1.440733613,12,51,420,8833,276012,0
2048,16,158,32,512,450,1.137777778,8749,272811,0.230509314,9720.625000000,28.065170707,63,200,138.873015873,1.440164590,11,51,450,8749,272811,0
2048,16,159,32,512,429,1.193473193,8540,266260,0.224974103,10202.531250000,26.097445181,63,204,135.555555556,1.504918033,13,42,429,8540,266260,0
2048,16,160,32,512,449,1.140311804,8898,277479,0.234453500,10083.625000000,27.517782543,63,200,141.238095238,1.416048550,11,51,449,8898,277479,0
2048,16,161,32,512,445,1.150561798,8439,262644,0.221918794,9413.937500000,27.899484143,63,202,133.952380952,1.507998578,11,46,445,8439,262644,0
2048,16,162,32,512,429,1.193473193,8711,272164,0.229962637,10266.000000000,26.511202026,63,201,138.269841270,1.453679256,10,58,429,8711,272164,0
2048,16,163,32,512,452,1.132743363,9150,285611,0.241324564,10275.687500000,27.794831246,63,202,145.238095238,1.390819672,10,48,452,9150,285611,0
2048,16,164,32,512,453,1.130242826,8830,275370,0.232671519,9824.468750000,28.028996479,63,203,140.158730159,1.448357871,11,60,453,8830,275370,0
2048,16,165,32,512,433,1.182448037,8857,276765,0.233850212,10389.093750000,26.639955963,63,200,140.587301587,1.422603590,11,58,433,8857,276765,0
2048,16,166,32,512,454,1.127753304,9334,291159,0.246012299,10303.406250000,28.258518876,63,203,148.158730159,1.370152132,10,44,454,9334,291159,0
2048,16,167,32,512,439,1.166287016,8774,273675,0.231239343,10063.062500000,27.195995255,63,202,139.269841270,1.450421700,11,60,439,8774,273675,0
2048,16,168,32,512,451,1.135254989,9198,287018,0.242513397,10177.875000000,28.200189136,63,198,146.000000000,1.356164384,11,48,451,9198,287018,0
2048,16,169,32,512,424,1.207547170,8750,273393,0.231001070,10454.343750000,26.151139329,63,202,138.888888889,1.454400000,10,48,424,8750,273393,0
2048,16,170,32,512,432,1.185185185,8612,268582,0.226936057,10064.125000000,26.687069169,63,201,136.698412698,1.470390153,10,51,432,8612,268582,0
2048,16,171,32,512,437,1.171624714,8838,275931,0.233145531,10194.187500000,27.067483309,63,201,140.285714286,1.432790224,11,48,437,8838,275931,0
2048,16,172,32,512,449,1.140311804,8994,280732,0.237202095,10068.781250000,27.881428053,63,206,142.761904762,1.442961975,11,46,449,8994,280732,0
2048,16,173,32,512,462,1.108225108,9305,290252,0.245245937,10145.781250000,28.608146859,63,200,147.698412698,1.354110693,11,58,462,9305,290252,0
2048,16,174,32,512,441,1.160997732,8845,276027,0.233226645,10093.937500000,27.345820201,63,202,140.396825397,1.438778971,11,46,441,8845,276027,0
2048,16,175,32,512,443,1.155756208,8920,278209,0.235070308,10113.343750000,27.509101527,63,202,141.587301587,1.426681614,11,60,443,8920,278209,0
2048,16,176,32,512,440,1.163636364,8587,267925,0.226380930,9783.843750000,27.384431604,63,202,136.301587302,1.482007686,11,60,440,8587,267925,0
2048,16,177,32,512,442,1.158371041,8581,267689,0.226181524,9692.531250000,27.618069325,63,202,136.206349206,1.483043934,11,46,442,8581,267689,0
2048,16,178,32,512,439,1.166287016,8789,274434,0.231880654,10020.500000000,27.387256125,63,200,139.507936508,1.433610195,11,58,439,8789,274434,0
2048,16,179,32,512,435,1.177011494,8466,264236,0.223263941,9792.156250000,26.984455033,63,200,134.380952381,1.488306166,11,45,435,8466,264236,0
2048,16,180,32,512,444,1.153153153,9127,284756,0.240602139,10339.656250000,27.540180555,63,201,144.873015873,1.387421935,11,48,444,9127,284756,0
2048,16,181,32,512,449,1.140311804,9118,284638,0.240502436,10272.312500000,27.709242685,63,198,144.730158730,1.368063172,11,60,449,9118,284638,0
2048,16,182,32,512,444,1.153153153,8571,267135,0.225713426,9587.218750000,27.863659625,63,201,136.047619048,1.477423871,12,60,444,8571,267135,0
2048,16,183,32,512,453,1.130242826,9073,283425,0.239477522,10087.031250000,28.097959942,63,202,144.015873016,1.402623168,11,51,453,9073,283425,0
2048,16,184,32,512,438,1.168949772,8606,268424,0.226802556,9992.093750000,26.863639065,63,204,136.603174603,1.493376714,13,51,438,8606,268424,0
2048,16,185,32,512,460,1.113043478,9448,295229,0.249451211,10271.375000000,28.742889827,63,202,149.968253968,1.346951736,11,48,460,9448,295229,0
2048,16,186,32,512,444,1.153153153,9070,283153,0.239247698,10349.875000000,27.358108190,63,202,143.968253968,1.403087100,11,48,444,9070,283153,0
2048,16,187,32,512,439,1.166287016,8791,274682,0.232090199,10192.375000000,26.949754105,63,202,139.539682540,1.447616881,11,48,439,8791,274682,0
2048,16,188,32,512,462,1.108225108,9372,292623,0.247249293,10171.468750000,28.769001527,63,202,148.761904762,1.357874520,10,51,462,9372,292623,0
2048,16,189,32,512,461,1.110629067,9158,285906,0.241573822,10074.718750000,28.378558955,63,204,145.365079365,1.403363180,12,58,461,9158,285906,0
2048,16,190,32,512,446,1.147982063,9050,282423,0.238630891,10115.312500000,27.920343539,63,207,143.650793651,1.440994475,11,48,446,9050,282423,0
2048,16,191,32,512,437,1.171624714,8553,266728,0.225369535,9964.906250000,26.766734509,63,204,135.761904762,1.502630656,12,58,437,8553,266728,0
2048,16,192,32,512,446,1.147982063,9293,290300,0.245286494,10480.093750000,27.700133885,63,203,147.507936508,1.376197138,10,58,446,9293,290300,0
2048,16,193,32,512,448,1.142857143,8897,277986,0.234881886,9936.625000000,27.975897249,63,200,141.222222222,1.416207710,11,58,448,8897,277986,0
2048,16,194,32,512,433,1.182448037,8506,265174,0.224056496,9990.593750000,26.542366413,63,203,135.015873016,1.503526922,10,45,433,8506,265174,0
2048,16,195,32,512,421,1.216152019,8157,254532,0.215064630,9659.593750000,26.350176476,63,203,129.476190476,1.567855829,10,51,421,8157,254532,0
2048,16,196,32,512,453,1.130242826,8775,273615,0.231188647,9713.156250000,28.169525225,63,206,139.285714286,1.478974359,11,51,453,8775,273615,0
2048,16,197,32,512,452,1.132743363,8966,279599,0.236244776,9949.812500000,28.100931550,63,202,142.317460317,1.419362034,11,60,452,8966,279599,0
2048,16,198,32,512,426,1.201877934,8456,263770,0.222870198,10042.343750000,26.265780834,63,201,134.222222222,1.497516556,10,48,426,8456,263770,0
2048,16,199,32,512,454,1.127753304,9027,281666,0.237991270,9955.656250000,28.292057593,63,203,143.285714286,1.416749751,11,51,454,9027,281666,0
2048,16,200,32,512,444,1.153153153,8918,278621,0.235418423,10181.250000000,27.366089626,63,201,141.555555556,1.419937206,11,51,444,8918,278621,0
2048,16,201,32,512,447,1.145413870,9192,287104,0.242586062,10548.562500000,27.217357815,63,202,145.904761905,1.384464752,10,48,447,9192,287104,0
2048,16,202,32,512,428,1.196261682,8248,257169,0.217292740,9781.187500000,26.292206340,63,202,130.920634921,1.542919496,11,58,428,8248,257169,0
2048,16,203,32,512,441,1.160997732,8574,267675,0.226169695,9872.437500000,27.113364861,63,200,136.095238095,1.469559132,11,46,441,8574,267675,0
2048,16,204,32,512,414,1.236714976,8029,250570,0.211716972,9735.656250000,25.737350782,63,203,127.444444444,1.592850915,10,58,414,8029,250570,0
2048,16,205,32,512,433,1.182448037,8593,267995,0.226440076,10083.000000000,26.578895170,63,204,136.396825397,1.495635983,11,44,433,8593,267995,0
2048,16,206,32,512,433,1.182448037,8241,256856,0.217028273,9464.812500000,27.137991376,63,201,130.809523810,1.536585366,10,51,433,8241,256856,0
2048,16,207,32,512,433,1.182448037,8553,266905,0.225519090,10070.625000000,26.503320300,63,202,135.761904762,1.487898983,11,51,433,8553,266905,0
2048,16,208,32,512,442,1.158371041,9126,284719,0.240570876,10404.031250000,27.366219224,63,200,144.857142857,1.380670611,10,46,442,9126,284719,0
2048,16,209,32,512,453,1.130242826,9242,288411,0.243690400,10190.531250000,28.301861103,63,200,146.698412698,1.363341268,10,60,453,9242,288411,0
2048,16,210,32,512,451,1.135254989,9236,288607,0.243856008,10264.781250000,28.116234820,63,201,146.603174603,1.371048073,10,60,451,9236,288607,0
2048,16,211,32,512,449,1.140311804,9059,282778,0.238930845,10164.031250000,27.821441419,63,204,143.793650794,1.418699636,12,46,449,9059,282778,0
2048,16,212,32,512,444,1.153153153,9107,283844,0.239831552,10316.343750000,27.514011444,63,205,144.555555556,1.418139892,11,39,444,9107,283844,0
2048,16,213,32,512,438,1.168949772,8572,267153,0.225728635,9949.187500000,26.851740406,63,200,136.063492063,1.469902007,11,43,438,8572,267153,0
2048,16,214,32,512,446,1.147982063,8803,274626,0.232042882,9949.343750000,27.602423527,63,202,139.730158730,1.445643531,10,43,446,8803,274626,0
2048,16,215,32,512,443,1.155756208,9154,285793,0.241478343,10359.500000000,27.587528356,63,199,145.301587302,1.369565217,11,48,443,9154,285793,0
2048,16,216,32,512,404,1.267326733,8197,256000,0.216305004,10509.593750000,24.358696072,63,200,130.111111111,1.537147737,10,48,404,8197,256000,0
2048,16,217,32,512,434,1.179723502,8870,277113,0.234144252,10246.968750000,27.043412229,63,204,140.793650794,1.448928974,11,60,434,8870,277113,0
2048,16,218,32,512,439,1.166287016,8672,270646,0.228680016,10020.343750000,27.009652239,61,201,137.650793651,1.460216790,11,48,439,8672,270646,0
2048,16,219,32,512,425,1.204705882,8366,260767,0.220332839,9948.281250000,26.212266566,63,203,132.793650794,1.528687545,10,51,425,8366,260767,0
2048,16,220,32,512,439,1.166287016,8797,274275,0.231746308,10140.718750000,27.046899412,63,199,139.634920635,1.425144936,10,46,439,8797,274275,0
2048,16,221,32,512,446,1.147982063,8412,262144,0.221496324,9423.718750000,27.817468555,63,201,133.523809524,1.505349501,11,58,446,8412,262144,0
2048,16,222,32,512,427,1.199063232,8509,265543,0.224368280,10125.750000000,26.224526578,63,201,135.063492063,1.488188976,11,58,427,8509,265543,0
2048,16,223,32,512,450,1.137777778,8696,271368,0.229290063,9756.593750000,27.813805407,63,202,138.031746032,1.463431463,13,60,450,8696,271368,0
2048,16,224,32,512,448,1.142857143,9015,281457,0.237814677,10245.437500000,27.471447657,63,198,143.095238095,1.383693844,11,60,448,9015,281457,0
2048,16,225,32,512,428,1.196261682,8330,259896,0.219596895,9839.218750000,26.414292293,63,202,132.222222222,1.527731092,12,48,428,8330,259896,0
2048,16,226,32,512,445,1.150561798,8744,272515,0.230259211,9901.281250000,27.523205646,63,200,138.793650794,1.440988106,11,58,445,8744,272515,0
2048,16,227,32,512,454,1.127753304,9062,282977,0.239098988,9915.625000000,28.538493539,63,202,143.841269841,1.404325756,10,43,454,9062,282977,0
2048,16,228,32,512,455,1.125274725,9020,281419,0.237782570,10054.218750000,27.990140955,63,205,143.174603175,1.431818182,11,58,455,9020,281419,0
2048,16,229,32,512,439,1.166287016,8796,274534,0.231965148,10156.281250000,27.030956828,63,203,139.619047619,1.453956344,10,60,439,8796,274534,0
2048,16,230,32,512,443,1.155756208,8646,269621,0.227813951,9748.593750000,27.657424949,63,202,137.238095238,1.471894518,13,44,443,8646,269621,0
2048,16,231,32,512,443,1.155756208,8963,280054,0.236629224,10225.531250000,27.387721298,63,201,142.269841270,1.412808212,10,60,443,8963,280054,0
2048,16,232,32,512,438,1.168949772,9017,281465,0.237821437,10352.468750000,27.188200882,63,201,143.126984127,1.404347344,10,60,438,9017,281465,0
2048,16,233,32,512,451,1.135254989,9001,281025,0.237449663,9881.531250000,28.439418233,63,200,142.873015873,1.399844462,11,48,451,9001,281025,0
2048,16,234,32,512,451,1.135254989,8847,275871,0.233094835,9807.343750000,28.129023213,63,203,140.428571429,1.445574771,11,51,451,8847,275871,0
2048,16,235,32,512,448,1.142857143,9098,283820,0.239811274,10265.937500000,27.646768744,63,196,144.412698413,1.357221367,10,51,448,9098,283820,0
2048,16,236,32,512,453,1.130242826,8785,273923,0.231448889,9702.281250000,28.232844724,63,202,139.444444444,1.448605578,11,51,453,8785,273923,0
2048,16,237,32,512,444,1.153153153,8764,273425,0.231028108,10077.156250000,27.133150783,63,198,139.111111111,1.423322684,11,60,444,8764,273425,0
2048,16,238,32,512,439,1.166287016,8717,271922,0.229758161,10158.312500000,26.768422413,63,203,138.365079365,1.467133188,12,43,439,8717,271922,0
2048,16,239,32,512,452,1.132743363,8519,265389,0.224238159,9510.500000000,27.904842017,63,203,135.222222222,1.501232539,11,45,452,8519,265389,0
2048,16,240,32,512,432,1.185185185,8787,274364,0.231821508,10286.031250000,26.673455809,63,203,139.476190476,1.455445545,10,60,432,8787,274364,0
2048,16,241,32,512,455,1.125274725,8826,275298,0.232610683,9742.031250000,28.258788433,63,206,140.095238095,1.470428280,13,51,455,8826,275298,0
2048,16,242,32,512,452,1.132743363,8895,277514,0.234483073,9813.656250000,28.278349366,63,200,141.190476190,1.416526138,10,51,452,8895,277514,0
2048,16,243,32,512,448,1.142857143,8656,269992,0.228127424,9692.281250000,27.856393457,63,201,137.396825397,1.462915896,10,58,448,8656,269992,0
2048,16,244,32,512,441,1.160997732,9139,285222,0.240995882,10743.343750000,26.548717665,63,202,145.063492063,1.392493708,10,58,441,9139,285222,0
2048,16,245,32,512,437,1.171624714,8700,271168,0.229121075,10063.875000000,26.944690788,63,200,138.095238095,1.448275862,10,51,437,8700,271168,0
2048,16,246,32,512,446,1.147982063,8911,278130,0.235003557,10151.843750000,27.396993773,63,202,141.444444444,1.428122545,10,43,446,8911,278130,0
2048,16,247,32,512,446,1.147982063,9070,283104,0.239206296,10311.906250000,27.454089781,63,202,143.968253968,1.403087100,10,51,446,9070,283104,0
2048,16,248,32,512,438,1.168949772,8735,272091,0.229900956,9997.250000000,27.216584561,63,201,138.650793651,1.449685175,10,60,438,8735,272091,0
2048,16,249,32,512,417,1.227817746,8231,256508,0.216734234,10312.062500000,24.874558315,63,197,130.650793651,1.507836229,10,42,417,8231,256508,0
2048,16,250,32,512,454,1.127753304,9201,287191,0.242659571,10228.468750000,28.077614257,63,203,146.047619048,1.389957613,12,60,454,9201,287191,0
2048,16,251,32,512,453,1.130242826,8890,277378,0.234368161,9940.125000000,27.904880472,63,201,141.111111111,1.424409449,11,60,453,8890,277378,0
2048,16,252,32,512,441,1.160997732,8172,254611,0.215131380,9288.781250000,27.410592751,63,200,129.714285714,1.541850220,12,60,441,8172,254611,0
2048,16,253,32,512,455,1.125274725,9351,292036,0.246753313,10318.906250000,28.301061462,63,198,148.428571429,1.333974976,11,48,455,9351,292036,0
2048,16,254,32,512,435,1.177011494,8556,266885,0.225502191,9818.406250000,27.182110131,63,206,135.809523810,1.516830295,11,58,435,8556,266885,0
2048,16,255,32,512,439,1.166287016,9069,283454,0.239502025,10436.000000000,27.161172863,63,201,143.952380952,1.396295071,11,60,439,9069,283454,0
2048,16,256,32,512,431,1.187935035,8665,270428,0.228495818,10078.687500000,26.831668310,63,198,137.539682540,1.439584535,11,42,431,8665,270428,0
2048,16,257,32,512,435,1.177011494,8728,272452,0.230205980,10036.625000000,27.145778586,63,203,138.539682540,1.465284143,11,60,435,8728,272452,0
2048,16,258,32,512,458,1.117903930,9033,281773,0.238081679,9961.750000000,28.285492007,62,204,143.380952381,1.422783129,10,45,458,9033,281773,0
2048,16,259,32,512,451,1.135254989,8742,272409,0.230169647,9818.843750000,27.743490673,63,204,138.761904762,1.470144132,11,58,451,8742,272409,0
2048,16,260,32,512,458,1.117903930,8934,278479,0.235298442,9767.593750000,28.510501883,63,199,141.809523810,1.403290799,11,46,458,8934,278479,0
2048,16,261,32,512,472,1.084745763,9042,282133,0.238385858,9594.906250000,29.404456140,63,205,143.523809524,1.428334439,12,45,472,9042,282133,0
2048,16,262,32,512,462,1.108225108,9448,295364,0.249565278,10283.312500000,28.722651383,63,203,149.968253968,1.353619814,11,58,462,9448,295364,0
2048,16,263,32,512,437,1.171624714,8796,274521,0.231954164,10241.875000000,26.803783487,63,202,139.619047619,1.446793997,10,48,437,8796,274521,0
2048,16,264,32,512,442,1.158371041,8562,266902,0.225516555,9824.343750000,27.167412582,63,204,135.904761905,1.501051156,11,43,442,8562,266902,0
2048,16,265,32,512,428,1.196261682,8830,275656,0.232913172,10569.781250000,26.079631497,63,203,140.158730159,1.448357871,10,60,428,8830,275656,0
2048,16,266,32,512,439,1.166287016,8487,264593,0.223565585,9625.031250000,27.490092565,63,202,134.714285714,1.499469777,12,58,439,8487,264593,0
2048,16,267,32,512,435,1.177011494,8826,275530,0.232806710,10214.937500000,26.973243840,63,201,140.095238095,1.434738273,10,42,435,8826,275530,0
2048,16,268,32,512,436,1.174311927,8598,268036,0.226474719,9990.093750000,26.830178646,63,202,136.476190476,1.480111654,11,58,436,8598,268036,0
2048,16,269,32,512,464,1.103448276,9089,283453,0.239501180,9802.218750000,28.917228561,63,202,144.269841270,1.400154032,11,46,464,9089,283453,0
2048,16,270,32,512,454,1.127753304,9058,282781,0.238933380,9940.031250000,28.448703318,63,203,143.777777778,1.411901082,11,58,454,9058,282781,0
2048,16,271,32,512,449,1.140311804,8500,264953,0.223869764,9516.187500000,27.842347579,63,201,134.920634921,1.489764706,11,43,449,8500,264953,0
2048,16,272,32,512,438,1.168949772,8937,279296,0.235988759,10566.093750000,26.433231297,63,202,141.857142857,1.423967774,11,60,438,8937,279296,0
2048,16,273,32,512,425,1.204705882,8882,277747,0.234679945,10703.250000000,25.949781608,63,199,140.984126984,1.411506417,10,60,425,8882,277747,0
2048,16,274,32,512,447,1.145413870,8685,270659,0.228691000,9721.187500000,27.842174631,63,201,137.857142857,1.458031088,11,60,447,8685,270659,0
2048,16,275,32,512,463,1.105831533,9210,287499,0.242919813,9945.437500000,28.907627241,63,201,146.190476190,1.374918567,11,58,463,9210,287499,0
2048,16,276,32,512,441,1.160997732,8866,276551,0.233669395,10171.718750000,27.188227162,63,202,140.730158730,1.435371081,12,58,441,8866,276551,0
2048,16,277,32,512,443,1.155756208,8919,278681,0.235469120,10121.343750000,27.533992213,63,204,141.571428571,1.440968718,11,60,443,8919,278681,0
2048,16,278,32,512,471,1.087048832,9644,301104,0.254415241,10209.218750000,29.493343945,63,204,153.079365079,1.332642057,12,46,471,9644,301104,0
2048,16,279,32,512,430,1.190697674,8642,269601,0.227797052,10280.218750000,26.225220159,63,199,137.174603175,1.450705855,11,60,430,8642,269601,0
2048,16,280,32,512,455,1.125274725,8919,278391,0.235224087,9925.468750000,28.048146341,63,202,141.571428571,1.426841574,11,44,455,8919,278391,0
2048,16,281,32,512,440,1.163636364,8536,265996,0.224751038,9723.468750000,27.356081131,63,200,135.492063492,1.476101218,13,43,440,8536,265996,0
2048,16,282,32,512,437,1.171624714,8744,273045,0.230707030,10097.687500000,27.040349585,63,203,138.793650794,1.462602928,10,58,437,8744,273045,0
2048,16,283,32,512,441,1.160997732,8270,257633,0.217684793,9242.656250000,27.874346187,63,202,131.269841270,1.538814994,11,39,441,8270,257633,0
2048,16,284,32,512,447,1.145413870,8942,279262,0.235960031,10155.156250000,27.499527641,63,200,141.936507937,1.409080743,12,48,447,8942,279262,0
2048,16,285,32,512,448,1.142857143,8635,269360,0.227593421,9768.781250000,27.573552228,63,198,137.063492063,1.444585987,10,51,448,8635,269360,0
2048,16,286,32,512,452,1.132743363,8755,273207,0.230843911,9728.156250000,28.084150067,63,199,138.968253968,1.431981725,12,45,452,8755,273207,0
2048,16,287,32,512,452,1.132743363,9070,283278,0.239353316,10146.375000000,27.919133681,63,205,143.968253968,1.423925028,11,60,452,9070,283278,0
2048,16,288,32,512,427,1.199063232,8541,266402,0.225094084,10210.031250000,26.092182627,63,202,135.571428571,1.489989463,12,58,427,8541,266402,0
2048,16,289,32,512,463,1.105831533,9046,281938,0.238221094,9834.281250000,28.668897384,63,205,143.587301587,1.427702852,11,42,463,9046,281938,0
2048,16,290,32,512,448,1.142857143,9331,291488,0.246290285,10532.093750000,27.676168378,63,205,148.111111111,1.384096024,11,58,448,9331,291488,0
2048,16,291,32,512,456,1.122807018,9215,287707,0.243095561,10092.812500000,28.506127504,63,202,146.269841270,1.381009224,11,51,456,9215,287707,0
2048,16,292,32,512,442,1.158371041,9064,283026,0.239140390,10430.281250000,27.135030515,63,202,143.873015873,1.404015887,12,60,442,9064,283026,0
2048,16,293,32,512,446,1.147982063,8693,270912,0.228904770,9804.843750000,27.630425013,63,202,137.984126984,1.463936501,11,51,446,8693,270912,0
2048,16,294,32,512,451,1.135254989,8997,280737,0.237206319,10105.281250000,27.781215886,63,203,142.809523810,1.421473825,11,58,451,8997,280737,0
2048,16,295,32,512,438,1.168949772,8594,268240,0.226647087,9884.000000000,27.138810198,63,201,136.412698413,1.473469863,11,58,438,8594,268240,0
2048,16,296,32,512,438,1.168949772,8594,268319,0.226713837,9948.500000000,26.970799618,63,199,136.412698413,1.458808471,11,51,438,8594,268319,0
2048,16,297,32,512,423,1.210401891,8748,273029,0.230693511,10445.406250000,26.138667417,63,198,138.857142857,1.425925926,10,48,423,8748,273029,0
2048,16,298,32,512,430,1.190697674,8369,260945,0.220483239,9925.656250000,26.289949342,63,202,132.841269841,1.520611782,11,60,430,8369,260945,0
2048,16,299,32,512,426,1.201877934,7963,248043,0.209581805,9412.625000000,26.352159998,63,201,126.396825397,1.590229813,11,42,426,7963,248043,0
2048,16,300,32,512,432,1.185185185,8827,275492,0.232774602,10519.468750000,26.188774980,63,197,140.111111111,1.406026963,10,51,432,8827,275492,0
2048,16,301,32,512,455,1.125274725,9339,291314,0.246143265,10297.093750000,28.290895186,63,199,148.238095238,1.342434950,10,58,455,9339,291314,0
2048,16,302,32,512,449,1.140311804,9169,286232,0.241849273,10312.937500000,27.754652833,62,202,145.539682540,1.387937616,11,58,449,9169,286232,0
2048,16,303,32,512,442,1.158371041,8519,265911,0.224679218,9871.031250000,26.938522761,63,201,135.222222222,1.486442071,11,42,442,8519,265911,0
2048,16,304,32,512,447,1.145413870,8753,272997,0.230666473,9988.500000000,27.331130800,63,206,138.936507937,1.482691649,11,60,447,8753,272997,0
2048,16,305,32,512,440,1.163636364,8962,279916,0.236512623,10392.062500000,26.935557787,63,199,142.253968254,1.398906494,11,46,440,8962,279916,0
2048,16,306,32,512,459,1.115468410,9063,282981,0.239102368,9983.625000000,28.344514142,63,202,143.857142857,1.404170804,11,58,459,9063,282981,0
2048,16,307,32,512,447,1.145413870,8830,275445,0.232734889,9896.312500000,27.833094398,63,198,140.158730159,1.412684032,10,48,447,8830,275445,0
2048,16,308,32,512,444,1.153153153,8845,276004,0.233207212,10077.187500000,27.388991224,63,200,140.396825397,1.424533635,11,48,444,8845,276004,0
2048,16,309,32,512,448,1.142857143,8791,274433,0.231879809,9823.843750000,27.935399522,63,200,139.539682540,1.433284040,11,60,448,8791,274433,0
2048,16,310,32,512,457,1.120350109,9041,281821,0.238122236,9919.218750000,28.411612558,63,204,143.507936508,1.421524168,10,40,457,9041,281821,0
2048,16,311,32,512,465,1.101075269,8926,278111,0.234987503,9619.750000000,28.910418670,63,203,141.682539683,1.432780641,11,58,465,8926,278111,0
2048,16,312,16,256,249,1.028112450,5082,158687,0.134081219,10221.000000000,15.525584581,62,163,84.460317460,1.929900395,8,60,263,5321,166139,256
2048,32,0,32,1024,765,1.338562092,15104,471144,0.398089080,19990.718750000,23.568137089,63,317,239.746031746,1.322232521,18,44,765,15104,471144,0
2048,32,1,32,1024,742,1.380053908,14854,463375,0.391524731,20334.218750000,22.787942123,63,312,235.777777778,1.323279925,17,58,742,14854,463375,0
2048,32,2,32,1024,791,1.294563843,15726,490760,0.414663451,20221.875000000,24.268768351,63,317,249.619047619,1.269935139,17,60,791,15726,490760,0
2048,32,3,32,1024,752,1.361702128,14844,463255,0.391423338,20029.687500000,23.128418753,63,317,235.619047619,1.345392078,17,51,752,14844,463255,0
2048,32,4,32,1024,793,1.291298865,15666,488819,0.413023420,20099.812500000,24.319580096,63,318,248.666666667,1.278820375,17,60,793,15666,488819,0
2048,32,5,32,1024,707,1.448373409,13429,418275,0.353417873,18908.156250000,22.121405941,63,307,213.158730159,1.440241269,19,58,707,13429,418275,0
2048,32,6,32,1024,740,1.383783784,14982,467495,0.395005889,20700.781250000,22.583447183,63,314,237.809523810,1.320384461,17,58,740,14982,467495,0
2048,32,7,32,1024,732,1.398907104,15005,468329,0.395710570,20967.218750000,22.336248102,63,316,238.174603175,1.326757747,16,60,732,15005,468329,0
2048,32,8,32,1024,788,1.299492386,15619,487426,0.411846417,20279.187500000,24.035775595,63,315,247.920634921,1.270567898,17,48,788,15619,487426,0
2048,32,9,32,1024,757,1.352708058,14718,458835,0.387688697,19666.593750000,23.330679722,63,314,233.619047619,1.344068488,17,58,757,14718,458835,0
2048,32,10,32,1024,744,1.376344086,14828,462444,0.390738090,20095.406250000,23.012423548,63,316,235.365079365,1.342595090,17,58,744,14828,462444,0
2048,32,11,32,1024,819,1.250305250,16193,505185,0.426851731,19688.468750000,25.658927894,63,317,257.031746032,1.233310690,17,58,819,16193,505185,0
2048,32,12,32,1024,764,1.340314136,14473,450908,0.380990846,18779.625000000,24.010490092,63,314,229.730158730,1.366820977,17,60,764,14473,450908,0
2048,32,13,32,1024,792,1.292929293,15667,488639,0.412871331,20108.937500000,24.299593154,63,321,248.682539683,1.290802323,17,58,792,15667,488639,0
2048,32,14,32,1024,768,1.333333333,15288,476774,0.402846101,20113.812500000,23.703810503,63,323,242.666666667,1.331043956,18,58,768,15288,476774,0
2048,32,15,32,1024,751,1.363515313,14783,461281,0.389755423,20185.968750000,22.851566140,63,313,234.650793651,1.333897044,17,60,751,14783,461281,0
2048,32,16,32,1024,801,1.278401998,15664,488635,0.412867951,19890.500000000,24.566250220,63,318,248.634920635,1.278983657,18,42,801,15664,488635,0
2048,32,17,32,1024,798,1.283208020,15570,485718,0.410403257,19826.312500000,24.498655511,63,319,247.142857143,1.290751445,18,48,798,15570,485718,0
2048,32,18,32,1024,753,1.359893758,15257,476107,0.402282525,20565.218750000,23.151078809,63,314,242.174603175,1.296585174,17,58,753,15257,476107,0
2048,32,19,32,1024,784,1.306122449,15583,486082,0.410710815,19864.812500000,24.469498517,63,318,247.349206349,1.285631778,17,60,784,15583,486082,0
2048,32,20,32,1024,739,1.385656292,14371,448287,0.378776254,19815.156250000,22.623440075,63,319,228.111111111,1.398441305,16,48,739,14371,448287,0
2048,32,21,32,1024,805,1.272049689,15565,485637,0.410334816,19442.031250000,24.978717180,63,315,247.063492063,1.274975907,17,58,805,15565,485637,0
2048,32,22,32,1024,724,1.414364641,14324,447148,0.377813866,20363.000000000,21.958846928,63,319,227.365079365,1.403029880,16,51,724,14324,447148,0
2048,32,23,32,1024,782,1.309462916,15806,493264,0.416779185,20652.531250000,23.883948850,63,318,250.888888889,1.267493357,17,60,782,15806,493264,0
2048,32,24,32,1024,776,1.319587629,14924,465034,0.392926488,19230.375000000,24.182263736,63,316,236.888888889,1.333958724,17,58,776,14924,465034,0
2048,32,25,32,1024,778,1.316195373,15514,484179,0.409102892,20093.781250000,24.095962526,63,315,246.253968254,1.279167204,16,46,778,15514,484179,0
2048,32,26,32,1024,790,1.296202532,15632,487512,0.411919082,20028.250000000,24.341218030,63,317,248.126984127,1.277571648,18,60,790,15632,487512,0
2048,32,27,32,1024,778,1.316195373,15667,489016,0.413189874,20258.343750000,24.138992113,63,318,248.682539683,1.278738750,18,58,778,15667,489016,0
2048,32,28,32,1024,751,1.363515313,14909,465187,0.393055764,20444.781250000,22.753337114,63,320,236.650793651,1.352203367,17,45,751,14909,465187,0
2048,32,29,32,1024,788,1.299492386,15425,481039,0.406449776,19889.656250000,24.185385305,63,317,244.841269841,1.294716370,17,60,788,15425,481039,0
2048,32,30,32,1024,745,1.374496644,15031,469114,0.396373849,20273.625000000,23.139127808,63,318,238.587301587,1.332845453,16,58,745,15031,469114,0
2048,32,31,32,1024,761,1.345597898,14752,459988,0.388662914,19710.156250000,23.337613064,63,313,234.158730159,1.336700108,19,51,761,14752,459988,0
2048,32,32,32,1024,748,1.368983957,14560,453803,0.383436951,19436.718750000,23.347716548,63,311,231.111111111,1.345673077,16,51,748,14560,453803,0
2048,32,33,32,1024,725,1.412413793,14485,452116,0.382011535,20715.156250000,21.825372425,63,317,229.920634921,1.378736624,15,58,725,14485,452116,0
2048,32,34,32,1024,764,1.340314136,15121,472098,0.398895155,20148.843750000,23.430525635,63,313,240.015873016,1.304080418,16,60,764,15121,472098,0
2048,32,35,32,1024,809,1.265760198,15632,487451,0.411867540,19284.937500000,25.276255108,63,316,248.126984127,1.273541453,16,48,809,15632,487451,0
2048,32,36,32,1024,828,1.236714976,16555,516418,0.436342958,20102.156250000,25.689681922,63,318,262.777777778,1.210147992,17,58,828,16555,516418,0
2048,32,37,32,1024,796,1.286432161,15708,489887,0.413925818,19803.468750000,24.737433941,63,317,249.333333333,1.271390374,17,51,796,15708,489887,0
2048,32,38,32,1024,747,1.370816600,15008,468456,0.395817878,20555.718750000,22.789570421,63,318,238.222222222,1.334888060,17,58,747,15008,468456,0
2048,32,39,32,1024,757,1.352708058,15386,480616,0.406092366,20527.187500000,23.413631312,63,309,244.222222222,1.265241128,16,60,757,15386,480616,0
2048,32,40,32,1024,763,1.342070773,15169,473436,0.400025686,20126.812500000,23.522651687,63,313,240.777777778,1.299953853,16,48,763,15169,473436,0
2048,32,41,32,1024,813,1.259532595,15190,473592,0.400157497,18706.906250000,25.316425585,63,316,241.111111111,1.310599078,18,60,813,15190,473592,0
2048,32,42,32,1024,818,1.251833741,16093,501973,0.424137780,19986.625000000,25.115445954,63,319,255.444444444,1.248803828,17,60,818,16093,501973,0
2048,32,43,32,1024,790,1.296202532,15304,477107,0.403127466,19478.312500000,24.494267663,63,319,242.920634921,1.313186095,16,51,790,15304,477107,0
2048,32,44,32,1024,763,1.342070773,14815,461912,0.390288581,19788.187500000,23.342815000,63,318,235.158730159,1.352278097,16,48,763,14815,461912,0
2048,32,45,32,1024,792,1.292929293,15709,489964,0.413990878,19680.968750000,24.895319241,63,317,249.349206349,1.271309440,17,60,792,15709,489964,0
2048,32,46,32,1024,769,1.331599480,15192,473885,0.400405065,19910.937500000,23.800235423,63,318,241.142857143,1.318720379,17,60,769,15192,473885,0
2048,32,47,32,1024,802,1.276807980,16050,500930,0.423256506,20284.750000000,24.694906272,63,318,254.761904762,1.248224299,18,60,802,16050,500930,0
2048,32,48,32,1024,758,1.350923483,13976,435254,0.367764133,18378.500000000,23.682781511,63,317,221.841269841,1.428949628,16,48,758,13976,435254,0
2048,32,49,32,1024,791,1.294563843,15510,483931,0.408893346,19750.156250000,24.502641593,63,315,246.190476190,1.279497099,17,60,791,15510,483931,0
2048,32,50,32,1024,783,1.307790549,15608,486986,0.411474642,20184.562500000,24.126656201,63,313,247.746031746,1.263390569,17,60,783,15608,486986,0
2048,32,51,32,1024,790,1.296202532,15400,480615,0.406091521,19656.093750000,24.451195955,63,318,244.444444444,1.300909091,18,58,790,15400,480615,0
2048,32,52,32,1024,761,1.345597898,15211,474675,0.401072569,20188.531250000,23.512111610,63,314,241.444444444,1.300506213,17,60,761,15211,474675,0
2048,32,53,32,1024,770,1.329870130,15202,474301,0.400756561,19588.125000000,24.213700903,63,317,241.301587302,1.313708723,16,58,770,15202,474301,0
2048,32,54,32,1024,788,1.299492386,15365,479246,0.404934796,19642.250000000,24.398732324,63,311,243.888888889,1.275170843,18,58,788,15365,479246,0
2048,32,55,32,1024,763,1.342070773,14628,456466,0.385687030,19518.718750000,23.386063698,63,317,232.190476190,1.365258409,17,58,763,14628,456466,0
2048,32,56,32,1024,794,1.289672544,15895,495983,0.419076580,20314.468750000,24.415258213,63,315,252.301587302,1.248505819,18,58,794,15895,495983,0
2048,32,57,32,1024,743,1.378196501,14409,449107,0.379469106,19321.937500000,23.243372980,63,314,228.714285714,1.372891943,17,51,743,14409,449107,0
2048,32,58,32,1024,758,1.350923483,14728,458861,0.387710665,19242.343750000,23.846419436,63,317,233.777777778,1.355988593,17,58,758,14728,458861,0
2048,32,59,32,1024,783,1.307790549,15446,481886,0.407165441,19897.250000000,24.218723693,63,315,245.174603175,1.284798653,19,60,783,15446,481886,0
2048,32,60,32,1024,766,1.336814621,15224,474853,0.401222968,20319.343750000,23.369504736,63,314,241.650793651,1.299395691,17,58,766,15224,474853,0
2048,32,61,32,1024,774,1.322997416,15500,483888,0.408857014,20140.531250000,24.025582741,63,320,246.031746032,1.300645161,18,51,774,15500,483888,0
2048,32,62,32,1024,775,1.321290323,15119,471662,0.398526760,20033.937500000,23.543150217,63,317,239.984126984,1.320920696,17,60,775,15119,471662,0
2048,32,63,32,1024,775,1.321290323,15794,493027,0.416578934,20684.875000000,23.835145245,63,318,250.698412698,1.268456376,16,51,775,15794,493027,0
2048,32,64,32,1024,730,1.402739726,14642,456980,0.386121330,20603.156250000,22.180096799,63,312,232.412698413,1.342439557,17,60,730,14642,456980,0
2048,32,65,32,1024,754,1.358090186,14837,462837,0.391070152,19786.156250000,23.391961236,63,317,235.507936508,1.346026825,17,48,754,14837,462837,0
2048,32,66,32,1024,739,1.385656292,14727,459354,0.388127221,20184.562500000,22.757689199,63,313,233.761904762,1.338969240,18,60,739,14727,459354,0
2048,32,67,32,1024,762,1.343832021,15385,480379,0.405892114,20952.781250000,22.926741527,63,311,244.206349206,1.273513162,17,60,762,15385,480379,0
2048,32,68,32,1024,756,1.354497354,14885,464357,0.392354463,19870.031250000,23.369716643,63,318,236.269841270,1.345918710,19,60,756,14885,464357,0
2048,32,69,32,1024,775,1.321290323,14519,452398,0.382249809,18618.406250000,24.298427799,63,318,230.460317460,1.379847097,18,43,775,14519,452398,0
2048,32,70,32,1024,741,1.381916329,14470,451514,0.381502880,19820.718750000,22.779900451,63,318,229.682539683,1.384519696,18,60,741,14470,451514,0
2048,32,71,32,1024,757,1.352708058,15204,474565,0.400979625,20214.875000000,23.476029409,63,316,241.333333333,1.309392265,17,60,757,15204,474565,0
2048,32,72,32,1024,759,1.349143610,15096,471227,0.398159211,20087.750000000,23.458426155,63,314,239.619047619,1.310413355,18,48,759,15096,471227,0
2048,32,73,32,1024,757,1.352708058,14784,461046,0.389556862,19934.500000000,23.128044345,63,317,234.666666667,1.350852273,18,48,757,14784,461046,0
2048,32,74,32,1024,735,1.393197279,15071,470559,0.397594790,20911.812500000,22.502066715,63,313,239.222222222,1.308406874,16,60,735,15071,470559,0
2048,32,75,32,1024,738,1.387533875,14733,459496,0.388247203,20290.125000000,22.646287295,63,313,233.857142857,1.338423946,16,45,738,14733,459496,0
2048,32,76,32,1024,766,1.336814621,15210,474360,0.400806412,20001.156250000,23.716628882,63,318,241.428571429,1.317159763,18,58,766,15210,474360,0
2048,32,77,32,1024,762,1.343832021,14698,458180,0.387135260,19512.218750000,23.481696565,63,318,233.301587302,1.363042591,17,58,762,14698,458180,0
2048,32,78,32,1024,761,1.345597898,15788,492834,0.416415860,21352.937500000,23.080384139,63,320,250.603174603,1.276919179,16,60,761,15788,492834,0
2048,32,79,32,1024,753,1.359893758,14682,457849,0.386855584,19527.437500000,23.446445546,63,317,233.047619048,1.360237025,18,60,753,14682,457849,0
2048,32,80,32,1024,779,1.314505777,15237,475263,0.401569394,19785.312500000,24.021000426,63,315,241.857142857,1.302421737,17,58,779,15237,475263,0
2048,32,81,32,1024,768,1.333333333,15066,470101,0.397207807,19766.781250000,23.782374786,63,316,239.142857143,1.321385902,18,58,768,15066,470101,0
2048,32,82,32,1024,816,1.254901961,15746,491300,0.415119720,19579.125000000,25.093051911,63,319,249.936507937,1.276324146,17,60,816,15746,491300,0
2048,32,83,32,1024,803,1.275217933,15822,493574,0.417041117,19756.000000000,24.983498684,63,313,251.142857143,1.246302617,17,58,803,15822,493574,0
2048,32,84,32,1024,798,1.283208020,15432,480942,0.406367817,19597.593750000,24.540869973,63,311,244.952380952,1.269634526,17,46,798,15432,480942,0
2048,32,85,32,1024,738,1.387533875,14519,452901,0.382674814,19963.437500000,22.686523801,63,316,230.460317460,1.371168813,17,60,738,14519,452901,0
2048,32,86,32,1024,795,1.288050314,15187,473280,0.399893875,19382.218750000,24.418257069,63,316,241.063492063,1.310857971,18,60,795,15187,473280,0
2048,32,87,32,1024,768,1.333333333,14890,464575,0.392538660,19785.250000000,23.480875905,63,315,236.349206349,1.332773674,18,60,768,14890,464575,0
2048,32,88,32,1024,701,1.460770328,13810,430644,0.363868953,20436.843750000,21.071942677,63,314,219.206349206,1.432440261,17,58,701,13810,430644,0
2048,32,89,32,1024,752,1.361702128,15132,472320,0.399082732,20418.343750000,23.132140676,63,315,240.190476190,1.311459159,16,58,752,15132,472320,0
2048,32,90,32,1024,765,1.338562092,15039,469237,0.396477777,19873.031250000,23.611747705,63,317,238.714285714,1.327947337,16,58,765,15039,469237,0
2048,32,91,32,1024,712,1.438202247,14359,448173,0.378679931,20470.125000000,21.894004067,63,311,227.920634921,1.364510063,16,58,712,14359,448173,0
2048,32,92,32,1024,775,1.321290323,15381,479960,0.405538084,20323.500000000,23.616011022,63,319,244.142857143,1.306612054,16,58,775,15381,479960,0
2048,32,93,32,1024,741,1.381916329,14759,460561,0.389147065,20179.406250000,22.823317708,63,315,234.269841270,1.344603293,17,48,741,14759,460561,0
2048,32,94,32,1024,742,1.380053908,14059,438263,0.370306562,18793.156250000,23.320350992,63,315,223.158730159,1.411551319,16,48,742,14059,438263,0
2048,32,95,32,1024,792,1.292929293,15496,483321,0.408377932,20198.281250000,23.928818201,63,319,245.968253968,1.296915333,17,58,792,15496,483321,0
2048,32,96,32,1024,740,1.383783784,14253,444275,0.375386349,19530.187500000,22.748117498,63,315,226.238095238,1.392338455,16,58,740,14253,444275,0
2048,32,97,32,1024,747,1.370816600,14732,459479,0.388232839,20103.625000000,22.855529786,63,315,233.841269841,1.347067608,16,60,747,14732,459479,0
2048,32,98,32,1024,770,1.329870130,14793,461378,0.389837383,19594.562500000,23.546226153,63,315,234.809523810,1.341512878,18,51,770,14793,461378,0
2048,32,99,32,1024,745,1.374496644,14285,445434,0.376365637,19015.406250000,23.424900533,63,316,226.746031746,1.393629681,16,44,745,14285,445434,0
2048,32,100,32,1024,767,1.335071708,14363,447214,0.377869632,18736.750000000,23.868280251,63,319,227.984126984,1.399220219,17,48,767,14363,447214,0
2048,32,101,32,1024,769,1.331599480,15359,479306,0.404985492,20427.062500000,23.464264624,63,317,243.793650794,1.300279966,17,58,769,15359,479306,0
2048,32,102,32,1024,758,1.350923483,15133,472491,0.399227217,20426.468750000,23.131310937,63,316,240.206349206,1.315535584,17,58,758,15133,472491,0
2048,32,103,32,1024,771,1.328145266,15419,481280,0.406653407,20243.875000000,23.774104513,63,319,244.746031746,1.303391919,16,60,771,15419,481280,0
2048,32,104,32,1024,826,1.239709443,16298,508586,0.429725377,19999.656250000,25.429737074,63,317,258.698412698,1.225365075,18,48,826,16298,508586,0
2048,32,105,32,1024,769,1.331599480,14787,460840,0.389382804,19367.562500000,23.794424311,63,322,234.714285714,1.371880706,17,58,769,14787,460840,0
2048,32,106,32,1024,777,1.317889318,15280,476724,0.402803854,19757.343750000,24.128952051,63,316,242.539682540,1.302879581,17,60,777,15280,476724,0
2048,32,107,32,1024,828,1.236714976,15903,495396,0.418580600,19166.468750000,25.847014725,63,319,252.428571429,1.263723826,17,58,828,15903,495396,0
2048,32,108,32,1024,749,1.367156208,15095,471364,0.398274968,20288.937500000,23.232562080,63,318,239.603174603,1.327194435,16,45,749,15095,471364,0
2048,32,109,32,1024,787,1.301143583,15298,477060,0.403087754,19535.562500000,24.420080046,63,318,242.825396825,1.309582952,17,60,787,15298,477060,0
2048,32,110,32,1024,762,1.343832021,15411,480923,0.406351763,20582.062500000,23.366122807,63,315,244.619047619,1.287716566,16,46,762,15411,480923,0
2048,32,111,32,1024,821,1.247259440,15547,484367,0.409261741,18797.312500000,25.767885702,63,318,246.777777778,1.288608735,17,48,821,15547,484367,0
2048,32,112,32,1024,722,1.418282548,14428,449989,0.380214345,19818.218750000,22.705824659,63,316,229.015873016,1.379817022,17,60,722,14428,449989,0
2048,32,113,32,1024,811,1.262638718,16253,507452,0.428767214,20326.500000000,24.965045630,63,320,257.984126984,1.240386390,17,51,811,16253,507452,0
2048,32,114,32,1024,733,1.396998636,14580,454905,0.384368077,20253.281250000,22.460804962,63,314,231.428571429,1.356790123,17,58,733,14580,454905,0
2048,32,115,32,1024,745,1.374496644,14141,440881,0.372518618,19268.375000000,22.881068071,63,317,224.460317460,1.412276360,16,60,745,14141,440881,0
2048,32,116,32,1024,810,1.264197531,15645,487775,0.412141301,19635.406250000,24.841604691,63,319,248.333333333,1.284563758,18,60,810,15645,487775,0
2048,32,117,32,1024,780,1.312820513,15141,471923,0.398747290,19583.968750000,24.097413861,63,318,240.333333333,1.323162275,19,48,780,15141,471923,0
2048,32,118,32,1024,708,1.446327684,14141,441483,0.373027273,20564.000000000,21.468731764,63,311,224.460317460,1.385545577,18,48,708,14141,441483,0
2048,32,119,32,1024,767,1.335071708,14964,466250,0.393953937,19758.937500000,23.596916585,63,304,237.523809524,1.279871692,17,48,767,14964,466250,0
2048,32,120,32,1024,704,1.454545455,14428,450565,0.380701031,20728.687500000,21.736301442,63,317,229.015873016,1.384183532,16,58,704,14428,450565,0
2048,32,121,32,1024,797,1.284818068,15236,474993,0.401341260,19025.656250000,24.965919375,63,319,241.841269841,1.319046994,17,51,797,15236,474993,0
2048,32,122,32,1024,777,1.317889318,14955,466046,0.393781569,19443.125000000,23.969706516,63,319,237.380952381,1.343831494,18,58,777,14955,466046,0
2048,32,123,32,1024,730,1.402739726,14684,458167,0.387124276,20679.625000000,22.155479125,63,317,233.079365079,1.360051757,17,58,730,14684,458167,0
2048,32,124,32,1024,776,1.319587629,15220,474910,0.401271130,20071.156250000,23.661317469,63,314,241.587301587,1.299737188,17,60,776,15220,474910,0
2048,32,125,32,1024,772,1.326424870,14855,462987,0.391196893,19196.250000000,24.118616917,63,318,235.793650794,1.348636823,17,60,772,14855,462987,0
2048,32,126,32,1024,809,1.265760198,15582,485828,0.410496200,19632.718750000,24.745834043,63,316,247.333333333,1.277628032,16,48,809,15582,485828,0
2048,32,127,32,1024,725,1.412413793,14099,439706,0.371525812,19658.062500000,22.367718080,63,317,223.793650794,1.416483439,17,44,725,14099,439706,0
2048,32,128,32,1024,812,1.261083744,15419,480593,0.406072932,19039.468750000,25.241933287,63,314,244.746031746,1.282962579,17,51,812,15419,480593,0
2048,32,129,32,1024,813,1.259532595,16492,515068,0.435202287,20726.593750000,24.850585977,63,317,261.777777778,1.210950764,17,58,813,16492,515068,0
2048,32,130,32,1024,751,1.363515313,14999,467952,0.395392027,20157.656250000,23.214603632,63,318,238.079365079,1.335689046,18,60,751,14999,467952,0
2048,32,131,32,1024,721,1.420249653,14542,454073,0.383665085,20983.406250000,21.639622976,63,316,230.825396825,1.369000138,15,60,721,14542,454073,0
2048,32,132,32,1024,782,1.309462916,15447,482065,0.407316686,19756.437500000,24.400401135,63,308,245.190476190,1.256166246,17,58,782,15447,482065,0
2048,32,133,32,1024,768,1.333333333,14996,467542,0.395045601,19785.875000000,23.630089647,63,314,238.031746032,1.319151774,17,58,768,14996,467542,0
2048,32,134,32,1024,799,1.281602003,15444,481810,0.407101226,19630.718750000,24.543675967,63,314,245.142857143,1.280885781,17,48,799,15444,481810,0
2048,32,135,32,1024,769,1.331599480,15733,491309,0.415127324,20766.406250000,23.658836011,63,318,249.730158730,1.273374436,17,60,769,15733,491309,0
2048,32,136,32,1024,796,1.286432161,15425,480792,0.406241075,19279.156250000,24.938435778,63,320,244.841269841,1.306969206,16,60,796,15425,480792,0
2048,32,137,32,1024,792,1.292929293,15526,484640,0.409492410,20102.718750000,24.108181885,63,319,246.444444444,1.294409378,17,60,792,15526,484640,0
2048,32,138,32,1024,727,1.408528198,14162,441953,0.373424395,19888.125000000,22.221954055,63,315,224.793650794,1.401285129,18,60,727,14162,441953,0
2048,32,139,32,1024,776,1.319587629,15485,483277,0.408340755,20337.406250000,23.762961415,63,319,245.793650794,1.297836616,17,60,776,15485,483277,0
2048,32,140,32,1024,759,1.349143610,15333,478857,0.404606114,20531.562500000,23.322969209,63,315,243.380952381,1.294267267,16,48,759,15333,478857,0
2048,32,141,32,1024,773,1.324708926,15123,471511,0.398399174,19878.781250000,23.719311263,63,316,240.047619048,1.316405475,18,60,773,15123,471511,0
2048,32,142,32,1024,761,1.345597898,15109,471590,0.398465924,20268.468750000,23.267174537,63,315,239.825396825,1.313455556,17,60,761,15109,471590,0
2048,32,143,32,1024,764,1.340314136,14860,463165,0.391347293,19557.625000000,23.682067736,63,318,235.873015873,1.348183042,16,58,764,14860,463165,0
2048,32,144,32,1024,787,1.301143583,15763,491766,0.415513462,20013.125000000,24.572174510,63,312,250.206349206,1.246970754,16,60,787,15763,491766,0
2048,32,145,32,1024,772,1.326424870,14885,463846,0.391922698,19296.843750000,24.037402490,63,319,236.269841270,1.350151159,17,43,772,14885,463846,0
2048,32,146,32,1024,752,1.361702128,15084,470573,0.397606619,20350.968750000,23.122879593,63,319,239.428571429,1.332338902,16,60,752,15084,470573,0
2048,32,147,32,1024,782,1.309462916,15659,488513,0.412764868,20348.062500000,24.007838584,63,315,248.555555556,1.267322307,17,60,782,15659,488513,0
2048,32,148,32,1024,784,1.306122449,15911,496551,0.419556507,20550.875000000,24.162036896,63,320,252.555555556,1.267047954,17,60,784,15911,496551,0
2048,32,149,32,1024,762,1.343832021,14881,464134,0.392166041,19570.687500000,23.715773909,63,316,236.206349206,1.337813319,17,51,762,14881,464134,0
2048,32,150,32,1024,821,1.247259440,15699,489277,0.413410403,19172.593750000,25.519603992,63,319,249.190476190,1.280145232,19,51,821,15699,489277,0
2048,32,151,32,1024,779,1.314505777,14979,467440,0.394959417,19385.156250000,24.113295450,63,318,237.761904762,1.337472461,18,58,779,14979,467440,0
2048,32,152,32,1024,735,1.393197279,14526,453218,0.382942661,20136.625000000,22.507148045,63,314,230.571428571,1.361833953,18,51,735,14526,453218,0
2048,32,153,32,1024,783,1.307790549,15204,473892,0.400410980,19766.500000000,23.974502315,63,318,241.333333333,1.317679558,19,60,783,15204,473892,0
2048,32,154,32,1024,772,1.326424870,15408,480912,0.406342468,20048.406250000,23.987542651,63,313,244.571428571,1.279789720,18,58,772,15408,480912,0
2048,32,155,32,1024,772,1.326424870,15405,480934,0.406361057,20578.812500000,23.370347536,63,316,244.523809524,1.292307692,20,48,772,15405,480934,0
2048,32,156,32,1024,840,1.219047619,16232,505772,0.427347712,19279.562500000,26.233582842,63,317,257.650793651,1.230347462,18,51,840,16232,505772,0
2048,32,157,32,1024,720,1.422222222,14672,458228,0.387175817,21155.750000000,21.659737896,63,310,232.888888889,1.331106870,16,51,720,14672,458228,0
2048,32,158,32,1024,778,1.316195373,15141,472224,0.399001617,19562.437500000,24.139323129,63,318,240.333333333,1.323162275,16,51,778,15141,472224,0
2048,32,159,32,1024,733,1.396998636,14440,450420,0.380578514,20362.406250000,22.120175507,63,317,229.206349206,1.383033241,17,58,733,14440,450420,0
2048,32,160,32,1024,782,1.309462916,15303,477318,0.403305749,20034.406250000,23.824913703,63,318,242.904761905,1.309155068,18,51,782,15303,477318,0
2048,32,161,32,1024,755,1.356291391,14255,443782,0.374969793,18981.968750000,23.379134475,63,320,226.269841270,1.414240617,17,48,755,14255,443782,0
2048,32,162,32,1024,738,1.387533875,14485,452133,0.382025899,19930.843750000,22.685090790,63,309,229.920634921,1.343942009,17,60,738,14485,452133,0
2048,32,163,32,1024,778,1.316195373,15372,479581,0.405217851,20298.312500000,23.626643840,63,314,244.000000000,1.286885246,17,48,778,15372,479581,0
2048,32,164,32,1024,801,1.278401998,15401,480267,0.405797481,19485.906250000,24.646890621,63,317,244.460317460,1.296733978,17,60,801,15401,480267,0
2048,32,165,32,1024,735,1.393197279,15000,468393,0.395764647,20694.250000000,22.633968373,63,317,238.095238095,1.331400000,16,58,735,15000,468393,0
2048,32,166,32,1024,779,1.314505777,15696,489660,0.413734016,20501.750000000,23.883814796,63,318,249.142857143,1.276376147,16,45,779,15696,489660,0
2048,32,167,32,1024,755,1.356291391,14798,461136,0.389632907,19991.312500000,23.066819650,63,313,234.888888889,1.332544939,17,60,755,14798,461136,0
2048,32,168,32,1024,805,1.272049689,16010,499396,0.421960365,19929.500000000,25.058129908,63,318,254.126984127,1.251342911,17,48,805,16010,499396,0
2048,32,169,32,1024,726,1.410468320,14671,457998,0.386981481,20510.781250000,22.329622378,63,311,232.873015873,1.335491787,16,51,726,14671,457998,0
2048,32,170,32,1024,749,1.367156208,14753,460071,0.388733044,20057.687500000,22.937389966,63,311,234.174603175,1.328068867,17,58,749,14753,460071,0
2048,32,171,32,1024,723,1.416320885,14335,447525,0.378132409,19946.468750000,22.436302165,63,320,227.539682540,1.406348099,16,60,723,14335,447525,0
2048,32,172,32,1024,766,1.336814621,15296,477248,0.403246603,20096.968750000,23.747262880,63,318,242.793650794,1.309754184,17,60,766,15296,477248,0
2048,32,173,32,1024,781,1.311139565,15479,482593,0.407762815,20099.781250000,24.009863291,63,315,245.698412698,1.282059565,17,58,781,15479,482593,0
2048,32,174,32,1024,751,1.363515313,14819,462667,0.390926512,19915.375000000,23.231648914,63,320,235.222222222,1.360415683,16,46,751,14819,462667,0
2048,32,175,32,1024,777,1.317889318,15323,477730,0.403653865,19932.468750000,23.967427517,63,316,243.222222222,1.299223390,17,60,777,15323,477730,0
2048,32,176,32,1024,779,1.314505777,15121,471667,0.398530985,19524.156250000,24.158124631,63,317,240.015873016,1.320745982,17,60,779,15121,471667,0
2048,32,177,32,1024,765,1.338562092,14782,460979,0.389500251,19409.968750000,23.749600318,63,308,234.634920635,1.312677581,17,46,765,14782,460979,0
2048,32,178,32,1024,765,1.338562092,14969,467141,0.394706780,19851.687500000,23.531551159,63,318,237.603174603,1.338365956,18,58,765,14969,467141,0
2048,32,179,32,1024,758,1.350923483,14603,455377,0.384766889,19399.437500000,23.473721854,63,315,231.793650794,1.358967335,17,45,758,14603,455377,0
2048,32,180,32,1024,749,1.367156208,14917,465324,0.393171521,20136.375000000,23.108628043,63,316,236.777777778,1.334584702,17,48,749,14917,465324,0
2048,32,181,32,1024,780,1.312820513,15529,484375,0.409268500,20190.250000000,23.990539988,63,318,246.492063492,1.290102389,17,60,780,15529,484375,0
2048,32,182,32,1024,766,1.336814621,14974,466717,0.394348525,19431.281250000,24.018848474,63,315,237.682539683,1.325297182,17,60,766,14974,466717,0
2048,32,183,32,1024,789,1.297845374,15578,486128,0.410749683,19997.750000000,24.309134778,63,317,247.269841270,1.282000257,17,51,789,15578,486128,0
2048,32,184,32,1024,772,1.326424870,14958,466476,0.394144894,19956.812500000,23.374273823,63,322,237.428571429,1.356197353,17,51,772,14958,466476,0
2048,32,185,32,1024,780,1.312820513,15535,484871,0.409687591,20296.156250000,23.889794404,63,313,246.587301587,1.269327325,17,48,780,15535,484871,0
2048,32,186,32,1024,802,1.276807980,16090,502004,0.424163973,20314.343750000,24.711800006,63,319,255.396825397,1.249036669,17,60,802,16090,502004,0
2048,32,187,32,1024,749,1.367156208,14716,459602,0.388336767,20167.812500000,22.788886995,63,317,233.587301587,1.357094319,17,48,749,14716,459602,0
2048,32,188,32,1024,803,1.275217933,15940,497301,0.420190213,19834.343750000,25.072722661,63,319,253.015873016,1.260790464,17,58,803,15940,497301,0
2048,32,189,32,1024,805,1.272049689,16013,499733,0.422245111,20032.125000000,24.946579557,63,320,254.174603175,1.258977081,16,60,805,16013,499733,0
2048,32,190,32,1024,778,1.316195373,15480,483004,0.408110086,19898.718750000,24.273120600,63,317,245.714285714,1.290116279,16,48,778,15480,483004,0
2048,32,191,32,1024,761,1.345597898,14625,456150,0.385420029,19574.062500000,23.303798075,63,318,232.142857143,1.369846154,17,58,761,14625,456150,0
2048,32,192,32,1024,763,1.342070773,15468,482856,0.407985034,20534.812500000,23.514020398,63,318,245.523809524,1.295190070,17,58,763,15468,482856,0
2048,32,193,32,1024,776,1.319587629,15208,474641,0.401043841,19380.406250000,24.490766286,63,315,241.396825397,1.304905313,19,58,776,15208,474641,0
2048,32,194,32,1024,766,1.336814621,14980,467062,0.394640030,20074.000000000,23.267012055,63,315,237.777777778,1.324766355,17,46,766,14980,467062,0
2048,32,195,32,1024,734,1.395095368,13977,435829,0.368249974,18976.562500000,22.966699053,63,318,221.857142857,1.433354797,18,51,734,13977,435829,0
2048,32,196,32,1024,793,1.291298865,15225,474716,0.401107211,19380.468750000,24.494557181,63,319,241.666666667,1.320000000,18,58,793,15225,474716,0
2048,32,197,32,1024,785,1.304458599,15379,479816,0.405416412,19790.406250000,24.244878753,63,316,244.111111111,1.294492490,17,60,785,15379,479816,0
2048,32,198,32,1024,748,1.368983957,14782,461335,0.389801050,20055.000000000,23.003490401,63,313,234.634920635,1.333987282,16,51,748,14782,461335,0
2048,32,199,32,1024,768,1.333333333,14989,467529,0.395034617,19706.625000000,23.724458145,63,317,237.920634921,1.332377077,17,58,768,14989,467529,0
2048,32,200,32,1024,780,1.312820513,15283,476923,0.402971997,19838.375000000,24.040426698,63,314,242.587301587,1.294379376,18,51,780,15283,476923,0
2048,32,201,32,1024,776,1.319587629,15342,478888,0.404632307,20276.281250000,23.618137571,63,310,243.523809524,1.272976144,16,48,776,15342,478888,0
2048,32,202,32,1024,750,1.365333333,14404,449019,0.379394752,19391.250000000,23.155753239,63,314,228.634920635,1.373368509,17,58,750,14404,449019,0
2048,32,203,32,1024,779,1.314505777,15029,468773,0.396085724,19817.281250000,23.654758394,63,313,238.555555556,1.312063344,17,58,779,15029,468773,0
2048,32,204,32,1024,723,1.416320885,14128,441178,0.372769566,19470.000000000,22.659373395,63,320,224.253968254,1.426953567,16,58,723,14128,441178,0
2048,32,205,32,1024,738,1.387533875,14224,443541,0.374766162,19596.218750000,22.634009431,63,316,225.777777778,1.399606299,17,48,738,14224,443541,0
2048,32,206,32,1024,763,1.342070773,14545,453535,0.383210507,19177.406250000,23.649444252,63,320,230.873015873,1.386043314,18,51,763,14545,453535,0
2048,32,207,32,1024,739,1.385656292,14423,449945,0.380177167,20099.281250000,22.386123882,63,319,228.936507937,1.393399431,16,51,739,14423,449945,0
2048,32,208,32,1024,774,1.322997416,15473,482467,0.407656352,20323.500000000,23.739365759,63,318,245.603174603,1.294771538,17,58,774,15473,482467,0
2048,32,209,32,1024,810,1.264197531,16170,504558,0.426321953,20018.531250000,25.204546412,63,318,256.666666667,1.238961039,17,60,810,16170,504558,0
2048,32,210,32,1024,763,1.342070773,15309,478045,0.403920021,20256.437500000,23.599658133,63,318,243.000000000,1.308641975,17,60,763,15309,478045,0
2048,32,211,32,1024,781,1.311139565,15273,476313,0.402456583,19802.843750000,24.052757574,63,317,242.428571429,1.307601650,17,48,781,15273,476313,0
2048,32,212,32,1024,757,1.352708058,15116,471260,0.398187094,20423.218750000,23.074717348,63,319,239.936507937,1.329518391,17,45,757,15116,471260,0
2048,32,213,32,1024,735,1.393197279,14003,436449,0.368773838,19467.937500000,22.418861782,63,317,222.269841270,1.426194387,17,48,735,14003,436449,0
2048,32,214,32,1024,758,1.350923483,14712,458911,0.387752912,19866.937500000,23.099232078,63,314,233.523809524,1.344616639,18,48,758,14712,458911,0
2048,32,215,32,1024,752,1.361702128,15115,471739,0.398591821,20400.562500000,23.123823179,63,310,239.920634921,1.292093946,17,48,752,15115,471739,0
2048,32,216,32,1024,698,1.467048711,13879,433193,0.366022709,20697.562500000,20.929662611,63,317,220.301587302,1.438936523,15,48,698,13879,433193,0
2048,32,217,32,1024,761,1.345597898,15192,473937,0.400449002,20258.906250000,23.394007265,63,315,241.142857143,1.306279621,17,60,761,15192,473937,0
2048,32,218,32,1024,740,1.383783784,14333,446957,0.377652482,20080.031250000,22.258780100,63,317,227.507936508,1.393357985,17,48,740,14333,446957,0
2048,32,219,32,1024,758,1.350923483,14725,458968,0.387801074,19709.625000000,23.286490737,63,317,233.730158730,1.356264856,18,51,758,14725,458968,0
2048,32,220,32,1024,772,1.326424870,15441,481439,0.406787752,20333.125000000,23.677570467,63,317,245.095238095,1.293374781,17,51,772,15441,481439,0
2048,32,221,32,1024,790,1.296202532,14920,464788,0.392718633,18765.406250000,24.768342012,63,318,236.825396825,1.342761394,18,58,790,14920,464788,0
2048,32,222,32,1024,739,1.385656292,14438,450130,0.380333481,19825.218750000,22.704919712,63,315,229.174603175,1.374497853,17,58,739,14438,450130,0
2048,32,223,32,1024,790,1.296202532,15368,479382,0.405049708,19542.656250000,24.530032861,63,315,243.936507937,1.291319625,18,60,790,15368,479382,0
2048,32,224,32,1024,755,1.356291391,14933,466097,0.393824661,19887.187500000,23.437049608,63,314,237.031746032,1.324717070,17,60,755,14933,466097,0
2048,32,225,32,1024,759,1.349143610,14633,456298,0.385545080,19534.312500000,23.358794941,63,318,232.269841270,1.369097246,17,48,759,14633,456298,0
2048,32,226,32,1024,760,1.347368421,14686,457789,0.386804888,19536.187500000,23.432872970,63,320,233.111111111,1.372735939,17,58,760,14686,457789,0
2048,32,227,32,1024,777,1.317889318,15332,478369,0.404193782,19671.812500000,24.317484726,63,313,243.365079365,1.286133577,17,58,777,15332,478369,0
2048,32,228,32,1024,809,1.265760198,15539,484356,0.409252447,19551.375000000,24.773500585,63,319,246.650793651,1.293326469,18,58,809,15539,484356,0
2048,32,229,32,1024,748,1.368983957,14666,457628,0.386668852,20248.656250000,22.600413299,63,313,232.793650794,1.344538388,19,60,748,14666,457628,0
2048,32,230,32,1024,761,1.345597898,14885,464413,0.392401780,19428.937500000,23.903159913,63,321,236.269841270,1.358616056,18,48,761,14885,464413,0
2048,32,231,32,1024,771,1.328145266,15480,483122,0.408209789,20405.812500000,23.675705145,63,316,245.714285714,1.286046512,17,60,771,15480,483122,0
2048,32,232,32,1024,764,1.340314136,15238,475226,0.401538131,20109.750000000,23.631621477,63,321,241.873015873,1.327142670,17,60,764,15238,475226,0
2048,32,233,32,1024,766,1.336814621,15098,471021,0.397985153,19748.343750000,23.851164734,63,317,239.650793651,1.322757981,16,60,766,15098,471021,0
2048,32,234,32,1024,799,1.281602003,15607,486808,0.411324243,19472.500000000,24.999768905,63,312,247.730158730,1.259434869,18,51,799,15607,486808,0
2048,32,235,32,1024,781,1.311139565,15518,483939,0.408900106,20277.343750000,23.865995762,63,317,246.317460317,1.286957082,17,51,781,15518,483939,0
2048,32,236,32,1024,781,1.311139565,15082,470235,0.397321029,19312.375000000,24.348895462,63,317,239.396825397,1.324161252,18,51,781,15082,470235,0
2048,32,237,32,1024,776,1.319587629,14873,463888,0.391958186,19643.875000000,23.614892683,63,318,236.079365079,1.347004639,17,60,776,14873,463888,0
2048,32,238,32,1024,764,1.340314136,14819,462056,0.390410253,19818.781250000,23.314047124,63,312,235.222222222,1.326405291,16,43,764,14819,462056,0
2048,32,239,32,1024,779,1.314505777,14499,451541,0.381525694,18715.875000000,24.126096162,63,322,230.142857143,1.399130975,18,48,779,14499,451541,0
2048,32,240,32,1024,745,1.374496644,14774,460866,0.389404773,20206.031250000,22.808338476,63,307,234.507936508,1.309124137,17,60,745,14774,460866,0
2048,32,241,32,1024,791,1.294563843,15321,477842,0.403748498,19560.031250000,24.429511072,63,318,243.190476190,1.307616996,17,51,791,15321,477842,0
2048,32,242,32,1024,788,1.299492386,15424,481215,0.406598486,19592.156250000,24.561615060,63,316,244.825396825,1.290715768,17,51,788,15424,481215,0
2048,32,243,32,1024,780,1.312820513,15149,472460,0.399201023,19311.000000000,24.465848480,63,318,240.460317460,1.322463529,17,58,780,15149,472460,0
2048,32,244,32,1024,751,1.363515313,15317,478122,0.403985082,20917.812500000,22.857170175,63,313,243.126984127,1.287393093,16,58,751,15317,478122,0
2048,32,245,32,1024,749,1.367156208,14678,457718,0.386744897,19840.656250000,23.069700630,63,316,232.984126984,1.356315574,17,51,749,14678,457718,0
2048,32,246,32,1024,755,1.356291391,15043,469541,0.396734639,20390.281250000,23.027686290,63,309,238.777777778,1.294090275,17,48,755,15043,469541,0
2048,32,247,32,1024,785,1.304458599,15518,484102,0.409037831,20230.281250000,23.929573396,63,316,246.317460317,1.282897281,17,51,785,15518,484102,0
2048,32,248,32,1024,754,1.358090186,14847,463181,0.391360812,19875.593750000,23.304008214,63,310,235.666666667,1.315417256,17,60,754,14847,463181,0
2048,32,249,32,1024,701,1.460770328,13577,423053,0.357455003,20476.937500000,20.659974178,63,280,215.507936508,1.299256095,15,42,701,13577,423053,0
2048,32,250,32,1024,773,1.324708926,15313,477626,0.403565991,20123.500000000,23.734737993,63,315,243.063492063,1.295957683,17,60,773,15313,477626,0
2048,32,251,32,1024,829,1.235223160,15932,496836,0.419797315,19433.968750000,25.565339041,63,319,252.888888889,1.261423550,17,60,829,15932,496836,0
2048,32,252,32,1024,770,1.329870130,14387,448268,0.378760201,18746.500000000,23.912090257,63,315,228.365079365,1.379370265,19,60,770,14387,448268,0
2048,32,253,32,1024,784,1.306122449,15928,497232,0.420131912,20655.468750000,24.072656303,63,319,252.825396825,1.261740331,16,48,784,15928,497232,0
2048,32,254,32,1024,752,1.361702128,14400,448691,0.379117611,19235.937500000,23.325663228,63,317,228.571428571,1.386875000,16,58,752,14400,448691,0
2048,32,255,32,1024,749,1.367156208,15157,473470,0.400054414,20639.156250000,22.940375772,63,305,240.587301587,1.267731081,16,60,749,15157,473470,0
2048,32,256,32,1024,754,1.358090186,14769,460423,0.389030464,19976.000000000,23.048808570,63,309,234.428571429,1.318098720,16,48,754,14769,460423,0
2048,32,257,32,1024,749,1.367156208,14597,455506,0.384875887,19667.093750000,23.160819071,63,318,231.698412698,1.372473796,17,60,749,14597,455506,0
2048,32,258,32,1024,796,1.286432161,15691,489368,0.413487293,19989.250000000,24.481558838,63,318,249.063492063,1.276782869,16,51,796,15691,489368,0
2048,32,259,32,1024,776,1.319587629,14935,465290,0.393142793,19293.468750000,24.116451325,63,315,237.063492063,1.328757951,17,58,776,14935,465290,0
2048,32,260,32,1024,781,1.311139565,15253,475602,0.401855829,19659.531250000,24.191929805,63,316,242.111111111,1.305185865,17,46,781,15253,475602,0
2048,32,261,32,1024,824,1.242718447,15696,489225,0.413366466,19128.031250000,25.576338391,63,317,249.142857143,1.272362385,19,45,824,15696,489225,0
2048,32,262,32,1024,813,1.259532595,16048,500957,0.423279319,19778.281250000,25.328641739,63,319,254.730158730,1.252305583,17,60,813,16048,500957,0
2048,32,263,32,1024,758,1.350923483,15108,471477,0.398370446,20467.843750000,23.035010710,63,316,239.809523810,1.317712470,16,48,758,15108,471477,0
2048,32,264,32,1024,776,1.319587629,14796,461156,0.389649806,19266.000000000,23.936260770,63,317,234.857142857,1.349756691,16,48,776,14796,461156,0
2048,32,265,32,1024,776,1.319587629,15619,487484,0.411895423,20557.750000000,23.712906325,63,320,247.920634921,1.290735642,18,60,776,15619,487484,0
2048,32,266,32,1024,761,1.345597898,14397,448520,0.378973126,19005.312500000,23.599717184,63,317,228.523809524,1.387163992,17,58,761,14397,448520,0
2048,32,267,32,1024,753,1.359893758,15261,476192,0.402354345,20506.468750000,23.221550517,63,322,242.238095238,1.329270690,18,60,753,15261,476192,0
2048,32,268,32,1024,756,1.354497354,14627,456068,0.385350744,19822.406250000,23.007701197,63,317,232.174603175,1.365351747,17,58,756,14627,456068,0
2048,32,269,32,1024,810,1.264197531,15481,482776,0.407917439,19520.531250000,24.731703959,63,318,245.730158730,1.294102448,17,51,810,15481,482776,0
2048,32,270,32,1024,794,1.289672544,15520,484148,0.409076699,19779.281250000,24.477532519,63,318,246.349206349,1.290850515,17,58,794,15520,484148,0
2048,32,271,32,1024,766,1.336814621,14577,454607,0.384116284,19017.656250000,23.904470352,63,318,231.380952381,1.374356864,16,51,766,14577,454607,0
2048,32,272,32,1024,737,1.389416554,14566,454596,0.384106990,20631.531250000,22.034040736,63,318,231.206349206,1.375394755,17,60,737,14566,454596,0
2048,32,273,32,1024,734,1.395095368,14956,467169,0.394730438,21088.468750000,22.152817520,63,319,237.396825397,1.343741642,17,60,734,14956,467169,0
2048,32,274,32,1024,789,1.297845374,15350,478576,0.404368685,19638.343750000,24.369468530,63,316,243.650793651,1.296938111,17,60,789,15350,478576,0
2048,32,275,32,1024,783,1.307790549,15499,483712,0.408708304,19974.593750000,24.216362348,63,319,246.015873016,1.296664301,18,58,783,15499,483712,0
2048,32,276,32,1024,749,1.367156208,14648,456566,0.385771524,19917.187500000,22.923216443,63,311,232.507936508,1.337588749,17,58,749,14648,456566,0
2048,32,277,32,1024,768,1.333333333,15132,472340,0.399099630,19976.406250000,23.644893585,63,320,240.190476190,1.332275971,17,60,768,15132,472340,0
2048,32,278,32,1024,824,1.242718447,16410,512047,0.432649719,20104.156250000,25.469708534,63,315,260.476190476,1.209323583,17,58,824,16410,512047,0
2048,32,279,32,1024,725,1.412413793,14428,450079,0.380290389,20440.531250000,22.018948260,63,306,229.015873016,1.336151927,16,60,725,14428,450079,0
2048,32,280,32,1024,818,1.251833741,15868,495171,0.418390488,19592.656250000,25.273295958,63,318,251.873015873,1.262540963,18,44,818,15868,495171,0
2048,32,281,32,1024,766,1.336814621,15074,469947,0.397077686,19794.718750000,23.741029410,63,317,239.269841270,1.324864004,19,58,766,15074,469947,0
2048,32,282,32,1024,751,1.363515313,14629,456155,0.385424254,19755.156250000,23.090427341,63,319,232.206349206,1.373778112,16,58,751,14629,456155,0
2048,32,283,32,1024,752,1.361702128,14218,443014,0.374320878,18705.562500000,23.683543331,63,318,225.682539683,1.409058939,16,58,752,14218,443014,0
2048,32,284,32,1024,783,1.307790549,15339,478734,0.404502186,20127.437500000,23.785144035,63,315,243.476190476,1.293761001,20,48,783,15339,478734,0
2048,32,285,32,1024,779,1.314505777,14995,467571,0.395070105,19658.250000000,23.784975774,63,317,238.015873016,1.331843948,16,51,779,14995,467571,0
2048,32,286,32,1024,798,1.283208020,15453,482010,0.407270214,19507.468750000,24.708997676,63,320,245.285714286,1.304601048,17,51,798,15453,482010,0
2048,32,287,32,1024,777,1.317889318,15340,478353,0.404180263,19906.375000000,24.030141098,63,317,243.492063492,1.301890482,18,60,777,15340,478353,0
2048,32,288,32,1024,761,1.345597898,14889,464086,0.392125484,20085.218750000,23.105847428,63,318,236.333333333,1.345557123,17,58,761,14889,464086,0
2048,32,289,32,1024,808,1.267326733,15928,497008,0.419942645,19995.000000000,24.856614154,63,318,252.825396825,1.257785033,16,48,808,15928,497008,0
2048,32,290,32,1024,786,1.302798982,15982,498717,0.421386650,20507.187500000,24.319132012,63,316,253.682539683,1.245651358,18,58,786,15982,498717,0
2048,32,291,32,1024,810,1.264197531,16089,502190,0.424321132,19938.437500000,25.187028823,63,315,255.380952381,1.233451426,16,51,810,16089,502190,0
2048,32,292,32,1024,797,1.284818068,15858,494755,0.418038992,20242.781250000,24.441058464,63,319,251.714285714,1.267309875,17,60,797,15858,494755,0
2048,32,293,32,1024,756,1.354497354,14853,463124,0.391312650,20095.500000000,23.046154612,63,316,235.761904762,1.340335286,17,60,756,14853,463124,0
2048,32,294,32,1024,770,1.329870130,15148,472701,0.399404654,19908.750000000,23.743379167,63,311,240.444444444,1.293438078,17,58,770,15148,472701,0
2048,32,295,32,1024,774,1.322997416,15130,472093,0.398890930,19801.031250000,23.841839046,63,317,240.158730159,1.319960344,18,58,774,15130,472093,0
2048,32,296,32,1024,748,1.368983957,14450,450797,0.380897057,19736.375000000,22.840921902,63,314,229.365079365,1.368996540,16,51,748,14450,450797,0
2048,32,297,32,1024,717,1.428172943,14470,451481,0.381474997,20870.937500000,21.632042164,63,310,229.682539683,1.349689012,16,48,717,14470,451481,0
2048,32,298,32,1024,751,1.363515313,14513,452500,0.382335993,19788.281250000,22.867069367,63,320,230.365079365,1.389099428,16,60,751,14513,452500,0
2048,32,299,32,1024,779,1.314505777,14771,460281,0.388910482,19189.562500000,23.986008019,63,316,234.460317460,1.347776048,16,45,779,14771,460281,0
2048,32,300,32,1024,745,1.374496644,14670,457541,0.386595342,20375.031250000,22.455965558,63,316,232.857142857,1.357055215,17,51,745,14670,457541,0
2048,32,301,32,1024,764,1.340314136,15250,475734,0.401967362,20221.750000000,23.525857060,63,317,242.063492063,1.309573770,18,58,764,15250,475734,0
2048,32,302,32,1024,755,1.356291391,14994,467773,0.395240783,20212.875000000,23.142328837,63,315,238.000000000,1.323529412,18,58,755,14994,467773,0
2048,32,303,32,1024,779,1.314505777,14963,466598,0.394247977,19784.531250000,23.583980540,63,313,237.507936508,1.317850698,16,51,779,14963,466598,0
2048,32,304,32,1024,827,1.238210399,15865,494490,0.417815083,19559.062500000,25.281886593,63,318,251.825396825,1.262779704,17,60,827,15865,494490,0
2048,32,305,32,1024,782,1.309462916,15539,484945,0.409750117,20300.500000000,23.888327874,63,317,246.650793651,1.285217839,16,46,782,15539,484945,0
2048,32,306,32,1024,793,1.291298865,15367,479259,0.404945780,19735.062500000,24.284645666,63,317,243.920634921,1.299603045,18,58,793,15367,479259,0
2048,32,307,32,1024,754,1.358090186,14537,453431,0.383122633,19504.750000000,23.247209013,63,311,230.746031746,1.347802160,17,48,754,14537,453431,0
2048,32,308,32,1024,758,1.350923483,15033,468953,0.396237814,20215.406250000,23.197802419,63,319,238.619047619,1.336858910,18,48,758,15033,468953,0
2048,32,309,32,1024,763,1.342070773,15038,469321,0.396548752,19842.468750000,23.652349207,63,318,238.698412698,1.332225030,17,60,763,15038,469321,0
2048,32,310,32,1024,816,1.254901961,15729,490308,0.414281538,19401.500000000,25.271654254,63,316,249.666666667,1.265687583,17,46,816,15729,490308,0
2048,32,311,32,1024,824,1.242718447,15614,486487,0.411053017,18940.375000000,25.685183108,63,316,247.841269841,1.275009607,18,58,824,15614,486487,0
2048,32,312,16,512,460,1.113043478,9257,288848,0.244059639,20065.125000000,14.395524573,63,277,154.142857143,1.797034291,14,60,486,9711,303055,512
